Date,Rate_1Y,Rate_5Y,Rate_10Y,VIX_Close,Open,High,Low,Close,Volume,Dividends,JPM_Daily_Return,JPM_Volatility_20D,Dividend_Growth,JPM_MA5,JPM_MA20,Volume_Change,Rate_10Y_Momentum_5D,Spread_10Y_1Y,Spread_10Y_5Y,Spread_5Y_1Y,VIX_Daily_Change,VIX_MA20,VIX_JPM_Correlation_20D,vix_sentiment,news_sentiment,comprehensive_market_sentiment
2018-01-31,1.9,2.52,2.72,13.539999961853027,92.09309291924656,92.89736632480891,91.7029033973877,92.10901641845705,13141400.0,0.0,0.004865137104361317,0.11071400860856541,0.0,92.21252746582032,89.62174034118652,-0.07967588993704089,0.026415094339622858,0.8200000000000003,0.20000000000000018,0.6200000000000001,-0.08451656546477693,11.127000045776366,0.7892296751222745,0.8319938582350126,0.5,0.6327975432940051
2018-02-01,1.89,2.56,2.78,13.470000267028809,92.18863855566912,93.16013596289145,91.95771442148872,93.06458282470705,13800600.0,0.0,0.010374298232746382,0.11262451794780447,0.0,92.39886474609376,89.99481163024902,0.05016208318748383,0.057034220532319324,0.8899999999999999,0.21999999999999975,0.6700000000000002,-0.005169844536294876,11.343000078201294,0.7905539056731123,0.8346727597685925,0.5,0.633869103907437
2018-02-02,1.88,2.58,2.84,17.309999465942383,92.76199287554188,93.10440583782768,90.8508509017458,91.0021514892578,16477300.0,0.0,-0.022161291361870394,0.14024676298105754,0.0,92.0739730834961,90.20344543457031,0.19395533527527786,0.06766917293233066,0.96,0.2599999999999998,0.7000000000000002,0.2850778858789582,11.747500038146972,0.6364141247156206,0.6877152656145469,0.5,0.5750861062458188
2018-02-05,1.85,2.5,2.77,23.644999504089355,89.9828757964057,91.249003610469,82.80017457855577,86.63838195800781,18277633.333333332,0.0,-0.04795237760686455,0.22606612979590318,0.0,90.89543914794922,90.22176132202148,0.10926142834890018,0.025925925925925908,0.9199999999999999,0.27,0.6499999999999999,0.36597343926042036,12.46875,-0.0067980764000189105,0.4452736184039805,0.5,0.4781094473615922
2018-02-06,1.87,2.52,2.79,29.979999542236328,85.08557713672164,89.56879867698851,84.89446476384353,89.27416229248047,20077966.666666668,0.0,0.030422778852797316,0.2501176556342699,0.0,90.41765899658203,90.36549644470215,0.09849925865675546,0.0219780219780219,0.9199999999999999,0.27,0.6499999999999999,0.2679213436672454,13.491749954223632,-0.17389534695760098,0.20283197119341412,0.5,0.38113278847736565
2018-02-07,1.91,2.57,2.84,27.729999542236328,88.8282292458771,91.13751939021743,88.50970458189313,89.87935638427734,21878300.0,0.0,0.00677905091748876,0.2504912663881717,0.0,89.97172698974609,90.51759185791016,0.08966711436583052,0.04411764705882337,0.9299999999999999,0.27,0.6599999999999999,-0.07505003450150693,14.374249935150146,-0.2768771667492308,0.2889398958878131,0.5,0.41557595835512523
2018-02-08,1.91,2.57,2.85,33.459999084472656,90.07045798875075,90.07045798875075,85.8739086486229,85.90576171875,20599966.666666668,0.0,-0.04421031508657358,0.2962107830882497,0.0,88.53996276855469,90.42322845458985,-0.05842928076373999,0.02517985611510798,0.9400000000000002,0.28000000000000025,0.6599999999999999,0.20663539981343337,15.556249904632569,-0.579993643110649,0.0696517318514458,0.5,0.32786069274057833
2018-02-09,1.89,2.52,2.83,29.059999465942383,86.8772539126711,88.43005909316247,84.59185246435514,87.62578582763672,19321633.333333332,0.0,0.02002222056441294,0.30478267926637853,0.0,87.86468963623047,90.39137496948243,-0.06205511659403995,-0.0035211267605632646,0.9400000000000002,0.31000000000000005,0.6300000000000001,-0.1315002910616373,16.51524987220764,-0.7061447383319189,0.2380405477660188,0.5,0.39521621910640753
2018-02-12,1.93,2.56,2.86,25.61000061035156,88.52562703873551,89.76787260610946,87.64968877960882,88.97952270507812,18043300.0,0.0,0.015449069753328715,0.30403413710784394,0.0,88.33291778564453,90.35434646606446,-0.06616072830281772,0.032490974729241895,0.9299999999999999,0.2999999999999998,0.6300000000000001,-0.11871985268389762,17.287749910354613,-0.74626492092213,0.3700726551673419,0.5,0.4480290620669367
2018-02-13,1.95,2.54,2.83,24.96999931335449,88.64508095951635,90.02269763267506,88.23100312400013,89.52898406982422,16358200.0,0.0,0.006175143988659926,0.30458796834055635,0.0,88.38388214111328,90.3607177734375,-0.09339200700537043,0.014336917562723928,0.8800000000000001,0.29000000000000004,0.5900000000000001,-0.024990288236790614,17.953249883651733,-0.7815466788848493,0.394565625605627,0.5,0.4578262502422508
2018-02-14,1.98,2.65,2.91,19.26000022888184,89.68823110096388,91.79048521744444,89.60860145987868,91.59937286376952,15186900.0,0.0,0.023125346673548597,0.3146834121315249,0.0,88.72788543701171,90.44194145202637,-0.07160323262950696,0.02464788732394374,0.9300000000000002,0.26000000000000023,0.6699999999999999,-0.22867437891433262,18.32074990272522,-0.7925439665419275,0.6130883683482307,0.5,0.5452353473392922
2018-02-15,1.99,2.65,2.9,19.1299991607666,92.16473781132449,92.36381492276485,90.95435164692176,91.9815902709961,12130200.0,0.0,0.004172707686492805,0.3148450884885194,0.0,89.94305114746093,90.53152465820312,-0.20127214902317125,0.01754385964912264,0.9099999999999999,0.25,0.6599999999999999,-0.006749795772083678,18.66624984741211,-0.7987898623502073,0.6180635337631011,0.5,0.5472254135052405
2018-02-16,2.0,2.63,2.87,19.459999084472656,91.21715315000046,92.4275395566724,91.17733528960198,91.32067108154295,13214300.0,0.0,-0.0071853420614488295,0.3160476622865303,0.0,90.6820281982422,90.59801597595215,0.08937198067632846,0.014134275618374659,0.8700000000000001,0.2400000000000002,0.6299999999999999,0.017250388822956486,19.075749778747557,-0.8336558385946428,0.6054343743943729,0.5,0.5421737497577491
2018-02-20,2.01,2.65,2.88,20.600000381469727,91.29676689315691,91.8860334572289,90.75527689295927,91.34454345703124,13461500.0,0.0,0.00026141261562750984,0.31348252284703026,0.0,91.15503234863282,90.6131462097168,0.01870700680323578,0.006993006993007089,0.8700000000000001,0.22999999999999998,0.6400000000000001,0.058581775469182196,19.554249811172486,-0.8439367761756267,0.5618063095795547,0.5,0.5247225238318218
2018-02-21,2.03,2.69,2.94,20.020000457763672,91.57549080074796,93.52644447897067,91.31270749949596,91.72679138183594,14212500.0,0.0,0.004184682634978731,0.31372224173799235,0.0,91.59459381103515,90.6521656036377,0.055788730824945176,0.03886925795053009,0.9100000000000001,0.25,0.6600000000000001,-0.02815533558085659,20.000249814987182,-0.8621416575896519,0.5840030161365495,0.5,0.5336012064546198
2018-02-22,2.02,2.66,2.92,18.71999931335449,91.97363280530732,92.71419996181866,91.38436620964454,91.55955505371094,17070400.0,0.0,-0.0018232004587278583,0.3104759680631737,0.0,91.58663024902344,90.62469253540038,0.20108355321020221,0.0034364261168384758,0.8999999999999999,0.2599999999999998,0.6400000000000001,-0.06493512061359863,20.362749767303466,-0.8627870355632339,0.6337543053122909,0.5,0.5535017221249163
2018-02-23,2.02,2.62,2.88,16.489999771118164,91.82235301934446,93.47867655117815,91.82235301934446,93.41497039794922,12162500.0,0.0,0.02026457362259837,0.3188047624783086,0.0,91.87330627441406,90.68879623413086,-0.2875093729496673,-0.006896551724137945,0.8599999999999999,0.2599999999999998,0.6000000000000001,-0.11912391154018287,20.608249759674074,-0.8610434393387534,0.7190968087129264,0.5,0.5876387234851705
2018-02-26,2.03,2.6,2.86,15.800000190734863,94.07591859909182,94.6811149718067,93.42294564378366,94.5775909423828,16511200.0,0.0,0.01244576259544683,0.32110786040059136,0.0,92.52469024658203,90.78634529113769,0.3575498458376156,-0.0034843205574913716,0.8300000000000001,0.2599999999999998,0.5700000000000003,-0.04184351667437969,20.844249773025513,-0.8523079058304412,0.7455032228937318,0.5,0.5982012891574927
2018-02-27,2.08,2.67,2.9,18.59000015258789,94.68904591537374,95.02349402469044,93.44680053378762,93.45476531982422,17563300.0,0.0,-0.011872004894294741,0.32441349103585276,0.0,92.94673461914063,90.8325309753418,0.06372038373952216,0.00694444444444442,0.8199999999999998,0.22999999999999998,0.5899999999999999,0.17658227393497672,21.081749773025514,-0.8404316403729097,0.638729397732569,0.5,0.5554917590930276
2018-02-28,2.07,2.65,2.87,19.850000381469727,93.82106052818496,94.35458572700698,91.84621291603383,91.97362518310548,17735600.0,0.0,-0.01584873849556978,0.3278726889460996,0.0,92.99610137939453,90.84805908203126,0.009810229284929362,-0.023809523809523725,0.8000000000000003,0.2200000000000002,0.5800000000000001,0.06777838722644836,21.33474979400635,-0.8501590667666912,0.5905089511443544,0.5,0.5362035804577417
2018-03-01,2.05,2.58,2.81,22.46999931335449,91.95772196376608,92.8814368023062,89.70416711468361,90.32528686523438,18690000.0,0.0,-0.017921858734931018,0.3336593975437848,0.0,92.74924774169922,90.75887260437011,0.05381267056090566,-0.03767123287671226,0.7600000000000002,0.22999999999999998,0.5300000000000002,0.13198986808738655,21.78124976158142,-0.8629088141101328,0.4902410974882927,0.5,0.4960964389953171
2018-03-02,2.06,2.63,2.86,19.59000015258789,89.49712651706656,90.4288061568876,88.4858172292472,90.2376937866211,18353700.0,0.0,-0.0009697514577946542,0.3310560272119614,0.0,92.1137924194336,90.61752815246582,-0.017993579454253616,-0.00694444444444442,0.7999999999999998,0.22999999999999998,0.5699999999999998,-0.12817086109366016,22.087249755859375,-0.8472407378658339,0.6004592089795027,0.5,0.540183683591801
2018-03-05,2.06,2.65,2.88,18.729999542236328,89.22639097864925,92.31606650297424,89.09897867231676,91.62327575683594,13933000.0,0.0,0.0153548025450565,0.32650207559565864,0.0,91.52292938232422,90.64858436584473,-0.24086151566169223,0.006993006993007089,0.8199999999999998,0.22999999999999998,0.5899999999999999,-0.04389997976788962,22.15824975967407,-0.8622272091709887,0.6333715946654092,0.5,0.5533486378661636
2018-03-06,2.06,2.65,2.88,18.36000061035156,92.08512848359544,92.22846427844745,91.03400134646512,91.7029037475586,10674400.0,0.0,0.0008690803735722508,0.2717188527337712,0.0,91.1725570678711,90.90181045532226,-0.2338764085265198,-0.006896551724137945,0.8199999999999998,0.22999999999999998,0.5899999999999999,-0.01975434815416932,21.893999814987183,-0.9193286643077913,0.6475315236270722,0.5,0.5590126094508289
2018-03-07,2.05,2.65,2.89,17.760000228881836,90.58010378583008,91.65511918711888,90.0704667648435,91.36048889160156,13006500.0,0.0,-0.003733958707563212,0.25233125892780617,0.0,91.04992980957032,91.00612678527833,0.2184759799145619,0.006968641114982521,0.8400000000000003,0.2400000000000002,0.6000000000000001,-0.032679758252918356,21.28299984931946,-0.9262763299601278,0.6704936514778301,0.5,0.5681974605911321
2018-03-08,2.05,2.63,2.86,16.540000915527344,91.66310567891722,91.7586649212366,90.15011775664036,91.36846923828124,11173700.0,0.0,8.735008729154892e-05,0.25151266013205203,0.0,91.2585662841797,91.08058242797851,-0.1409141583054626,0.017793594306049654,0.81,0.22999999999999998,0.5800000000000001,-0.06869365414593254,20.723499917984007,-0.9268317181283077,0.7171832554785178,0.5,0.5868733021914071
2018-03-09,2.03,2.65,2.9,14.640000343322754,92.80975602991374,94.02810703561512,92.10900067735751,93.99625396728516,15366600.0,0.0,0.028760301566953972,0.20724526357800496,0.0,92.0102783203125,91.48510704040527,0.3752472323402274,0.013986013986013957,0.8700000000000001,0.25,0.6200000000000001,-0.114873063303214,19.782499980926513,-0.893605390778591,0.7898966360077213,0.5,0.6159586544030886
2018-03-12,2.05,2.64,2.87,15.779999732971191,93.96440653479732,94.56163793226423,93.3671751373304,93.69366455078124,12339300.0,0.0,-0.0032191646340420377,0.2006068054672643,0.0,92.42435607910156,91.7885009765625,-0.19700519308109798,-0.003472222222222099,0.8200000000000003,0.22999999999999998,0.5900000000000003,0.07786880894223391,19.118499994277954,-0.8569567412384718,0.7462686441874953,0.5,0.5985074576749981
2018-03-13,2.03,2.62,2.84,16.350000381469727,94.12367645405756,94.33868318365546,92.23642891287923,92.57087707519533,13312300.0,0.0,-0.011983600822629392,0.2024308370728113,0.0,92.5979507446289,91.96806869506835,0.07885374372938503,-0.01388888888888895,0.81,0.21999999999999975,0.5900000000000003,0.03612171471128467,18.655499982833863,-0.814690367246682,0.7244546117800862,0.5,0.5897818447120344
2018-03-14,2.05,2.61,2.81,17.229999542236328,92.81772469935316,92.84161298432583,91.256960635832,91.5356674194336,12905100.0,0.0,-0.011182886977735285,0.207071349531804,0.0,92.63298645019532,92.06840286254882,-0.03058825296905865,-0.02768166089965396,0.7600000000000002,0.20000000000000018,0.56,0.05382257738439855,18.268499994277953,-0.744000822931687,0.6907768777950085,0.5,0.5763107511180035
2018-03-15,2.07,2.62,2.82,16.59000015258789,92.268295212024,92.37181316033508,91.44013339947514,91.76661682128906,8748000.0,0.0,0.002523053672588871,0.1903642380285494,0.0,92.71261596679688,92.0767650604248,-0.32212846084106284,-0.013986013986013957,0.75,0.19999999999999973,0.5500000000000003,-0.03714448094322875,18.134999990463257,-0.7153183811374327,0.7152697752387014,0.5,0.5861079100954806
2018-03-16,2.08,2.65,2.85,15.800000190734863,91.84622183161962,92.84957226847514,91.84622183161962,91.92585754394533,19888900.0,0.0,0.0017352794313685305,0.1898786470135421,0.0,92.29853668212891,92.07397842407227,1.2735368084133518,-0.01724137931034475,0.77,0.20000000000000018,0.5699999999999998,-0.0476190448816719,17.96850004196167,-0.6867238322636039,0.7455032228937318,0.5,0.5982012891574927
2018-03-19,2.08,2.65,2.85,19.020000457763672,91.65510561643868,91.93381237175088,90.2217539853967,91.20121002197266,13214900.0,0.0,-0.007882956344750447,0.1902463885756222,0.0,91.8000457763672,92.06800537109375,-0.3355640583441015,-0.006968641114982632,0.77,0.20000000000000018,0.5699999999999998,0.20379748279477994,17.94650011062622,-0.6847674337362729,0.6222732048896157,0.5,0.5489092819558463
2018-03-20,2.08,2.69,2.89,18.200000762939453,91.47197201241885,91.93382638791375,91.13751777970194,91.288818359375,9921200.0,0.0,0.0009606049895745095,0.19027520035316384,0.0,91.54363403320312,92.06521911621094,-0.2492413866166221,0.01760563380281699,0.81,0.20000000000000018,0.6099999999999999,-0.04311249606145551,17.826500129699706,-0.6789305610569397,0.6536547479879953,0.5,0.5614618991951981
2018-03-21,2.06,2.69,2.89,17.860000610351562,91.42421061079574,92.87349237152632,90.94642654990672,91.36846923828124,13633000.0,0.0,0.0008725151703976586,0.18967998898066557,0.0,91.51019439697265,92.0473030090332,0.3741281296617345,0.028469750889679846,0.8300000000000001,0.20000000000000018,0.6299999999999999,-0.018681326282152133,17.7185001373291,-0.6843414394650867,0.6666666180036052,0.5,0.5666666472014421
2018-03-22,2.05,2.63,2.83,23.34000015258789,90.14212572065348,90.46065035675144,87.22763957743456,87.55412292480469,22550400.0,0.0,-0.04174685583851756,0.2405340436109336,0.0,90.66769561767578,91.84703140258789,0.6541040123230397,0.0035460992907803135,0.7800000000000002,0.20000000000000018,0.5800000000000001,0.30683087093850103,17.949500179290773,-0.7972157998633379,0.4569460011555043,0.5,0.4827784004622017
2018-03-23,2.04,2.61,2.82,24.8700008392334,87.80892803025624,88.32652972557693,85.01388981115667,85.21296691894531,23081500.0,0.0,-0.026739528963930836,0.24037317328169447,0.0,89.32511749267579,91.43693122863769,0.023551688661841874,-0.010526315789473717,0.7799999999999998,0.20999999999999996,0.5699999999999998,0.06555272821949254,18.368500232696533,-0.8657176484127032,0.39839258608525985,0.5,0.4593570344341039
2018-03-26,2.06,2.64,2.85,21.030000686645508,86.94894325580167,88.51767226507789,86.51893585665847,87.84080505371094,20217500.0,0.0,0.03083847716821353,0.26513590177573526,0.0,88.65303649902344,91.1000919342041,-0.12408205705868336,0.0,0.79,0.20999999999999996,0.5800000000000001,-0.15440289597940582,18.630000257492064,-0.8620606463966336,0.5453501167366015,0.5,0.5181400466946406
2018-03-27,2.1,2.58,2.78,22.5,88.4459997451366,88.93971328539813,85.44391886778016,86.13670349121094,18039900.0,0.0,-0.01939988552538896,0.26957721432014886,0.0,87.62261352539062,90.73418884277343,-0.10770866823296654,-0.03806228373702436,0.6799999999999997,0.19999999999999973,0.48,0.06990010772029942,18.82550024986267,-0.8947711080372172,0.48909296554764736,0.5,0.49563718621905895
2018-03-28,2.12,2.59,2.77,22.8700008392334,86.2242852980853,86.93299939259305,84.9263046017586,86.0013198852539,19189300.0,0.0,-0.001571729593422888,0.26594524381230666,0.0,86.54918365478515,90.43557357788086,0.06371432214147532,-0.04152249134948105,0.6499999999999999,0.18000000000000016,0.46999999999999975,0.016444481743706607,18.976500272750854,-0.9218699398391371,0.47493296359139225,0.5,0.4899731854365569
2018-03-29,2.09,2.56,2.74,19.96999931335449,86.39947102078898,88.21505340290229,85.82612793688969,87.5700454711914,13274600.0,0.0,0.01824071523588877,0.27036831537116296,0.0,86.5523681640625,90.29781150817871,-0.3082290651561026,-0.03180212014134276,0.6500000000000004,0.18000000000000016,0.4700000000000002,-0.12680373500048014,18.851500272750854,-0.9469527800495728,0.5859165693709583,0.5,0.5343666277483833
2018-04-02,2.08,2.55,2.73,23.6200008392334,87.56208557543393,88.17524654815163,84.47241065396325,85.88187408447266,18822500.0,0.0,-0.019277954894680538,0.2776849034045068,0.0,86.68614959716797,90.08002052307128,0.4179334970545252,-0.03191489361702127,0.6499999999999999,0.18000000000000016,0.46999999999999975,0.1827742439349036,19.05300030708313,-0.9549730537961948,0.44623032202659263,0.5,0.4784921288106371
2018-04-03,2.09,2.6,2.79,21.100000381469727,86.28797420735955,87.19576524996123,85.41203622813784,87.06039428710938,14050700.0,0.0,0.013722572023492807,0.27636388803494205,0.0,86.53006744384766,89.85187644958496,-0.25351573914198433,-0.021052631578947434,0.7000000000000002,0.18999999999999995,0.5100000000000002,-0.10668926199096018,19.1715003490448,-0.9581654587249901,0.5426712152030216,0.5,0.5170684860812087
2018-04-04,2.07,2.61,2.79,20.059999465942383,85.28463887292719,88.55746728390089,85.22093273503849,88.38227844238281,15302600.0,0.0,0.01518353053759558,0.28320050282141873,0.0,86.97918243408203,89.68584518432617,0.08909876376265946,0.003597122302158251,0.7200000000000002,0.18000000000000016,0.54,-0.04928914202488288,19.25650029182434,-0.9610268347180685,0.5824722465436147,0.5,0.5329888986174459
2018-04-05,2.07,2.64,2.83,18.940000534057617,89.34271419635405,90.3031340534891,89.15063266739172,89.54280090332031,16627000.0,0.0,0.013130714453057024,0.28787517583382594,0.0,87.6874786376953,89.5949607849121,0.086547384104662,0.02166064981949467,0.7600000000000002,0.18999999999999995,0.5700000000000003,-0.05583245073292675,19.31550030708313,-0.9601310852558483,0.6253348170700773,0.5,0.550133926828031
2018-04-06,2.06,2.58,2.77,21.489999771118164,88.47832595342088,89.27867261566382,86.29337687878707,87.309814453125,18906000.0,0.0,-0.02493764353659511,0.3002370996132641,0.0,87.63543243408203,89.3920280456543,0.13706621759788296,0.010948905109488871,0.71,0.18999999999999995,0.52,0.1346356475795858,19.56300024986267,-0.9618157264873695,0.5277458649475952,0.5,0.5110983459790381
2018-04-09,2.08,2.6,2.78,21.770000457763672,88.04613404212401,90.42316449849538,87.95009024877966,88.35826873779297,15974300.0,0.0,0.012008435606410073,0.28278173957403746,0.0,88.13071136474609,89.1101287841797,-0.15506717444197604,0.01831501831501825,0.6999999999999997,0.17999999999999972,0.52,0.013029348051544432,19.919500255584715,-0.9518364328459225,0.5170301858186835,0.5,0.5068120743274734
2018-04-10,2.09,2.62,2.8,20.46999931335449,89.74288426729319,90.33514529428754,89.17463877341602,90.0470199584961,13951400.0,0.0,0.019112543113701808,0.29339673442445435,0.0,88.72803649902343,88.92779655456543,-0.12663465691767406,0.0035842293906809264,0.71,0.17999999999999972,0.5300000000000002,-0.05971525572226499,20.15400023460388,-0.9371788287580746,0.5667814749944251,0.5,0.52671258999777
2018-04-11,2.09,2.62,2.79,20.239999771118164,89.36671647382184,89.48676359526458,88.4543156077313,88.53435516357422,14503300.0,0.0,-0.016798610277376058,0.2960944799755076,0.0,88.75845184326172,88.72597045898438,0.03955875396017605,0.0,0.7000000000000002,0.16999999999999993,0.5300000000000002,-0.011235933070416593,20.348500204086303,-0.9280718897549386,0.5755836008889281,0.5,0.5302334403555713
2018-04-12,2.11,2.67,2.83,18.489999771118164,89.28667413553903,91.5516567173076,89.23865528845833,90.7353057861328,16435500.0,0.0,0.02485984811762787,0.3087370630911773,0.0,88.9969528198242,88.68595237731934,0.13322485227499947,0.0,0.7200000000000002,0.16000000000000014,0.56,-0.08646245157063659,20.411500215530396,-0.9237900080703998,0.642556431206794,0.5,0.5570225724827176
2018-04-13,2.12,2.67,2.82,17.40999984741211,92.05589124935211,92.15994024694696,87.27782572300468,88.27825927734375,16508000.0,0.0,-0.0270792773276195,0.32276285758160755,0.0,89.19064178466797,88.51153450012207,0.0044111831097319865,0.018050541516245522,0.6999999999999997,0.1499999999999999,0.5499999999999998,-0.05840994792185128,20.452500200271608,-0.8607710940865537,0.6838882321403218,0.5,0.5735552928561287
2018-04-16,2.12,2.69,2.83,16.559999465942383,88.79046304118609,89.21464580654963,87.8700631337245,88.20620727539062,16580500.0,0.0,-0.0008161919202185342,0.3225256294653451,0.0,89.1602294921875,88.32555198669434,0.00439181003149991,0.017985611510791477,0.71,0.14000000000000012,0.5699999999999998,-0.048822538134374205,20.49050016403198,-0.7528189851978879,0.7164179071793466,0.5,0.5865671628717386
2018-04-17,2.16,2.68,2.82,15.25,89.13461235941396,89.57479937174038,88.03013002799581,88.20620727539062,15501400.0,0.0,0.0,0.3217881056719359,0.0,88.79206695556641,88.17580184936523,-0.06508247640300358,0.0071428571428571175,0.6599999999999997,0.13999999999999968,0.52,-0.07910625049454578,20.3020001411438,-0.6693877496308414,0.7665518340073775,0.5,0.606620733602951
2018-04-18,2.17,2.73,2.87,15.600000381469728,88.46232292249746,88.89451088861885,87.1497547762744,87.49390411376953,16081400.0,0.0,-0.008075431238044217,0.32247995884637914,0.0,88.58397674560547,87.98605613708496,0.0374159753312604,0.028673835125448077,0.7000000000000002,0.14000000000000012,0.56,0.02295084468653963,20.172000122070312,-0.5741309807607441,0.7531572533448858,0.5,0.6012629013379543
2018-04-19,2.21,2.77,2.92,15.960000038146973,87.66197266786801,89.53478711239467,87.63796324396498,89.41473388671875,17911000.0,0.0,0.02195386972847313,0.333401749639314,0.0,88.31986236572266,87.88836936950683,0.11377118907557793,0.03180212014134276,0.71,0.1499999999999999,0.56,0.02307690050475042,20.077000093460082,-0.5941217701652263,0.7393799985328087,0.5,0.5957519994131235
2018-04-20,2.22,2.8,2.96,16.8799991607666,89.87893459553999,90.23108298250798,88.74243766939608,89.21464538574219,15584400.0,0.0,-0.0022377576074884553,0.29662152890104554,0.0,88.50713958740235,87.97139549255371,-0.1298978281502987,0.049645390070921946,0.7399999999999998,0.16000000000000014,0.5799999999999996,0.057644055164203234,19.75400004386902,-0.621733897510929,0.7041714584575001,0.5,0.581668583383
2018-04-23,2.25,2.83,2.98,16.34000015258789,89.29467681943326,89.59880635272216,88.54234900331387,88.78245544433594,11285800.0,0.0,-0.004844383335690705,0.2790201063099784,0.0,88.62238922119141,88.14986991882324,-0.2758271091604425,0.053003533568904526,0.73,0.1499999999999999,0.5800000000000001,-0.03199046416031859,19.32750000953674,-0.5388528232735309,0.724837322426968,0.5,0.5899349289707871
2018-04-24,2.25,2.83,3.0,18.020000457763672,89.43873349705562,90.3591333180336,87.7099818917933,88.36627197265625,16453100.0,0.0,-0.004687676969473142,0.2583932340351374,0.0,88.65440216064454,88.1761432647705,0.45785854790976277,0.06382978723404253,0.75,0.16999999999999993,0.5800000000000001,0.1028151951950691,19.17699999809265,-0.5377981785322158,0.6605433936426819,0.5,0.5642173574570728
2018-04-25,2.26,2.84,3.03,17.84000015258789,88.25420927187179,88.46230107962155,86.91763203080401,88.03011322021484,13548200.0,0.0,-0.0038041522510469106,0.24825494121486597,0.0,88.76164398193359,88.2708137512207,-0.1765563936279485,0.05574912891986061,0.77,0.18999999999999995,0.5800000000000001,-0.009988917902509331,18.944000005722046,-0.4733498848996079,0.6674320392973686,0.5,0.5669728157189474
2018-04-26,2.25,2.82,3.0,16.239999771118164,88.01413643803096,88.69442998029682,87.5099140583185,88.11817932128906,10299500.0,0.0,0.0010004088129924593,0.24804129704870115,0.0,88.50233306884766,88.37665672302246,-0.23978831136239498,0.027397260273972712,0.75,0.18000000000000016,0.5699999999999998,-0.08968611927044345,18.612499952316284,-0.3473738842839247,0.7286643559011929,0.5,0.5914657423604772
2018-04-27,2.24,2.8,2.96,15.40999984741211,87.67798321862196,88.16619519295195,87.34183296474049,87.55792999267578,9384000.0,0.0,-0.006357931279657336,0.2410725488338839,0.0,88.17098999023438,88.37605094909668,-0.08888781008786839,0.0,0.7199999999999998,0.16000000000000014,0.5599999999999996,-0.05110837040663996,18.384499979019164,-0.26280282206777517,0.7604286096464543,0.5,0.6041714438585817
2018-04-30,2.24,2.79,2.95,15.93000030517578,87.83805915579255,88.27825232751164,87.03771237532975,87.06172180175781,13744900.0,0.0,-0.005667198744413904,0.2311988044533797,0.0,87.82684326171875,88.43504333496094,0.46471653878942876,-0.010067114093959662,0.71,0.16000000000000014,0.5499999999999998,0.033744351908672865,17.999999952316283,0.08400059920781326,0.7405280939761578,0.5,0.5962112375904631
2018-05-01,2.26,2.82,2.97,15.489999771118164,86.79760589872636,87.21378964401738,86.06929350370912,87.06172180175781,10503400.0,0.0,0.0,0.2260875035073342,0.0,87.56593322753906,88.43510971069335,-0.23583292712205983,-0.009999999999999898,0.7100000000000004,0.15000000000000036,0.56,-0.027620874176295884,17.719499921798707,0.28317982425047533,0.7573669974659927,0.5,0.602946798986397
2018-05-02,2.24,2.8,2.97,15.970000267028809,86.52547326777128,87.62994940121033,86.22134375147476,86.37340545654297,12162100.0,0.0,-0.007906073196923047,0.22043788088648447,0.0,87.23459167480469,88.33466606140136,0.1579202924767218,-0.01980198019801971,0.73,0.17000000000000037,0.5599999999999996,0.030987766494718016,17.51499996185303,0.33881629696242915,0.7389972878859269,0.5,0.5955989151543708
2018-05-03,2.24,2.78,2.94,15.899999618530272,86.10930563273934,86.25336829488211,84.18047310166463,85.82918548583984,15379100.0,0.0,-0.0063007816795753735,0.21456289808367243,0.0,86.77679290771485,88.14898529052735,0.26451024083011987,-0.020000000000000018,0.6999999999999997,0.16000000000000014,0.5399999999999996,-0.004383259068758916,17.36299991607666,0.3485809345537715,0.7416762259168029,0.5,0.5966704903667212
2018-05-04,2.24,2.78,2.95,14.770000457763672,85.18089242675211,87.02969119571222,84.82073888422956,86.78158569335938,11967900.0,0.0,0.011096460978027745,0.20124716781662988,0.0,86.62152404785157,88.12257385253906,-0.22180751799520126,-0.0033783783783782884,0.71,0.17000000000000037,0.5399999999999996,-0.07106913131303916,17.026999950408936,0.5270325067939325,0.7849215070901472,0.5,0.6139686028360589
2018-05-07,2.25,2.78,2.95,14.75,87.04570072847885,87.78201815870888,86.72556085693877,87.5339126586914,9356700.0,0.0,0.008669200491338902,0.19888970784932017,0.0,86.71596221923828,88.08135604858398,-0.21818364124031786,0.0,0.7000000000000002,0.17000000000000037,0.5299999999999998,-0.00135412709165883,16.675999927520753,0.6175986996537282,0.7856869283839106,0.5,0.6142747713535643
2018-05-08,2.26,2.81,2.97,14.710000038146973,87.66199956866797,89.11062557952415,87.46191283319446,88.83050537109375,12543200.0,0.0,0.01481246151372173,0.19381708057672892,0.0,87.06971893310546,88.02053031921386,0.34055810274990117,0.0,0.7100000000000004,0.16000000000000014,0.5500000000000003,-0.0027118618205442813,16.387999963760375,0.4512221195278592,0.7872177344741415,0.5,0.6148870937896567
2018-05-09,2.27,2.84,3.0,13.420000076293944,89.19063480957001,90.9513950401345,88.86248974409399,90.76731872558594,11368100.0,0.0,0.02180347107562941,0.1994067566273143,0.0,87.94850158691406,88.13217849731446,-0.09368422731041526,0.010101010101009944,0.73,0.16000000000000014,0.5699999999999998,-0.08769544245463723,16.046999979019166,0.14108460896189018,0.836586276505705,0.5,0.634634510602282
2018-05-10,2.27,2.83,2.97,13.229999542236328,90.59123856539868,91.59167187014542,90.23908408815652,91.47161865234376,9159700.0,0.0,0.0077593999321177165,0.18102509945275563,0.0,89.07698822021484,88.168994140625,-0.19426289353541926,0.010204081632653184,0.7000000000000002,0.14000000000000012,0.56,-0.01415801288952645,15.783999967575074,-0.3447320281424416,0.8438576328072734,0.5,0.6375430531229094
2018-05-11,2.28,2.84,2.97,12.649999618530272,91.63170346865424,91.82379109718777,90.97541933656854,91.1274871826172,10253000.0,0.0,-0.0037621666129523668,0.15027766483192861,0.0,89.94616851806641,88.31145553588867,0.11935980436040472,0.006779661016949268,0.6900000000000004,0.13000000000000034,0.56,-0.04383975387560868,15.54599995613098,-0.5032384143774153,0.8660543393642682,0.5,0.6464217357457074
2018-05-14,2.28,2.85,3.0,12.93000030517578,91.32755692742374,91.79975852103928,91.03142646803342,91.15948486328124,8710700.0,0.0,0.00035113094471617146,0.15008246085854604,0.0,90.67128295898438,88.4591194152832,-0.15042426606846782,0.016949152542372836,0.7200000000000002,0.1499999999999999,0.5700000000000003,0.02213444229953576,15.36449999809265,-0.5818433088819189,0.8553386602353564,0.5,0.6421354640941426
2018-05-15,2.31,2.92,3.08,14.630000114440918,91.16749718815537,91.16749718815537,90.09502941542168,90.46318817138672,11536200.0,0.0,-0.0076382253907950615,0.15363042308543587,0.0,90.99781951904296,88.57196846008301,0.324371175680485,0.03703703703703698,0.77,0.16000000000000014,0.6099999999999999,0.13147716698696765,15.333500003814697,-0.5883586459631359,0.790279346654603,0.5,0.6161117386618412
2018-05-16,2.32,2.94,3.09,13.420000076293944,90.35115009209233,90.99142997688546,90.1430582136103,90.7113037109375,7571100.0,0.0,0.0027427238036394908,0.14961325456140045,0.0,90.98661651611329,88.7328384399414,-0.343709367035939,0.030000000000000027,0.77,0.1499999999999999,0.6200000000000001,-0.08270676887778095,15.224499988555909,-0.6192408526959092,0.836586276505705,0.5,0.634634510602282
2018-05-17,2.32,2.94,3.11,13.43000030517578,90.59924703205228,90.76732521810332,89.7989003052456,90.40716552734376,8617200.0,0.0,-0.003352814601396359,0.13022040989855346,0.0,90.77372589111329,88.78246002197265,0.13817014700637942,0.047138047138046923,0.79,0.16999999999999993,0.6200000000000001,0.0007451735339034649,15.098000001907348,-0.6551954004375825,0.8362035658588234,0.5,0.6344814263435294
2018-05-18,2.32,2.9,3.06,13.420000076293944,90.2390839000686,90.27910367463916,88.71041888264486,88.94252014160156,11806300.0,0.0,-0.016200545357206386,0.14303460462019063,0.0,90.33673248291015,88.76885375976562,0.3700854105742004,0.030303030303030276,0.7400000000000002,0.16000000000000014,0.5800000000000001,-0.0007446186637822816,14.925000047683715,-0.6832790605296746,0.836586276505705,0.5,0.634634510602282
2018-05-21,2.35,2.9,3.06,13.079999923706056,89.67884716915128,90.07101532927084,89.57479819369877,89.75888061523438,9441900.0,0.0,0.009178517455241009,0.14552360637771633,0.0,90.05661163330078,88.81767501831055,-0.20026595969948247,0.020000000000000018,0.71,0.16000000000000014,0.5499999999999998,-0.025335331643439263,14.762000036239623,-0.7030986382600999,0.8495981465213148,0.5,0.639839258608526
2018-05-22,2.34,2.9,3.06,13.220000267028809,89.91894236722435,91.47161677835274,89.87092352355157,90.44717407226562,11507600.0,0.0,0.007668249117117831,0.1461916449735666,0.0,90.05340881347657,88.92172012329101,0.2187801184083713,-0.006493506493506551,0.7200000000000002,0.16000000000000014,0.56,0.010703390224721332,14.52200002670288,-0.7819492192129902,0.844240306956859,0.5,0.6376961227827436
2018-05-23,2.29,2.83,3.01,12.579999923706056,90.04702384487199,90.25510962490996,88.93454223605933,90.03101348876953,11453900.0,0.0,-0.004601145229408576,0.14658066777768655,0.0,89.91735076904297,89.02176513671876,-0.004666481281935364,-0.02588996763754048,0.7199999999999998,0.17999999999999972,0.54,-0.04841152272280491,14.259000015258788,-0.8564781484270224,0.868733240897848,0.5,0.6474932963591392
2018-05-24,2.28,2.82,2.98,12.529999732971191,89.75088008408416,89.75888526095495,88.13418240735096,89.02256774902344,14084800.0,0.0,-0.011201092830881998,0.15301938103592222,0.0,89.6404312133789,89.06698455810547,0.2296946891451821,-0.041800643086816636,0.7000000000000002,0.16000000000000014,0.54,-0.003974577983950844,14.07350001335144,-0.8402852676704382,0.8706467576349606,0.5,0.6482587030539843
2018-05-25,2.27,2.76,2.93,13.220000267028809,88.40631794732154,88.90253522413528,88.19822604334647,88.56639099121094,8283500.0,0.0,-0.0051242821831265495,0.1523413840231921,0.0,89.56520538330078,89.11740760803222,-0.41188373281835733,-0.042483660130718914,0.6600000000000001,0.17000000000000037,0.48999999999999977,0.0550678809866183,13.964000034332276,-0.8115619201771387,0.844240306956859,0.5,0.6376961227827436
2018-05-29,2.17,2.58,2.77,17.020000457763672,87.3818659938397,87.39787024351796,84.00440143869591,84.7807388305664,12887150.0,0.0,-0.04274366515646111,0.21612164535140987,0.0,88.56957702636718,89.00335845947265,0.5557614534918816,-0.09477124183006536,0.6000000000000001,0.18999999999999995,0.41000000000000014,0.28744327639782363,14.01850004196167,-0.8508372734776563,0.6988135823957482,0.5,0.5795254329582993
2018-05-30,2.23,2.67,2.84,14.9399995803833,86.1493295746103,86.91766177442925,85.35698794763475,86.71757507324219,17490800.0,0.0,0.02284523901763258,0.23245315226365215,0.0,87.8236572265625,88.98615112304688,0.35722793635520644,-0.07189542483660138,0.6099999999999999,0.16999999999999993,0.43999999999999995,-0.12220921395049544,13.991000032424926,-0.8455190802596521,0.7784156085796383,0.5,0.6113662434318554
2018-05-31,2.23,2.68,2.83,15.43000030517578,86.39742521250396,86.58951282003001,85.17289571878935,85.64510345458984,19808200.0,0.0,-0.012367407849522172,0.23496725928524553,0.0,86.94647521972657,88.94973602294922,0.13249251034829745,-0.05980066445182719,0.6000000000000001,0.1499999999999999,0.4500000000000002,0.03279790753380385,13.964000034332276,-0.8416705740605258,0.7596631883526909,0.5,0.6038652753410764
2018-06-01,2.28,2.74,2.89,13.460000038146973,86.70954341356753,87.18975623468425,86.27736164441795,86.757568359375,13594200.0,0.0,0.012989241181488032,0.2384049531277204,0.0,86.49347534179688,88.99615516662598,-0.31370846417140374,-0.030201342281879096,0.6100000000000003,0.1499999999999999,0.4600000000000004,-0.12767337835813253,13.842000055313111,-0.7656770899957657,0.8350554704154742,0.5,0.6340221881661897
2018-06-04,2.3,2.78,2.94,12.739999771118164,87.22977242149858,87.44586941848209,86.65352190442235,86.7975845336914,9415400.0,0.0,0.0004612413080855582,0.2351891478130536,0.0,86.13971405029297,88.99695510864258,-0.3073958011504907,0.0034129692832762792,0.6400000000000001,0.16000000000000014,0.48,-0.05349184732453616,13.740500020980836,-0.6612022361581632,0.8626100165369248,0.5,0.64504400661477
2018-06-05,2.32,2.76,2.92,12.399999618530272,86.62951945802529,86.68554347913127,85.693115345471,86.30937957763672,10415200.0,0.0,-0.005624637582687386,0.23376196352370127,0.0,86.44544219970703,88.93572845458985,0.10618773498736123,0.05415162454873634,0.6000000000000001,0.16000000000000014,0.43999999999999995,-0.026687610572700304,13.623000001907348,-0.5256799807338585,0.8756218865525347,0.5,0.6502487546210138
2018-06-06,2.32,2.81,2.97,11.640000343322754,86.96567646283452,88.6303929793979,86.82161381074954,88.32626342773438,15453600.0,0.0,0.023368072623942693,0.2430326019891577,0.0,86.76717987060547,88.91051635742187,0.48375451263537905,0.045774647887323994,0.6500000000000004,0.16000000000000014,0.4900000000000002,-0.06129026601515308,13.469500017166137,-0.4765554719382599,0.90470720226692,0.5,0.6618828809067681
2018-06-07,2.31,2.77,2.93,12.130000114440918,88.98255823831619,89.23866897228615,88.06215818911859,88.67842864990234,13444400.0,0.0,0.00398709521382723,0.2295179810751075,0.0,87.37384490966797,88.80607185363769,-0.13001501268312887,0.035335689045936425,0.6200000000000001,0.16000000000000014,0.45999999999999996,0.04209619902625272,13.405000019073487,-0.4677016150064869,0.8859548185372685,0.5,0.6543819274149074
2018-06-08,2.3,2.77,2.93,12.18000030517578,88.53434553676267,88.95052309355287,88.08614727618844,88.926513671875,10383200.0,0.0,0.0027975802655693105,0.22765650496122214,0.0,87.80763397216796,88.67881660461425,-0.22769331468864362,0.01384083044982698,0.6300000000000003,0.16000000000000014,0.4700000000000002,0.004122027226968861,13.352500057220459,-0.476536515542796,0.8840413018001562,0.5,0.6536165207200625
2018-06-11,2.32,2.8,2.96,12.350000381469728,88.93452436325033,89.56679896667333,88.65439814320888,88.70242309570312,12642900.0,0.0,-0.0025199523395096346,0.22752179967212494,0.0,88.18860168457032,88.55756340026855,0.21763040295862557,0.006802721088435382,0.6400000000000001,0.16000000000000014,0.48,0.01395731297491909,13.337500095367432,-0.4584726800368201,0.8775353667923511,0.5,0.6510141467169405
2018-06-12,2.31,2.81,2.96,12.34000015258789,88.95055077904308,89.26268557032643,87.65398664944622,88.19022369384766,15294100.0,0.0,-0.005774356370206957,0.22798882333271672,0.0,88.5647705078125,88.40910034179687,0.20969872418511581,0.013698630136986356,0.6499999999999999,0.1499999999999999,0.5,-0.0008097351071213454,13.308000087738037,-0.44887333367692056,0.8779180774392329,0.5,0.6511672309756932
2018-06-13,2.35,2.85,2.98,12.9399995803833,88.40629782113767,89.19863936298187,87.70199490684959,88.01412963867188,14979700.0,0.0,-0.0019967525628133975,0.22686923663281178,0.0,88.50234375,88.28664741516113,-0.020556946796477127,0.0033670033670032407,0.6299999999999999,0.1299999999999999,0.5,0.04862231931736094,13.223500061035157,-0.5497576846124872,0.8549559860857707,0.5,0.6419823944343084
2018-06-14,2.35,2.81,2.94,12.119999885559082,88.26222865373836,88.32625785199214,86.26136200451084,86.4614486694336,20487300.0,0.0,-0.01764126936904986,0.2335239922586722,0.0,88.05894775390625,88.07415466308593,0.3676709146378099,0.0034129692832762792,0.5899999999999999,0.1299999999999999,0.45999999999999996,-0.06336937568895418,13.158500051498413,-0.5269145920313941,0.8863375291841503,0.5,0.6545350116736601
2018-06-15,2.35,2.81,2.93,11.979999542236328,86.27737317071924,86.74156959703531,85.0528376406703,86.35740661621094,15137050.0,0.0,-0.0012033346054660665,0.2335192093923415,0.0,87.54512634277344,87.8716667175293,-0.2611495902339498,0.0,0.5800000000000001,0.1200000000000001,0.45999999999999996,-0.011551183551541389,13.086000013351441,-0.5073478139507138,0.8916953687486062,0.5,0.6566781474994425
2018-06-18,2.35,2.8,2.92,12.3100004196167,85.84520246442742,86.75759735967827,85.38900501680197,86.5815200805664,9786800.0,0.0,0.002595185209202322,0.22802353210094242,0.0,87.12094573974609,87.75361671447754,-0.3534539424788846,-0.013513513513513487,0.5699999999999998,0.1200000000000001,0.44999999999999973,0.027545984139392576,13.030500030517578,-0.48965287525957535,0.8790661728825819,0.5,0.6516264691530328
2018-06-19,2.34,2.77,2.89,13.350000381469728,85.55708196597479,86.34141848225694,85.31697546155091,86.07730865478516,12707200.0,0.0,-0.005823545547734343,0.22512736213782703,0.0,86.6983627319336,87.56953811645508,0.29840192912903096,-0.023648648648648574,0.5500000000000003,0.1200000000000001,0.43000000000000016,0.08448415324143532,13.044000053405762,-0.514619573546841,0.8392651780392848,0.5,0.6357060712157139
2018-06-20,2.36,2.8,2.93,12.789999961853027,86.58151159224353,86.94967036421929,85.98925670742696,86.06929016113281,8876900.0,0.0,-9.315455812519691e-05,0.22237752491546425,0.0,86.30939483642578,87.35064392089843,-0.30142753714429615,-0.016778523489932806,0.5700000000000003,0.13000000000000034,0.43999999999999995,-0.041947595776401725,13.022500038146973,-0.5672578542031104,0.8606964997998123,0.5,0.644278599919925
2018-06-21,2.34,2.77,2.9,14.640000343322754,85.71714295970277,86.60552841589727,85.26094551783221,86.0452880859375,11048700.0,0.0,-0.0002788692128211645,0.22233510977727047,0.0,86.22616271972656,87.15135765075684,0.24465748177854874,-0.013605442176870763,0.56,0.1299999999999999,0.43000000000000016,0.14464428357994286,13.125500059127807,-0.6186400529515276,0.7898966360077213,0.5,0.6159586544030886
2018-06-22,2.33,2.77,2.9,13.770000457763672,86.5655038636552,86.73357594152857,84.44458384183456,84.63666534423828,19478900.0,0.0,-0.016370713295681738,0.22585046018961313,0.0,85.88201446533203,86.93206253051758,0.7630037923013566,-0.010238907849829393,0.5699999999999998,0.1299999999999999,0.43999999999999995,-0.05942622029758937,13.187500095367431,-0.6076934483586054,0.8231916958432134,0.5,0.6292766783372854
2018-06-25,2.34,2.75,2.87,17.329999923706055,84.56463574041123,84.5966442351743,83.20404267887196,83.86833190917969,16907600.0,0.0,-0.009078021114532264,0.22691054181978787,0.0,85.3393768310547,86.69715957641601,-0.1320043739636222,-0.017123287671232834,0.5300000000000002,0.1200000000000001,0.41000000000000014,0.2585329954680733,13.393000078201293,-0.729465510357958,0.6869498443207834,0.5,0.5747799377283134
2018-06-26,2.33,2.75,2.88,15.920000076293944,83.80431656523551,84.204489983715,82.5237628473335,83.92436981201172,17086800.0,0.0,0.0006681652246609548,0.1703927616389265,0.0,84.9087890625,86.65434112548829,0.010598783978802429,-0.0034602076124568004,0.5499999999999998,0.1299999999999999,0.41999999999999993,-0.0813617918995686,13.338000059127808,-0.7471173138267303,0.7409108046230395,0.5,0.5963643218492158
2018-06-27,2.33,2.71,2.83,17.90999984741211,83.78031677840256,84.77274526071331,82.61981617372841,82.62781524658203,16276800.0,0.0,-0.015449083124888907,0.15441663400773173,0.0,84.22049407958984,86.44985313415528,-0.04740501439707845,-0.03412969283276457,0.5,0.1200000000000001,0.3799999999999999,0.1249999850239587,13.486500072479249,-0.8385381317740039,0.6647531377637887,0.5,0.5659012551055155
2018-06-28,2.33,2.73,2.84,16.850000381469727,82.97995138791035,84.4045676277043,82.84389390571904,83.98038482666016,14491300.0,0.0,0.01636942204077063,0.16317801611123295,0.0,83.80751342773438,86.36661720275879,-0.1096960090435466,-0.020689655172413834,0.5099999999999998,0.10999999999999988,0.3999999999999999,-0.05918478363893154,13.557500076293945,-0.8583586481142633,0.7053195174035531,0.5,0.5821278069614213
2018-06-29,2.33,2.73,2.85,16.09000015258789,85.38098053507426,85.55705777437694,83.35610449541392,83.3961181640625,18972400.0,0.0,-0.006957180105849892,0.1558040065551691,0.0,83.55940399169921,86.19854469299317,0.30922691545962055,-0.01724137931034475,0.52,0.1200000000000001,0.3999999999999999,-0.045103870129143964,13.68900008201599,-0.8707697834805543,0.7344048696152345,0.5,0.5937619478460938
2018-07-02,2.34,2.75,2.87,15.600000381469728,83.01196887137895,84.10844005035547,82.73984779139205,84.1004409790039,11130000.0,0.0,0.008445510779720111,0.15995058297168976,0.0,83.60582580566407,86.06368751525879,-0.41335835213257155,0.0,0.5300000000000002,0.1200000000000001,0.41000000000000014,-0.03045368343513355,13.832000112533569,-0.87614858398249,0.7531572533448858,0.5,0.6012629013379543
2018-07-03,2.33,2.72,2.83,16.139999389648438,84.36453837660372,84.6606627118535,82.85187767884665,82.92391204833984,8311700.0,0.0,-0.013989569102946686,0.16545278283124948,0.0,83.40573425292969,85.89441413879395,-0.2532165318957772,-0.01736111111111105,0.5,0.10999999999999988,0.3900000000000001,0.03461532019064184,14.019000101089478,-0.8891190831995893,0.7324913893754181,0.5,0.5929965557501673
2018-07-05,2.32,2.74,2.84,14.970000267028809,83.79299591235211,83.99416992109722,83.31017951923253,83.46307373046875,10723400.0,0.0,0.006501884303463656,0.14011748135206664,0.0,83.57278594970703,85.65125465393066,0.2901572482163697,0.0035335689045936647,0.52,0.09999999999999964,0.4200000000000004,-0.0724906547003974,14.18550009727478,-0.8721647022365614,0.7772674766389931,0.5,0.6109069906555973
2018-07-06,2.34,2.71,2.82,13.369999885559082,82.98025375290548,84.09073202304626,82.23992876680171,83.73666381835938,12173700.0,0.0,0.0032779776212668033,0.1396844841644451,0.0,83.52404174804687,85.40416641235352,0.1352462838278905,-0.007042253521126751,0.48,0.10999999999999988,0.3700000000000001,-0.10688045109749944,14.247500085830689,-0.8234502188500715,0.8384997932428175,0.5,0.635399917297127
2018-07-09,2.34,2.75,2.86,12.6899995803833,84.25971330392514,86.4726271957385,84.25971330392514,86.3277816772461,13900800.0,0.0,0.030943648107444766,0.18355413875812085,0.0,84.1103744506836,85.27422981262207,0.1418714113211268,0.0035087719298245723,0.52,0.10999999999999988,0.41000000000000014,-0.050860157890520896,14.273000049591065,-0.8205546726592802,0.8645235332740373,0.5,0.6458094133096149
2018-07-10,2.36,2.77,2.87,12.640000343322754,86.92326141147628,87.22904982837,85.72426606024568,85.79669189453125,14575900.0,0.0,-0.006152014709475906,0.1842944380094202,0.0,84.44962463378906,85.12894325256347,0.048565550184161976,0.0,0.5100000000000002,0.10000000000000009,0.41000000000000014,-0.00394005033206124,14.287500047683716,-0.820226389631714,0.8664370135138537,0.5,0.6465748054055416
2018-07-11,2.36,2.74,2.85,13.630000114440918,85.54723325655065,86.15075528096844,85.46676488116366,85.61161041259766,10186500.0,0.0,-0.0021572100024684904,0.18365401313671692,0.0,84.98716430664062,85.00001258850098,-0.30114092440260976,0.007067137809187329,0.4900000000000002,0.10999999999999988,0.38000000000000034,0.07832276457501397,14.352000045776368,-0.8206833303321267,0.8285495354076693,0.5,0.6314198141630678
2018-07-12,2.39,2.75,2.85,12.579999923706056,86.44043454806801,86.55309148610522,85.27362791582155,85.98175811767578,12456800.0,0.0,0.004323569003015226,0.18475749994896265,0.0,85.49090118408203,84.89839401245118,0.22287341088695833,0.0035211267605634866,0.45999999999999996,0.10000000000000009,0.3599999999999999,-0.0770359634569916,14.334000062942504,-0.8555438897357763,0.868733240897848,0.5,0.6474932963591392
2018-07-13,2.37,2.73,2.83,12.18000030517578,86.34389494468627,86.74624299915482,84.60574840249701,85.58747863769531,21289100.0,0.0,-0.00458561779396105,0.17480173708953017,0.0,85.86106414794922,84.85469551086426,0.7090344229657697,0.0035460992907803135,0.45999999999999996,0.10000000000000009,0.3599999999999999,-0.031796472254066344,14.33700008392334,-0.8409258948074352,0.8840413018001562,0.5,0.6536165207200625
2018-07-16,2.39,2.75,2.85,12.829999923706056,86.14270813580691,89.13617205984093,86.08637966211296,88.98328399658203,18055500.0,0.0,0.039676427123898295,0.22537966489204628,0.0,86.39216461181641,84.98598937988281,-0.15188993428562036,-0.0034965034965034336,0.45999999999999996,0.10000000000000009,0.3599999999999999,0.05336614139936158,14.379500102996825,-0.7681081538431166,0.8591656937095814,0.5,0.6436662774838326
2018-07-17,2.39,2.76,2.86,12.0600004196167,89.07182429622168,89.26494966510461,88.31540790402512,88.91893005371094,14821900.0,0.0,-0.0007232138440020908,0.22549180561542664,0.0,87.01661224365235,85.10285987854004,-0.1790922433607488,-0.0034843205574913716,0.46999999999999975,0.10000000000000009,0.36999999999999966,-0.06001555016899296,14.367000102996826,-0.7689532655105138,0.8886337200708485,0.5,0.6554534880283394
2018-07-18,2.43,2.77,2.88,12.100000381469728,88.85454377687789,90.22253085955651,88.67750964882055,89.74775695800781,14244900.0,0.0,0.009321152467716587,0.22544081568734592,0.0,87.84384155273438,85.28638229370117,-0.03892888226205815,0.010526315789473717,0.44999999999999973,0.10999999999999988,0.33999999999999986,0.0033167463069043723,14.304500102996826,-0.7714661576346205,0.8871029139806176,0.5,0.654841165592247
2018-07-19,2.4,2.74,2.84,12.869999885559082,89.36954778240892,89.39368768335184,88.29930662476,88.42805480957031,16775300.0,0.0,-0.014704569709246051,0.23323041927159208,0.0,88.33310089111328,85.40432052612304,0.17763550463674727,-0.0035087719298246833,0.43999999999999995,0.09999999999999964,0.3400000000000003,0.06363632064578706,14.30850009918213,-0.7752286259988155,0.8576348876193507,0.5,0.6430539550477403
2018-07-20,2.41,2.77,2.89,12.859999656677246,88.5165448440842,89.91671392532933,88.33951077210126,89.54655456542969,13578100.0,0.0,0.01264869795302026,0.23644851395772531,0.0,89.12491607666016,85.57938385009766,-0.19058973610009955,0.021201413427561766,0.48,0.1200000000000001,0.3599999999999999,-0.0007770185680464614,14.219500064849854,-0.7723054092461764,0.8580175982662324,0.5,0.643207039306493
2018-07-23,2.42,2.83,2.96,12.619999885559082,89.36953337599789,91.92846683229617,89.26492510899342,91.21228790283205,18140000.0,0.0,0.018601869669762072,0.23277270450301626,0.0,89.57071685791016,85.90816497802734,0.33597484184090565,0.03859649122807007,0.54,0.1299999999999999,0.41000000000000014,-0.01866250214039078,14.162000036239624,-0.7652332761288341,0.8672024348076173,0.5,0.646880973923047
2018-07-24,2.42,2.83,2.95,12.40999984741211,91.37323221733992,92.36300484805956,91.26861780934912,91.85604858398438,14000400.0,0.0,0.0070578284566014116,0.22788289972548303,0.0,90.15814056396485,86.30755081176758,-0.22820286659316424,0.03146853146853168,0.5300000000000002,0.1200000000000001,0.41000000000000014,-0.016640256739405612,13.916000032424927,-0.7577725177412741,0.8752391759056529,0.5,0.6500956703622611
2018-07-25,2.42,2.82,2.94,12.289999961853027,91.6387758891157,92.9584768036832,91.23642789956848,92.68488311767578,13329100.0,0.0,0.009023189506498275,0.22787361994959282,0.0,90.74556579589844,86.74557647705078,-0.04794863003914174,0.02083333333333326,0.52,0.1200000000000001,0.3999999999999999,-0.00966961217039064,13.73450002670288,-0.741356003988367,0.8798315941763454,0.5,0.6519326376705381
2018-07-26,2.41,2.86,2.98,12.140000343322754,92.87801855350251,93.01481541141142,92.20207680429816,92.41934204101562,11897800.0,0.0,-0.002864987986476941,0.21695859842692103,0.0,91.5438232421875,87.23515281677246,-0.10738159365598576,0.04929577464788748,0.5699999999999998,0.1200000000000001,0.44999999999999973,-0.01220501375068006,13.446000051498412,-0.7283762151024908,0.8855721078903869,0.5,0.6542288431561547
2018-07-27,2.43,2.84,2.96,13.029999732971191,92.68487566741616,93.58613730171967,92.38713596892082,93.36886596679688,12802700.0,0.0,0.01027408229502269,0.21404325914248432,0.0,92.30828552246093,87.7045768737793,0.07605607759417699,0.02422145328719716,0.5299999999999998,0.1200000000000001,0.4099999999999997,0.0733113150312188,13.255000019073487,-0.6871274135024206,0.8515116632584274,0.5,0.640604665303371
2018-07-30,2.43,2.85,2.98,14.260000228881836,93.57004256858592,94.6402896381984,93.39300848015766,93.93215942382812,13411600.0,0.0,0.006032990239289937,0.2090055205912943,0.0,92.85225982666016,88.23137893676758,0.0475602802533841,0.006756756756756799,0.5499999999999998,0.1299999999999999,0.41999999999999993,0.09439758412260324,13.163500022888183,-0.5072965588854695,0.804439312113562,0.5,0.6217757248454248
2018-07-31,2.44,2.85,2.96,12.829999923706056,94.21380802438118,94.21380802438118,92.3951933671594,92.4998016357422,15843800.0,0.0,-0.01524885403329257,0.2219235912201259,0.0,92.98101043701172,88.65134696960449,0.18135047272510363,0.003389830508474523,0.52,0.10999999999999988,0.41000000000000014,-0.1002805247000974,13.025,-0.4414533408875791,0.8591656937095814,0.5,0.6436662774838326
2018-08-01,2.45,2.87,3.0,13.149999618530272,93.14355616318646,93.89997232037572,92.76534808459184,93.07113647460938,13531600.0,0.0,0.006176606098216908,0.21045039056748344,0.0,93.05826110839844,89.15870819091796,-0.145937212032467,0.020408163265306145,0.5499999999999998,0.1299999999999999,0.41999999999999993,0.024941519620194974,12.875500011444093,-0.22847100140967241,0.8469192449877351,0.5,0.638767697995094
2018-08-02,2.45,2.85,2.98,12.1899995803833,92.19402525282804,93.54591484846998,92.00089992183447,93.46544647216795,11058100.0,0.0,0.004236651796619473,0.2105139487732821,0.0,93.26748199462891,89.65882682800293,-0.18279434804457717,0.0,0.5299999999999998,0.1299999999999999,0.3999999999999999,-0.07300380730005429,12.736499977111816,-0.014323324796047551,0.8836586276505705,0.5,0.6534634510602282
2018-08-03,2.43,2.82,2.95,11.640000343322754,93.34473943815232,94.254043741481,93.29645964096387,94.22185516357422,11016100.0,0.0,0.008092923320400569,0.21045544255046908,0.0,93.43807983398438,90.18308639526367,-0.003798120834501373,-0.0033783783783782884,0.52,0.13000000000000034,0.3899999999999997,-0.04511888892478966,12.65,-0.024267060468462092,0.90470720226692,0.5,0.6618828809067681
2018-08-06,2.44,2.8,2.94,11.270000457763672,93.98044342333893,94.57591672434252,93.48957838866174,94.2459945678711,9857400.0,0.0,0.00025619750592853485,0.18934443531057357,0.0,93.50084686279297,90.57899703979493,-0.10518241482920454,-0.01342281879194629,0.5,0.14000000000000012,0.3599999999999999,-0.031786930811503855,12.57900004386902,-0.14721963650902287,0.918867167725879,0.5,0.6675468670903516
2018-08-07,2.45,2.84,2.98,10.93000030517578,94.7449214775486,95.18750680875864,94.41499925374646,94.59203338623048,10562100.0,0.0,0.0036716554368811938,0.18520479176374335,0.0,93.91929321289062,91.01876411437988,0.07148943940592845,0.006756756756756799,0.5299999999999998,0.14000000000000012,0.3899999999999997,-0.030168601488713587,12.49350004196167,-0.26222917373171795,0.931879037741489,0.5,0.6727516150965955
2018-08-08,2.44,2.83,2.96,10.850000381469728,94.41499677332364,95.17140694768656,94.3747595117819,94.78515625,8997100.0,0.0,0.0020416398385365575,0.1836593227344247,0.0,94.26209716796875,91.47744140625,-0.14817129169388665,-0.013333333333333308,0.52,0.1299999999999999,0.3900000000000001,-0.007319297481461873,12.35450005531311,-0.2375488138929007,0.9349406499219504,0.5,0.6739762599687802
2018-08-09,2.44,2.8,2.93,11.270000457763672,94.5598111310178,94.72879652293705,93.90800331722404,94.05284881591795,9694200.0,0.0,-0.007725971692767564,0.1892861247590668,0.0,94.37957763671875,91.88099594116211,0.07748052150137275,-0.016778523489932806,0.4900000000000002,0.13000000000000034,0.3599999999999999,0.03870968309008038,12.289000082015992,-0.2772742066073727,0.918867167725879,0.5,0.6675468670903516
2018-08-10,2.42,2.75,2.87,13.15999984741211,92.94238914024643,93.30449988895164,92.28253865772491,93.12747192382812,12630600.0,0.0,-0.009838903379747688,0.1935247090467861,0.0,94.16070098876953,92.25799560546875,0.30290276660271087,-0.027118644067796627,0.4500000000000002,0.1200000000000001,0.33000000000000007,0.16770180238515042,12.338000059127808,-0.33018005071588996,0.8465365343408533,0.5,0.6386146137363413
2018-08-13,2.42,2.75,2.88,14.779999732971191,92.99065307276028,93.24815550641772,91.59048397345671,91.64681243896484,10336300.0,0.0,-0.015899277133544,0.15561723653644538,0.0,93.64086456298828,92.39117202758788,-0.18164616091080388,-0.020408163265306145,0.45999999999999996,0.1299999999999999,0.33000000000000007,0.12310029668257583,12.435500049591065,-0.3031207543066733,0.7845388329405616,0.5,0.6138155331762247
2018-08-14,2.44,2.77,2.89,13.3100004196167,91.95259633824408,92.57221560948189,91.45368881730924,92.25838470458984,10597600.0,0.0,0.0066731427896884465,0.1564148821660586,0.0,93.17413482666015,92.55814476013184,0.02527983901396058,-0.030201342281879096,0.4500000000000002,0.1200000000000001,0.33000000000000007,-0.0994586833499882,12.498000049591065,-0.37759485883921207,0.8407959841295157,0.5,0.6363183936518063
2018-08-15,2.45,2.73,2.86,14.640000343322754,91.59050800094975,92.00090472265212,90.90651755767512,91.4939422607422,10152100.0,0.0,-0.00828588584436396,0.15780241936667472,0.0,92.5158920288086,92.64545402526855,-0.04203781988374722,-0.03378378378378377,0.4099999999999997,0.1299999999999999,0.2799999999999998,0.09992485963755926,12.625000047683717,-0.469430382317897,0.7898966360077213,0.5,0.6159586544030886
2018-08-16,2.45,2.75,2.87,13.449999809265137,92.0169867326845,92.78949415899024,91.97675561613282,92.3549575805664,10118600.0,0.0,0.009410626523999266,0.14891615796387614,0.0,92.17631378173829,92.84179916381837,-0.0032998098915495433,-0.020477815699658675,0.41999999999999993,0.1200000000000001,0.2999999999999998,-0.08128418757861378,12.654000043869019,-0.5557283805226201,0.8354381810623559,0.5,0.6341752724249423
2018-08-17,2.44,2.75,2.87,12.640000343322754,92.25034931032008,92.59636883724964,91.97675561613282,92.3549575805664,8505100.0,0.0,0.0,0.14384615151532035,0.0,92.02181091308594,92.98221931457519,-0.15945881841361453,0.0,0.43000000000000016,0.1200000000000001,0.31000000000000005,-0.060223009474275835,12.643000078201293,-0.6515414377792905,0.8664370135138537,0.5,0.6465748054055416
2018-08-20,2.43,2.7,2.82,12.489999771118164,92.21011452129312,92.58028009526852,91.82386386747864,92.23426055908205,8618700.0,0.0,-0.0013068818896816436,0.12922360716576645,0.0,92.13930053710938,93.0333179473877,0.01335669186723254,-0.02083333333333337,0.3899999999999997,0.11999999999999966,0.27,-0.011867133554614995,12.636500072479247,-0.690733217992662,0.8721775637251914,0.5,0.6488710254900766
2018-08-21,2.45,2.73,2.85,12.859999656677246,92.83778364415244,93.65857089744532,92.4434781672016,92.79754638671876,10976700.0,0.0,0.006107121412611161,0.1286351010013235,0.0,92.24713287353516,93.08039283752441,0.27359114483622826,-0.01384083044982698,0.3999999999999999,0.1200000000000001,0.2799999999999998,0.029623690339424025,12.659000062942505,-0.7333975766020062,0.8580175982662324,0.5,0.643207039306493
2018-08-22,2.43,2.7,2.82,12.25,92.78947804609176,92.8699525439073,92.3629902207752,92.51588439941406,8314700.0,0.0,-0.0030352309761609853,0.12516403649903532,0.0,92.45152130126954,93.07194290161132,-0.24251368808476137,-0.013986013986013957,0.3899999999999997,0.11999999999999966,0.27,-0.04743387814637445,12.657000064849854,-0.7256145866373626,0.8813624002665762,0.5,0.6525449601066304
2018-08-23,2.43,2.72,2.82,12.40999984741211,92.50787637450384,92.66077062033231,92.0813883617664,92.3227996826172,9265400.0,0.0,-0.002087043949807188,0.12496323938182984,0.0,92.4450897216797,93.0671157836914,0.1143396634875582,-0.017421602787456525,0.3899999999999997,0.09999999999999964,0.29000000000000004,0.013061212033641523,12.670500040054321,-0.7332064736557765,0.8752391759056529,0.5,0.6500956703622611
2018-08-24,2.44,2.72,2.82,11.989999771118164,92.52395827758508,92.71708361839052,92.09746419676314,92.28254699707033,8845700.0,0.0,-0.00043599940302130324,0.11889404278879066,0.0,92.43060760498048,93.01279983520507,-0.04529755865909724,-0.017421602787456525,0.3799999999999999,0.09999999999999964,0.28000000000000025,-0.03384368101999047,12.61850004196167,-0.7025709988142586,0.8913126581017244,0.5,0.6565250632406898
2018-08-27,2.47,2.74,2.85,12.15999984741211,92.71707371478898,94.374745503271,92.67683645921984,93.91606903076172,13768000.0,0.0,0.0177013106686712,0.13375864965220732,0.0,92.7669692993164,93.01199531555176,0.5564624619871803,0.010638297872340496,0.3799999999999999,0.10999999999999988,0.27,0.014178488702180525,12.513500022888184,-0.8406970130734452,0.8848067230939195,0.5,0.6539226892375678
2018-08-28,2.47,2.77,2.88,12.5,94.14945191727462,94.17359182008649,93.32061584422964,93.45741271972656,8302600.0,0.0,-0.004883683013659046,0.12266003400656315,0.0,92.89894256591796,93.05987586975098,-0.39696397443346887,0.010526315789473717,0.4099999999999997,0.10999999999999988,0.2999999999999998,0.027960539214994196,12.497000026702882,-0.8366600225615815,0.8717948530783096,0.5,0.6487179412313239
2018-08-29,2.48,2.78,2.89,12.25,93.62637902454856,93.64247638269296,92.8297316980134,93.151611328125,7221700.0,0.0,-0.003272093488385419,0.12148455080170617,0.0,93.02608795166016,93.06389961242675,-0.1301881338375931,0.024822695035461084,0.41000000000000014,0.11000000000000032,0.2999999999999998,-0.020000000000000018,12.452000045776368,-0.8456909049378614,0.8813624002665762,0.5,0.6525449601066304
2018-08-30,2.47,2.75,2.86,13.529999732971191,93.01481326611128,93.37693017141352,92.5239543248972,92.69293975830078,8991800.0,0.0,-0.004923925236339222,0.12167006719862497,0.0,93.10011596679688,93.0252742767334,0.24510849246022404,0.014184397163120588,0.3899999999999997,0.10999999999999988,0.2799999999999998,0.10448977412009719,12.519000053405762,-0.8397309825340997,0.8323765688818943,0.5,0.6329506275527577
2018-08-31,2.46,2.74,2.86,12.859999656677246,92.40325379611971,92.41129633671888,91.59050902349458,92.20207977294922,13065700.0,0.0,-0.005295548794023497,0.11853500445125922,0.0,93.08402252197266,92.92428550720214,0.45306835116439426,0.014184397163120588,0.3999999999999999,0.11999999999999966,0.28000000000000025,-0.04951959272114581,12.580000019073486,-0.8309239600964033,0.8580175982662324,0.5,0.643207039306493
2018-09-04,2.49,2.78,2.9,13.15999984741211,92.0089433678194,92.7331710403552,91.43760990930326,92.66075134277344,10174200.0,0.0,0.004974633662859995,0.12039668651101747,0.0,92.832958984375,92.84502334594727,-0.22130463733286387,0.01754385964912264,0.4099999999999997,0.1200000000000001,0.2899999999999996,0.023328164754584213,12.674499988555908,-0.8134480390952394,0.8465365343408533,0.5,0.6386146137363413
2018-09-05,2.49,2.77,2.9,13.90999984741211,92.54001886875363,93.10330348439192,91.93649700656611,92.21009063720705,11462400.0,0.0,-0.004863555486392501,0.11998419805342575,0.0,92.5834945678711,92.72592620849609,0.1266143775431976,0.00694444444444442,0.4099999999999997,0.1299999999999999,0.2799999999999998,0.05699088211976577,12.823499965667725,-0.7776374752554778,0.8178338927760536,0.5,0.6271335571104215
2018-09-06,2.5,2.76,2.88,14.649999618530272,92.13769078083612,92.2986275229693,91.33299479148384,91.81581115722656,9877600.0,0.0,-0.00427588214322161,0.11978284084813388,0.0,92.3163345336914,92.57745895385742,-0.13826074818537126,-0.0034602076124568004,0.3799999999999999,0.1200000000000001,0.2599999999999998,0.0531991214403813,13.013499927520751,-0.7239474011877775,0.7895139618581357,0.5,0.6158055847432543
2018-09-07,2.53,2.82,2.94,14.880000114440918,92.13768150761427,92.35494670156169,91.43759385717476,91.99283599853516,10955600.0,0.0,0.0019280431014812027,0.11808488748743043,0.0,92.17631378173829,92.47445831298828,0.10913582246699605,0.027972027972027913,0.41000000000000014,0.1200000000000001,0.29000000000000004,0.015699692962430234,13.193999910354615,-0.6570337870519447,0.7807117994663365,0.5,0.6122847197865346
2018-09-10,2.54,2.83,2.94,14.15999984741211,92.41932890779724,92.51589463225132,91.46174489916824,91.5019760131836,8276900.0,0.0,-0.005335850123800667,0.11468803377838102,0.0,92.03629302978516,92.39318351745605,-0.24450509328562564,0.027972027972027913,0.3999999999999999,0.10999999999999988,0.29000000000000004,-0.04838711434753651,13.243999910354614,-0.6973098937101454,0.8082663455877871,0.5,0.6233065382351148
2018-09-11,2.55,2.87,2.98,13.220000267028809,91.365196083024,92.20208076514034,91.07550499539356,92.08137512207033,9333800.0,0.0,0.006332093951755269,0.10251347003827462,0.0,91.92041778564455,92.41491165161133,0.12769273520279323,0.02758620689655178,0.43000000000000016,0.10999999999999988,0.3200000000000003,-0.06638415187236713,13.165999937057496,-0.6601420255815668,0.844240306956859,0.5,0.6376961227827436
2018-09-12,2.56,2.87,2.97,13.140000343322754,91.93652619463646,92.44348250965972,90.80995046635202,90.99503326416016,10800800.0,0.0,-0.011797628526616033,0.10799872679789327,0.0,91.67740631103516,92.35174407958985,0.15717071289292672,0.024137931034482918,0.41000000000000014,0.10000000000000009,0.31000000000000005,-0.006051431323006673,13.157499933242798,-0.5782660788580852,0.8473019191373207,0.5,0.6389207676549282
2018-09-13,2.55,2.87,2.97,12.369999885559082,91.22839870252406,91.83996331575192,90.66510775116912,91.3490982055664,12470800.0,0.0,0.0038910359027881647,0.10521948339269015,0.0,91.58406372070313,92.34450187683106,0.15461817643137543,0.03125,0.4200000000000004,0.10000000000000009,0.3200000000000003,-0.05859972889231746,13.043999910354614,-0.41890204647094437,0.8767699819958837,0.5,0.6507079927983535
2018-09-14,2.56,2.9,2.99,12.06999969482422,91.58246929040548,92.12966293245934,91.11575017695672,91.33301544189452,10337900.0,0.0,-0.00017605826426114746,0.0991017802711146,0.0,91.452099609375,92.29340476989746,-0.17103152965327006,0.017006802721088565,0.43000000000000016,0.0900000000000003,0.33999999999999986,-0.02425223876397009,12.974999904632568,-0.3099662309735661,0.8882510459212628,0.5,0.6553004183685052
2018-09-17,2.57,2.89,2.99,13.68000030517578,91.56635915434826,92.0813641064496,91.17205983087702,91.6065902709961,9561300.0,0.0,0.002995355269701072,0.09988463282052042,0.0,91.4730224609375,92.25598640441895,-0.07512163979144704,0.017006802721088565,0.4200000000000004,0.10000000000000009,0.3200000000000003,0.13338862063451007,13.026999902725219,-0.3348005307866424,0.8266360186705568,0.5,0.6306544074682228
2018-09-18,2.58,2.94,3.05,12.789999961853027,92.00088550064105,92.26643662622162,91.38126620761976,91.97674560546876,7944200.0,0.0,0.004040706387800963,0.10102926173134498,0.0,91.45209655761718,92.24311065673828,-0.1691297208538588,0.02348993288590595,0.46999999999999975,0.10999999999999988,0.3599999999999999,-0.06505850317751993,13.041999912261963,-0.3315565006763936,0.8606964997998123,0.5,0.644278599919925
2018-09-19,2.58,2.96,3.08,11.75,92.08940499269774,95.00240035538964,92.08940499269774,94.6483383178711,16052800.0,0.0,0.029046393137913684,0.1436199830556797,0.0,92.18275756835938,92.3356502532959,1.0206943430427229,0.03703703703703698,0.5,0.1200000000000001,0.3799999999999999,-0.08131352345229803,12.986499929428101,-0.44141986528563165,0.9004974946431092,0.5,0.6601989978572438
2018-09-20,2.58,2.96,3.07,11.800000190734863,95.3565046747809,95.9519781748304,95.01853372659158,95.46111297607422,15590000.0,0.0,0.008587310381229063,0.14517765559118684,0.0,93.00516052246094,92.4829116821289,-0.02882986145719124,0.03367003367003352,0.48999999999999977,0.10999999999999988,0.3799999999999999,0.004255335381690539,12.963999938964843,-0.5135692991827969,0.8985839779059968,0.5,0.6594335911623987
2018-09-21,2.58,2.95,3.07,11.68000030517578,95.86344509408973,95.94391961632992,94.7449179956048,94.83343505859376,14041250.0,0.0,-0.006575221028878753,0.1475473267387634,0.0,93.70524444580079,92.60844345092774,-0.09934252726106474,0.026755852842809347,0.48999999999999977,0.11999999999999966,0.3700000000000001,-0.010169481662661739,12.927499961853027,-0.5799742049660997,0.9031763961766892,0.5,0.6612705584706757
2018-09-24,2.6,2.96,3.08,12.199999809265137,94.7610180129243,95.32430284833583,93.69077068629812,93.92413330078124,12492500.0,0.0,-0.009588408953558503,0.15253624611378427,0.0,94.16875305175782,92.69052276611328,-0.11030000890234126,0.030100334448160515,0.48,0.1200000000000001,0.3599999999999999,0.04452050432386789,12.937999963760376,-0.6263646603225532,0.8832759170036887,0.5,0.6533103668014755
2018-09-25,2.59,2.99,3.1,12.420000076293944,94.18162297713728,94.92999052178472,93.60224086007558,93.6585693359375,9308300.0,0.0,-0.0028274305602937755,0.1394345327036167,0.0,94.50511779785157,92.67764778137207,-0.25488893336001606,0.016393442622950838,0.5100000000000002,0.10999999999999988,0.40000000000000036,0.01803280905477811,12.950999975204468,-0.6185634725088559,0.8748564652587714,0.5,0.6499425861035086
2018-09-26,2.58,2.96,3.06,12.890000343322754,93.94827169865336,94.04483744289723,92.26645976031212,92.55614471435548,14023600.0,0.0,-0.01177067543737298,0.1446144864484717,0.0,94.08667907714843,92.63258438110351,0.5065694057991255,-0.006493506493506551,0.48,0.10000000000000009,0.3799999999999999,0.03784221128354903,12.970499992370605,-0.6121769766212579,0.8568694663255871,0.5,0.6427477865302349
2018-09-27,2.58,2.96,3.06,12.40999984741211,92.87802104233238,93.15162090482556,91.86410839135628,92.15379333496094,13283000.0,0.0,-0.004347106079626295,0.1449431581414899,0.0,93.42521514892579,92.58269348144532,-0.05281097578367899,-0.0032573289902279035,0.48,0.10000000000000009,0.3799999999999999,-0.03723820660402799,12.97849998474121,-0.5879456502761399,0.8752391759056529,0.5,0.6500956703622611
2018-09-28,2.59,2.94,3.05,12.119999885559082,91.45370308675272,91.92847078744153,90.54439266306755,90.80189514160156,15815100.0,0.0,-0.014670022192635024,0.15280475405206162,0.0,92.61890716552735,92.48814125061035,0.19062711736806448,-0.006514657980456029,0.45999999999999996,0.10999999999999988,0.3500000000000001,-0.023368248623588994,12.907999992370605,-0.4994257292258497,0.8863375291841503,0.5,0.6545350116736601
2018-10-01,2.6,2.96,3.09,12.0,91.22840714979031,92.22622868317868,90.96285593982054,91.33301544189452,10146300.0,0.0,0.005849220431629609,0.1537542585200098,0.0,92.10068359375,92.44468803405762,-0.3584422482311209,0.0032467532467532756,0.48999999999999977,0.1299999999999999,0.3599999999999999,-0.009900980750178201,12.865000009536743,-0.43935231729426366,0.8909299474548428,0.5,0.6563719789819371
2018-10-02,2.61,2.94,3.05,12.050000190734863,91.22033947537832,91.8319101572386,90.77775421758273,91.7112045288086,13753100.0,0.0,0.004140770838281238,0.15339362804850348,0.0,91.71121063232422,92.39721069335937,0.35547933729536885,-0.016129032258064613,0.43999999999999995,0.10999999999999988,0.33000000000000007,0.004166682561238533,12.809500026702882,-0.41132263069067726,0.8890164307177302,0.5,0.6556065722870921
2018-10-03,2.62,3.02,3.15,11.609999656677246,92.49175910685103,93.07114120226956,92.12159968796549,92.57222747802734,17142000.0,0.0,0.00938841610076424,0.15629531839248217,0.0,91.7144271850586,92.41531753540039,0.24640990031338394,0.02941176470588225,0.5299999999999998,0.1299999999999999,0.3999999999999999,-0.03651456656373575,12.694500017166138,-0.41031187479293973,0.9058553342075651,0.5,0.6623421336830261
2018-10-04,2.63,3.05,3.19,14.220000267028809,92.82342717037116,94.65477094969812,92.54791138988992,93.4068603515625,16357400.0,0.0,0.009016018046376306,0.1583081664951046,0.0,91.96504058837891,92.49486999511718,-0.0457706218644266,0.042483660130719025,0.56,0.14000000000000012,0.41999999999999993,0.22480626076939414,12.673000049591064,-0.3138050556651779,0.8059701182037928,0.5,0.6223880472815171
2018-10-05,2.64,3.07,3.23,14.81999969482422,93.86064198812312,94.0794286397008,92.3939386620349,92.88014221191406,13777600.0,0.0,-0.005638966320739014,0.15993082045957896,0.0,92.38069000244141,92.53923530578614,-0.15771455121229538,0.059016393442623105,0.5899999999999999,0.16000000000000014,0.4299999999999997,0.04219405179524505,12.670000028610229,-0.23664398995045835,0.7830080268503307,0.5,0.6132032107401323
2018-10-08,2.645,3.0599999999999996,3.2199999999999998,15.6899995803833,92.58034117326618,93.820146941161,91.85104184440551,93.44739532470705,14370900.0,0.0,0.006107366970850903,0.15952383034724343,0.0,92.8035659790039,92.63650627136231,0.04306265242132157,0.04207119741100329,0.5749999999999997,0.16000000000000014,0.4149999999999996,0.05870444692808752,12.746500015258789,-0.055201244068542085,0.7497129670148386,0.5,0.5998851868059354
2018-10-09,2.65,3.05,3.21,15.949999809265137,92.92066894763796,93.21238864825348,92.11033781978064,92.7991180419922,14069500.0,0.0,-0.006937349943914817,0.16070112289638244,0.0,93.02114868164062,92.6723934173584,-0.020972938368508554,0.05245901639344264,0.56,0.16000000000000014,0.3999999999999999,0.016571079403144617,12.882999992370605,-0.026288241113509893,0.7397627091796903,0.5,0.5959050836718761
2018-10-10,2.67,3.05,3.22,22.959999084472656,92.94497211947804,93.14755488885994,90.32760620117188,90.32760620117188,23086400.0,0.0,-0.026632923814016718,0.1827907327365032,0.0,92.57222442626953,92.639022064209,0.6408827605813996,0.022222222222222365,0.5500000000000003,0.17000000000000037,0.3799999999999999,0.439498392415999,13.3739999294281,-0.3419631383904739,0.4714887137586411,0.5,0.48859548550345644
2018-10-11,2.66,3.0,3.14,24.979999542236328,89.92246845382374,90.32763411780792,87.01337577160184,87.62112426757812,21692000.0,0.0,-0.02996295426634077,0.2099643252933905,0.0,91.41507720947266,92.45262336730958,-0.06039919606348332,-0.01567398119122254,0.48,0.14000000000000012,0.33999999999999986,0.0879791175222544,14.004499912261963,-0.6535866065287241,0.39418291495874525,0.5,0.4576731659834981
2018-10-12,2.66,3.0,3.15,21.309999465942383,89.43625431882026,89.80900591872538,85.57097113863217,86.6649169921875,20297600.0,0.0,-0.010912976561115006,0.21217614879621685,0.0,90.17203216552734,92.21921844482424,-0.06428176286188458,-0.024767801857585203,0.48999999999999977,0.1499999999999999,0.33999999999999986,-0.14691753977371724,14.46649990081787,-0.7440761577206941,0.534634510602282,0.5,0.5138538042409128
2018-10-15,2.67,3.01,3.16,21.299999237060547,86.8674783976178,88.20452574823037,86.15438936238064,86.17059326171875,18903200.0,0.0,-0.005703850504043206,0.21141464409481858,0.0,88.71667175292968,91.94741859436036,-0.0686977770770929,-0.01863354037267073,0.4900000000000002,0.15000000000000036,0.33999999999999986,-0.0004692740090311842,14.84749984741211,-0.7831099526026645,0.5350172212491637,0.5,0.5140068884996655
2018-10-16,2.66,3.02,3.16,17.6200008392334,86.83509046077224,88.14782298913744,86.48664781312327,88.01817321777344,19302800.0,0.0,0.021440956666541444,0.22747909568240715,0.0,87.76048278808594,91.7494899749756,0.021139278005840367,-0.015576323987538832,0.5,0.14000000000000012,0.3599999999999999,-0.1727698840206624,15.088999891281128,-0.7834964803509731,0.67585145454499,0.5,0.570340581817996
2018-10-17,2.66,3.04,3.19,17.399999618530273,87.8236584832495,89.78466390996056,87.70211379720736,88.99864196777344,18794500.0,0.0,0.011139389902743657,0.2024660930504188,0.0,87.49468994140625,91.46700515747071,-0.026332967237913674,-0.009316770186335477,0.5299999999999998,0.1499999999999999,0.3799999999999999,-0.012485880262460669,15.371499872207641,-0.7762206357907202,0.6842709427872036,0.5,0.5737083771148814
2018-10-18,2.67,3.03,3.17,20.059999465942383,88.34229223899331,89.00676348194537,87.36179236721868,87.58868408203125,17582500.0,0.0,-0.01584246517213972,0.20250115551856757,0.0,87.48820190429687,91.07338371276856,-0.06448695096969859,0.009554140127388422,0.5,0.14000000000000012,0.3599999999999999,0.1528735578005025,15.784499835968017,-0.7841646427978692,0.5824722465436147,0.5,0.5329888986174459
2018-10-19,2.67,3.05,3.2,19.88999938964844,87.23216034939031,88.50438016533222,86.92423051751676,87.4428482055664,15234500.0,0.0,-0.0016650081913350823,0.2024926459442174,0.0,87.64378814697265,90.70385437011718,-0.13354187402246553,0.01587301587301604,0.5300000000000002,0.15000000000000036,0.3799999999999999,-0.008474580300092516,16.194999790191652,-0.7821977712828201,0.5889781815514196,0.5,0.5355912726205678
2018-10-22,2.68,3.05,3.2,19.63999938964844,87.63730671595904,87.79126541572593,85.9842305863935,86.18681335449219,16199100.0,0.0,-0.014364066094021188,0.20494454851734376,0.0,87.64703216552735,90.31698837280274,0.06331681381075849,0.012658227848101333,0.52,0.15000000000000036,0.36999999999999966,-0.0125691306018898,16.566999769210817,-0.7688386509366039,0.598545728739686,0.5,0.5394182914958744
2018-10-23,2.67,3.01,3.17,20.709999084472656,84.43650333540882,86.02475782945716,84.03133776051273,85.287353515625,21407500.0,0.0,-0.01043616539304737,0.20604061613733055,0.0,87.10086822509766,89.89842758178712,0.321524035285911,0.0031645569620253333,0.5,0.16000000000000014,0.33999999999999986,0.05448063788577184,16.98149971961975,-0.7604768490151014,0.5575966384530402,0.5,0.5230386553812161
2018-10-24,2.64,2.94,3.1,25.229999542236328,84.89029981368968,85.10908652150964,83.39118830242049,83.69911193847656,23168900.0,0.0,-0.018622240129158918,0.21059266833352333,0.0,86.04096221923828,89.45557594299316,0.08227957491533333,-0.028213166144200552,0.45999999999999996,0.16000000000000014,0.2999999999999998,0.21825208390050332,17.59849967956543,-0.7922057364673376,0.3846153677704788,0.5,0.4538461471081915
2018-10-25,2.66,2.98,3.14,24.21999931335449,84.42029570116091,85.81406620637084,84.04754413061292,84.97132110595703,17464700.0,0.0,0.015199792901215092,0.22241207106034144,0.0,85.51748962402344,89.09645233154296,-0.24620072597317955,-0.009463722397476282,0.48,0.16000000000000014,0.31999999999999984,-0.04003171808192252,18.18899965286255,-0.8028618565386068,0.42326826717042676,0.5,0.4693073068681707
2018-10-26,2.63,2.91,3.08,24.15999984741211,84.27442922286848,84.72821263264431,83.24531150931674,83.80443572998047,19174900.0,0.0,-0.013732696641511444,0.22183731003624246,0.0,84.78980712890625,88.74657936096192,0.09792323944871661,-0.03749999999999998,0.4500000000000002,0.16999999999999993,0.28000000000000025,-0.0024772695145905965,18.7909996509552,-0.8272838708991099,0.42556445805712473,0.5,0.4702257832228499
2018-10-29,2.64,2.91,3.08,24.700000762939453,84.64718243832067,86.40559936831697,84.03132909691874,84.96321105957031,18445200.0,0.0,0.01382713599222174,0.2282076202367979,0.0,84.54508666992187,88.42808914184572,-0.03805495726183705,-0.03749999999999998,0.43999999999999995,0.16999999999999993,0.27,0.022351031412989997,19.425999689102174,-0.8408521492335421,0.4048985210930648,0.5,0.46195940843722594
2018-10-30,2.66,2.94,3.12,23.350000381469727,85.66009243183503,86.68921630195157,84.97131229286303,86.46231842041016,18019700.0,0.0,0.01764419378863602,0.23899071523766513,0.0,84.7800796508789,88.1656448364258,-0.023068332140611103,-0.01577287066246047,0.45999999999999996,0.18000000000000016,0.2799999999999998,-0.05465588420123868,19.990999698638916,-0.8410996958762081,0.45656329050862265,0.5,0.48262531620344906
2018-10-31,2.69,2.98,3.15,21.229999542236328,87.58059332800624,89.52538935005998,87.3455965495342,88.34230041503906,20860000.0,0.0,0.021743367850579398,0.25108901477116047,0.0,85.7087173461914,87.95414848327638,0.15762193599227503,0.016129032258064502,0.45999999999999996,0.16999999999999993,0.29000000000000004,-0.09079232567875262,20.47199969291687,-0.8267162925188332,0.5376961227827436,0.5,0.5150784491130974
2018-11-01,2.67,2.96,3.14,19.34000015258789,88.82850985857081,89.31470735025309,87.77507680797876,88.30989837646484,13065000.0,0.0,-0.0003667782978481471,0.24770797763679384,0.0,86.37643280029297,87.6993003845215,-0.3736816874400767,0.0,0.4700000000000002,0.18000000000000016,0.29000000000000004,-0.08902493784271404,20.727999687194824,-0.7910959814844447,0.6100267561677692,0.5,0.5440107024671077
2018-11-02,2.7,3.04,3.22,19.51000022888184,89.0553991951431,89.7927973646994,87.1024980558254,87.82369232177734,19009200.0,0.0,-0.005505680151672299,0.24768735308874948,0.0,87.18028411865234,87.44647789001466,0.45497129735935715,0.045454545454545414,0.52,0.18000000000000016,0.33999999999999986,0.008790076264358238,20.962499713897706,-0.7426072992247387,0.6035208211599641,0.5,0.5414083284639857
2018-11-05,2.71,3.03,3.2,19.959999084472656,88.01006186544133,88.5610872644904,87.85609697704453,88.39901733398438,10276400.0,0.0,0.006550908951756362,0.24790095141564392,0.0,87.86744537353516,87.19405899047851,-0.45939860699029944,0.038961038961039085,0.4900000000000002,0.17000000000000037,0.31999999999999984,0.02306503589501019,21.175999689102174,-0.6787163628057525,0.5862992800178398,0.5,0.5345197120071359
2018-11-06,2.72,3.05,3.22,19.90999984741211,88.05867821469181,88.86900930605513,87.3212801363657,88.81228637695312,10825000.0,0.0,0.004675041142226277,0.24866736737129258,0.0,88.33743896484376,86.99471740722656,0.05338445369973921,0.03205128205128216,0.5,0.17000000000000037,0.3299999999999996,-0.002504971911518883,21.373999691009523,-0.5791736757862707,0.5882127602576562,0.5,0.5352851041030625
2018-11-07,2.74,3.07,3.22,16.360000610351562,89.43624820708602,90.53829902816348,88.60970700011002,90.3357162475586,12679600.0,0.0,0.017153368444310146,0.23973002774878935,0.0,88.73612213134766,86.9951229095459,0.17132563510392607,0.022222222222222365,0.48,0.15000000000000036,0.3299999999999996,-0.17830232366988052,21.043999767303468,-0.7793385179011976,0.7240719011332044,0.5,0.5896287604532817
2018-11-08,2.74,3.09,3.24,16.719999313354492,89.95488298968873,91.51071766498168,89.94677794530584,91.06503295898438,11662500.0,0.0,0.008073403762329567,0.2129652258737611,0.0,89.28714904785156,87.16731834411621,-0.0802154642102274,0.031847133757961776,0.5,0.15000000000000036,0.34999999999999964,0.02200480987605502,20.630999755859374,-0.8825915664594783,0.7102946828184233,0.5,0.5841178731273693
2018-11-09,2.73,3.05,3.19,17.360000610351562,90.94346833067576,91.04880915528298,89.80900347615074,90.18175506591795,10432200.0,0.0,-0.009699418803968851,0.21202967592881508,0.0,89.75876159667969,87.34316024780273,-0.105491961414791,-0.009316770186335477,0.45999999999999996,0.14000000000000012,0.31999999999999984,0.03827759110527551,20.433499813079834,-0.8908963566742658,0.6858017123801383,0.5,0.5743206849520553
2018-11-12,2.725,3.02,3.165,20.450000762939453,90.28708698374582,90.70846260527844,88.00195359723591,88.28556823730469,13279700.0,0.0,-0.021026279952383486,0.22600144603487624,0.0,89.73607177734375,87.44890899658203,0.27295297252736717,-0.010937500000000044,0.43999999999999995,0.14500000000000002,0.29499999999999993,0.177995394236643,20.39099988937378,-0.8868029615325169,0.5675468232935963,0.5,0.5270187293174385
2018-11-13,2.72,2.99,3.14,20.020000457763672,88.40711584922806,90.04398802364656,88.40711584922806,88.8041763305664,13746100.0,0.0,0.005874211421143416,0.214049090998757,0.0,89.73444976806641,87.48820915222169,0.03512127533001497,-0.024844720496894457,0.41999999999999993,0.1499999999999999,0.27,-0.021026909004084215,20.510999870300292,-0.8956013802978898,0.5840030161365495,0.5,0.5336012064546198
2018-11-14,2.71,2.95,3.12,21.25,89.32280080648871,89.71175627644462,85.87889359550613,86.97283935546875,18361400.0,0.0,-0.020622194256727844,0.2226883792136401,0.0,89.06187438964844,87.38691902160645,0.3357534136955209,-0.03105590062111807,0.41000000000000014,0.16999999999999993,0.2400000000000002,0.061438537168431395,20.70349988937378,-0.8967673526744409,0.5369307014889801,0.5,0.5147722805955921
2018-11-15,2.7,2.94,3.11,19.979999542236328,87.71023832489627,89.20125079417271,86.5514645809287,89.19314575195312,19100000.0,0.0,0.02552873302675218,0.23437173974977182,0.0,88.68749694824218,87.46714210510254,0.040225690851460216,-0.040123456790123524,0.4099999999999997,0.16999999999999993,0.23999999999999977,-0.059764727424172825,20.699499893188477,-0.8915481042530273,0.5855338587240764,0.5,0.5342135434896306
2018-11-16,2.68,2.9,3.08,18.13999938964844,88.6907392368533,89.7522772155317,87.96144616957619,89.1283187866211,13798600.0,0.0,-0.0007268155505167906,0.23425326835342494,0.0,88.47680969238282,87.55141563415528,-0.27756020942408377,-0.03448275862068961,0.3999999999999999,0.18000000000000016,0.21999999999999975,-0.09209210183905436,20.611999893188475,-0.8970735879915107,0.6559510118692855,0.5,0.5623804047477142
2018-11-19,2.66,2.87,3.06,20.100000381469727,89.10399267989256,90.10880135119424,88.75555011565335,89.8089828491211,13987000.0,0.0,0.007636900053388684,0.22797568464834664,0.0,88.7814926147461,87.73252410888672,0.013653559056715947,-0.033175355450236976,0.3999999999999999,0.18999999999999995,0.20999999999999996,0.1080485698880318,20.63499994277954,-0.9105923335540578,0.5809414039560878,0.5,0.5323765615824352
2018-11-20,2.67,2.88,3.06,22.479999542236328,88.95814341258118,89.5334777274075,87.49955120357143,87.88040161132812,18936200.0,0.0,-0.021474257658980256,0.23915641229665638,0.0,88.59673767089843,87.86217651367187,0.35384285407878746,-0.02547770700636942,0.3900000000000001,0.18000000000000016,0.20999999999999996,0.1184079161988838,20.723499965667724,-0.9297183623669352,0.4898583868414108,0.5,0.4959433547365643
2018-11-21,2.67,2.89,3.06,20.799999237060547,88.35039687978417,88.82039039109671,87.22403717041016,87.22403717041016,10619600.0,0.0,-0.007468837521031113,0.2297353925981406,0.0,88.64697723388672,88.03842277526856,-0.4391905450935246,-0.019230769230769273,0.3900000000000001,0.16999999999999993,0.2200000000000002,-0.07473311118264614,20.501999950408937,-0.9136006910924828,0.5541523156256968,0.5,0.5216609262502787
2018-11-23,2.67,2.88,3.05,21.520000457763672,86.49472552542822,87.02144188946413,85.94370022160113,86.42179870605469,6488400.0,0.0,-0.00919744706138892,0.2276883013990219,0.0,88.09270782470703,88.11094665527344,-0.3890165354627293,-0.019292604501607746,0.3799999999999999,0.16999999999999993,0.20999999999999996,0.03461544457272181,20.367000007629393,-0.8975852651738438,0.5265977330069501,0.5,0.51063909320278
2018-11-26,2.7,2.9,3.07,18.899999618530277,87.2888631026388,89.12021303622178,87.07007025350318,88.53677368164062,13948300.0,0.0,0.024472702573335336,0.23528527568652272,0.0,87.97439880371094,88.34756355285644,1.1497287466863941,-0.0032467532467532756,0.36999999999999966,0.16999999999999993,0.19999999999999973,-0.12174724830399286,20.1039999961853,-0.8847149531372975,0.6268656596576041,0.5,0.5507462638630416
2018-11-27,2.7,2.89,3.06,19.020000457763672,88.13162863892444,89.1607466080397,88.02628161954017,88.9095458984375,9238200.0,0.0,0.0042103659450849484,0.23178734763656206,0.0,87.79451141357421,88.54488029479981,-0.3376827283611623,0.0,0.3599999999999999,0.16999999999999993,0.18999999999999995,0.006349250881240387,19.819999980926514,-0.8402526653729592,0.6222732048896157,0.5,0.5489092819558463
2018-11-28,2.69,2.87,3.06,18.489999771118164,88.97436293520393,90.27089154153846,88.22075471678197,89.89813995361328,13977300.0,0.0,0.01111909913818554,0.2271975707092238,0.0,88.19805908203125,88.71667137145997,0.5129895434175489,0.0,0.3700000000000001,0.18999999999999995,0.18000000000000016,-0.027865440267598407,19.576999950408936,-0.8118625649506016,0.642556431206794,0.5,0.5570225724827176
2018-11-29,2.69,2.85,3.03,18.790000915527344,89.35521213256631,89.78469283014479,88.8447057397502,89.18504333496094,11144300.0,0.0,-0.007932273337582951,0.21727991573545832,0.0,88.5902603149414,88.75880851745606,-0.20268578337733323,-0.009803921568627527,0.33999999999999986,0.17999999999999972,0.16000000000000014,0.01622504857343432,19.455000019073488,-0.8219698556488424,0.6310753307841188,0.5,0.5524301323136476
2018-11-30,2.7,2.84,3.01,18.06999969482422,89.01486876466367,90.20605645298768,88.79608209116984,90.10071563720705,18652700.0,0.0,0.010267106097678669,0.21993836772098174,0.0,89.32604370117187,88.84834938049316,0.6737435280816202,-0.013114754098360715,0.3099999999999996,0.16999999999999993,0.13999999999999968,-0.03831831748917813,19.391499996185303,-0.8343128704441883,0.6586299134028655,0.5,0.5634519653611462
2018-12-03,2.72,2.83,2.98,16.440000534057617,91.0650068335856,91.47827742582668,90.54639542393768,90.9515609741211,16034500.0,0.0,0.009443269466804294,0.22038832266030253,0.0,89.80900115966797,89.00474281311035,-0.14036573793606288,-0.02931596091205202,0.2599999999999998,0.1499999999999999,0.10999999999999988,-0.09020471434946853,19.238000011444093,-0.8690556687764628,0.7210102889527429,0.5,0.5884041155810972
2018-12-04,2.71,2.79,2.91,20.739999771118164,90.43295848683395,90.43295848683395,86.48664959538871,86.89181518554688,23555900.0,0.0,-0.04463635087834672,0.27421180485307656,0.0,89.40545501708985,88.92938270568848,0.46907605475693037,-0.04901960784313719,0.20000000000000018,0.1200000000000001,0.08000000000000007,0.26155712271131226,19.27700004577637,-0.8650677083962539,0.556448506512395,0.5,0.5225794026049579
2018-12-06,2.7,2.75,2.87,21.190000534057617,85.0928639209388,85.37647854740348,83.36685485554554,85.23872375488281,21402250.0,0.0,-0.01902470822060842,0.2808554508853041,0.0,88.47357177734375,88.75070457458496,-0.09142720082866718,-0.06209150326797386,0.16999999999999993,0.1200000000000001,0.04999999999999982,0.021697240496892922,19.341000080108643,-0.8434125833731324,0.5392268923756782,0.5,0.5156907569502713
2018-12-07,2.68,2.7,2.85,23.229999542236328,85.21443353615408,86.68923610014733,83.39118830242049,83.69911193847656,19248600.0,0.0,-0.018062351811292232,0.2769579116714281,0.0,87.37638549804687,88.41887435913085,-0.10062727049726083,-0.05940594059405935,0.16999999999999993,0.1499999999999999,0.020000000000000018,0.09627177710070955,19.68450002670288,-0.8718321423731159,0.4611557452766111,0.5,0.48446229811064445
2018-12-10,2.69,2.71,2.85,22.63999938964844,83.35875632580041,83.86115761399846,80.44966467685008,82.1351547241211,23636400.0,0.0,-0.018685469632044205,0.2782042678066232,0.0,85.78327331542968,87.97238044738769,0.22795424082790428,-0.0531561461794019,0.16000000000000014,0.14000000000000012,0.020000000000000018,-0.025398199062172222,19.98050003051758,-0.8460929727083984,0.4837351624804874,0.5,0.49349406499219495
2018-12-11,2.7,2.75,2.89,21.76000022888184,83.56944865408059,83.99892935355768,81.2032831973895,81.33293914794922,16860700.0,0.0,-0.009767018505856484,0.27821951532168704,0.0,83.85954895019532,87.52993965148926,-0.28666378974801576,-0.030201342281879096,0.18999999999999995,0.14000000000000012,0.04999999999999982,-0.03886922192979203,20.200500011444092,-0.7990516822173248,0.5174128964655651,0.5,0.506965158586226
2018-12-12,2.7,2.77,2.91,21.459999084472656,82.37827495718268,83.38308394093445,81.081740056725,81.85965728759766,22621500.0,0.0,0.006476074087158112,0.2743124901389697,0.0,82.85311737060547,87.20864410400391,0.34167027466238054,0.0,0.20999999999999996,0.14000000000000012,0.06999999999999984,-0.01378681715319996,20.250999927520752,-0.7846676380551084,0.5288939968882405,0.5,0.5115575987552962
2018-12-13,2.69,2.75,2.91,20.649999618530277,82.28913173284623,82.62946933612804,81.57603635568118,81.94068908691406,17250900.0,0.0,0.00098988686248358,0.2726109671796698,0.0,82.19351043701172,86.86546974182129,-0.23741131224719847,0.013937282229965264,0.2200000000000002,0.16000000000000014,0.06000000000000005,-0.03774461791699013,20.282499885559083,-0.7483191482438626,0.5598928293397382,0.5,0.5239571317358953
2018-12-14,2.68,2.73,2.89,21.6299991607666,81.02500275689228,82.60515206836874,80.91966194239471,81.26810455322266,19879500.0,0.0,-0.008208187424174618,0.26597540346909004,0.0,81.70730895996094,86.58023300170899,0.15237465871345846,0.01403508771929829,0.20999999999999996,0.16000000000000014,0.04999999999999982,0.04745760582760128,20.301499843597412,-0.7555723341329701,0.5223880618804355,0.5,0.5089552247521743
2018-12-17,2.66,2.69,2.86,24.520000457763672,80.8467509612954,81.48691342922983,79.76901503246435,80.23090362548828,20358350.0,0.0,-0.012762706026385962,0.24491633611460462,0.0,81.32645874023437,86.13212089538574,0.024087627958449653,0.0035087719298245723,0.19999999999999973,0.16999999999999993,0.029999999999999805,0.13361079099064765,20.52849988937378,-0.8016957879594229,0.4117871667477514,0.5,0.46471486669910056
2018-12-18,2.64,2.65,2.82,25.57999992370605,80.56311814884543,81.75430587972033,79.50969140640233,79.85002899169922,20837200.0,0.0,-0.004747231011717812,0.24436487310072463,0.0,81.02987670898438,85.66820640563965,0.023521061382675956,-0.02422145328719738,0.17999999999999972,0.16999999999999993,0.009999999999999787,0.04322999372566305,20.90049991607666,-0.8220084471422427,0.3712207871079871,0.5,0.44848831484319485
2018-12-19,2.62,2.62,2.77,25.57999992370605,79.74469318971798,81.50311034006121,78.2779895720298,78.83712005615234,19880225.0,0.0,-0.012685141738047134,0.24063977382147908,0.0,80.42536926269531,85.1196132659912,-0.04592627608315891,-0.04810996563573888,0.1499999999999999,0.1499999999999999,0.0,0.0,21.174499893188475,-0.8571169097887665,0.3712207871079871,0.5,0.44848831484319485
2018-12-20,2.64,2.65,2.79,28.3799991607666,78.28608140857011,79.63933274673651,77.54057834372414,78.15642547607422,18923250.0,0.0,-0.008634188813509414,0.2341900530357619,0.0,79.66851654052735,84.63341445922852,-0.04813703064225883,-0.04123711340206193,0.1499999999999999,0.14000000000000012,0.009999999999999787,0.10946048652899631,21.46949987411499,-0.8975710161005073,0.26406428779723856,0.5,0.40562571511889545
2018-12-21,2.62,2.64,2.79,30.11000061035156,78.34282443742477,79.76090410574012,75.91993576375737,76.30889129638672,17966275.0,0.0,-0.02363892883321639,0.24265276668330446,0.0,78.67667388916016,84.08765716552735,-0.050571387050321714,-0.03460207612456745,0.16999999999999993,0.1499999999999999,0.020000000000000018,0.06095847430385293,21.93499994277954,-0.910800069061607,0.19785680577854392,0.5,0.37914272231141755
2018-12-24,2.61,2.58,2.74,30.260000228881836,75.27165056883354,76.34939234664448,74.66390228271484,74.66390228271484,17009300.0,0.0,-0.02155697698820802,0.24834055505089075,0.0,77.56327362060547,83.49976234436035,-0.0532650758156602,-0.04195804195804187,0.13000000000000034,0.16000000000000014,-0.029999999999999805,0.004981720873121098,22.37199993133545,-0.9301855261237993,0.19211629206450243,0.5,0.37684651682580095
2018-12-26,2.61,2.67,2.81,30.40999984741211,75.10959638173023,77.7593765258789,73.82927167909651,77.7593765258789,22542900.0,0.0,0.04145877925644781,0.2820729387614297,0.0,77.1451431274414,82.96089248657226,0.3253279088498644,-0.0035460992907800915,0.20000000000000018,0.14000000000000012,0.06000000000000005,0.004957026351477101,22.94749994277954,-0.920372978053825,0.18637577835046093,0.5,0.37455031134018435
2018-12-27,2.58,2.6,2.77,29.959999084472656,76.83558566370576,78.72365838953141,75.80646800735678,78.634521484375,20304700.0,0.0,0.0112545264326398,0.28663181967549856,0.0,77.10462341308593,82.44714126586913,-0.09928624977265565,0.0,0.18999999999999995,0.16999999999999993,0.020000000000000018,-0.014797789056146593,23.49449987411499,-0.9103677996491271,0.20359739248717756,0.5,0.381438956994871
2018-12-28,2.57,2.56,2.72,28.34000015258789,79.37192226970487,79.67174697778326,78.14832686022676,78.46435546875,17963300.0,0.0,-0.002164011586931469,0.2799299251534616,0.0,77.1662094116211,81.87545204162598,-0.11531320334700834,-0.02508960573476693,0.15000000000000036,0.16000000000000014,-0.009999999999999787,-0.05407206212914606,23.986999893188475,-0.9082998689911075,0.2655950573901732,0.5,0.40623802295606926
2018-12-31,2.63,2.51,2.69,25.420000076293945,79.08021520642744,80.06882021417093,78.41574390025599,79.10453033447266,13237200.0,0.0,0.008158798500264464,0.2847238465682557,0.0,77.72533721923828,81.37142639160156,-0.26309753775753897,-0.03584229390681004,0.06000000000000005,0.18000000000000016,-0.1200000000000001,-0.10303458223613671,24.318499851226807,-0.9018356767905541,0.3773440114689103,0.5,0.4509376045875641
2019-01-02,2.6,2.49,2.66,23.21999931335449,77.75127063189353,80.85484039070879,77.74317177175233,80.47398376464844,15670900.0,0.0,0.017311946918658228,0.2910333778669742,0.0,78.887353515625,80.89008979797363,0.18385308071193296,-0.02919708029197088,0.06000000000000005,0.16999999999999993,-0.10999999999999988,-0.08654605650419023,24.57599983215332,-0.8882461355535556,0.46153845592349296,0.5,0.48461538236939716
2019-01-03,2.5,2.37,2.56,25.450000762939453,80.58018108899887,80.78440904314425,78.9872055396819,79.33030700683594,16286400.0,0.0,-0.01421175769248928,0.28703760774671694,0.0,79.2015396118164,80.30902709960938,0.039276620998155876,-0.08896797153024916,0.06000000000000005,0.18999999999999995,-0.1299999999999999,0.09603796363173989,25.026499843597414,-0.8587875216204306,0.37619587952826516,0.5,0.4504783518113061
2019-01-04,2.57,2.49,2.67,21.3799991607666,80.9641376466087,82.45091703215078,80.2860992843586,82.2548599243164,16935200.0,0.0,0.03686551871315036,0.289787848499914,0.0,79.92560729980468,80.07717933654786,0.03983691914726406,-0.036101083032491044,0.10000000000000009,0.17999999999999972,-0.07999999999999963,-0.15992147269793522,25.058499813079834,-0.8757079029852908,0.5319556090687021,0.5,0.5127822436274808
2019-01-07,2.58,2.53,2.7,21.399999618530277,82.04245982187845,82.8920489194349,81.45428227491298,82.31204223632812,15430700.0,0.0,0.0006951846014244811,0.28332934171489566,0.0,80.69514465332031,79.93084526062012,-0.08883863196183095,-0.007352941176470562,0.1200000000000001,0.17000000000000037,-0.050000000000000266,0.0009354751425985075,25.068999767303467,-0.8933401852504249,0.5311901877749385,0.5,0.5124760751099754
2019-01-08,2.6,2.58,2.73,20.46999931335449,83.02275445673554,83.17796971271667,81.32358243525782,82.15682983398438,13578800.0,0.0,-0.0018856585030184725,0.2765985588243818,0.0,81.30560455322265,79.85373115539551,-0.12001399806878499,0.014869888475836479,0.1299999999999999,0.1499999999999999,-0.020000000000000018,-0.04345795896045257,24.930999755859375,-0.9295557861109448,0.5667814749944251,0.5,0.52671258999777
2019-01-09,2.59,2.57,2.74,19.979999542236328,82.3528749263568,82.90837518861478,81.6339948003639,82.0179443359375,14230300.0,0.0,-0.0016904924195288995,0.2684716944718786,0.0,81.61439666748046,79.84787063598633,0.04797920287507007,0.03007518796992481,0.15000000000000036,0.17000000000000037,-0.020000000000000018,-0.02393745908914069,24.797999763488768,-0.9343347420926263,0.5855338587240764,0.5,0.5342135434896306
2019-01-10,2.59,2.56,2.74,19.5,81.70751365149404,82.28752650105433,81.09482981530769,82.00977325439453,14376100.0,0.0,-9.962553449893718e-05,0.26595833301420535,0.0,82.1502899169922,79.8817123413086,0.0102457432380203,0.0703125,0.15000000000000036,0.18000000000000016,-0.029999999999999805,-0.024024001663345507,24.68499975204468,-0.9336694257554231,0.603903531806846,0.5,0.5415614127227384
2019-01-11,2.58,2.52,2.71,18.190000534057617,81.60134167991956,81.83007604971607,80.83344238199346,81.61768341064453,15439900.0,0.0,-0.004781013630335673,0.2656310321818104,0.0,82.02285461425781,79.86961364746094,0.07399781581931131,0.014981273408239737,0.1299999999999999,0.18999999999999995,-0.06000000000000005,-0.06717945979191708,24.521499824523925,-0.9195235980313653,0.654037458634877,0.5,0.5616149834539508
2019-01-14,2.57,2.53,2.71,19.06999969482422,80.76806881581183,82.80217737478134,80.59651809228835,82.45907592773438,21258500.0,0.0,0.010308948771022175,0.26814713536874096,0.0,82.05226135253906,79.89553298950196,0.3768547723754687,0.0037037037037035425,0.14000000000000012,0.18000000000000016,-0.040000000000000036,0.048378182239134926,24.442499828338622,-0.9218955557484738,0.6203597246497993,0.5,0.5481438898599197
2019-01-15,2.57,2.53,2.72,18.600000381469727,80.78440636286945,83.7089520650106,80.54750119601577,83.06359100341797,19895750.0,0.0,0.007331092046354959,0.26716426890229744,0.0,82.23361358642578,79.98530731201171,-0.06410377025660319,-0.003663003663003539,0.15000000000000036,0.1900000000000004,-0.040000000000000036,-0.024646005289767015,24.29099988937378,-0.9279961307787664,0.6383466870856872,0.5,0.5553386748342749
2019-01-16,2.57,2.54,2.73,19.040000915527344,83.5292391335092,84.50953088949163,83.16163128315154,83.73346710205078,18533000.0,0.0,0.008064617608516844,0.26289499075448314,0.0,82.57671813964843,80.16043548583984,-0.06849452772577058,-0.0036496350364964014,0.16000000000000014,0.18999999999999995,-0.029999999999999805,0.023655942206107117,24.016999912261962,-0.9317171408847672,0.6215077835958522,0.5,0.5486031134383409
2019-01-17,2.57,2.58,2.75,18.059999465942383,83.41483413302534,84.55034062445098,83.2596189529251,84.07653045654297,14247600.0,0.0,0.004097087656409482,0.26163641802809046,0.0,82.99006958007813,80.37176055908203,-0.23123077753196997,0.0036496350364962904,0.18000000000000016,0.16999999999999993,0.010000000000000231,-0.051470661894021164,23.64099988937378,-0.9378279445431743,0.6590126240497471,0.5,0.5636050496198989
2019-01-18,2.6,2.62,2.79,17.799999237060547,84.77093609049112,85.69405042798437,84.00304322441995,85.44080352783203,16428700.0,0.0,0.01622656244115861,0.2591890798826435,0.0,83.75469360351562,80.70194473266602,0.15308543193239554,0.029520295202952074,0.18999999999999995,0.16999999999999993,0.020000000000000018,-0.01439646935605643,23.251999855041504,-0.9353891220337842,0.6689628818848955,0.5,0.5675851527539582
2019-01-22,2.59,2.57,2.74,20.799999237060547,84.20726265144614,84.62388314645074,83.43119276816999,84.0928955078125,17083700.0,0.0,-0.01577592864725874,0.26503692090793973,0.0,84.08145751953126,80.99876823425294,0.03986925319714896,0.011070110701107083,0.15000000000000036,0.17000000000000037,-0.020000000000000018,0.1685393330665903,22.8729998588562,-0.9229442391763663,0.5541523156256968,0.5,0.5216609262502787
2019-01-23,2.59,2.59,2.76,19.520000457763672,84.50135548377295,84.71374805654398,83.30049418465825,83.88050079345703,12146700.0,0.0,-0.0025257153184330416,0.24595688747778252,0.0,84.24483947753906,81.37734870910644,-0.2889889192622207,0.014705882352941124,0.16999999999999993,0.16999999999999993,0.0,-0.06153840510802655,22.343499851226806,-0.9111422268993882,0.6031381105130826,0.5,0.5412552442052331
2019-01-24,2.58,2.55,2.72,18.88999938964844,83.43119535441417,84.21542989187292,83.2759863589812,83.92951202392578,11296800.0,0.0,0.0005842982577015654,0.22618541971260225,0.0,84.28404846191407,81.84062919616699,-0.06996962137864604,-0.003663003663003539,0.14000000000000012,0.17000000000000037,-0.03000000000000025,-0.0322746441260795,21.774999809265136,-0.9063026690095174,0.6272483703044858,0.5,0.5508993481217943
2019-01-25,2.6,2.59,2.76,17.420000076293945,84.5585266368323,85.21205221730925,83.92950117610755,84.46049499511719,14369400.0,0.0,0.006326534712128851,0.1833860433306358,0.0,84.3608413696289,82.17568511962891,0.2719885277246654,0.0036363636363636598,0.1599999999999997,0.16999999999999993,-0.010000000000000231,-0.07781891799107432,21.12549982070923,-0.8904762955793291,0.68350552149344,0.5,0.573402208597376
2019-01-28,2.6,2.58,2.75,18.8700008392334,84.05205314453175,85.15488280888181,83.80697711576849,84.86079406738281,12283100.0,0.0,0.004739482906046977,0.18151275292576954,0.0,84.24483947753906,82.4869987487793,-0.14519047420212394,-0.014336917562724039,0.1499999999999999,0.16999999999999993,-0.020000000000000018,0.08323770129672337,20.570999908447266,-0.8744931291936442,0.6280137186036572,0.5,0.5512054874414629
2019-01-29,2.6,2.55,2.72,19.1299991607666,84.86077402833324,85.8655780299371,84.7382422754286,85.0976791381836,9743300.0,0.0,0.0027914547984631,0.180172042481656,0.0,84.44579620361328,82.81866493225098,-0.2067719061149058,-0.007299270072992692,0.1200000000000001,0.17000000000000037,-0.050000000000000266,0.013778394804977001,20.1104998588562,-0.8244584301990641,0.6180635337631011,0.5,0.5472254135052405
2019-01-30,2.57,2.49,2.7,17.65999984741211,85.0731925355207,85.97179424981056,84.77910379520151,85.29376220703125,12526300.0,0.0,0.0023042117109828286,0.17963194807185395,0.0,84.72844848632812,83.12812652587891,0.2856321780095039,-0.021739130434782483,0.13000000000000034,0.20999999999999996,-0.07999999999999963,-0.07684262299233602,19.72249984741211,-0.7791577885337583,0.6743206849520553,0.5,0.5697282739808222
2019-01-31,2.55,2.43,2.63,16.56999969482422,84.47685019408716,84.79544528980699,83.92134993417066,84.55036926269531,17520600.0,0.0,-0.008715677736567895,0.1774762809207297,0.0,84.85261993408203,83.33194580078126,0.39870512441822403,-0.03308823529411775,0.08000000000000007,0.19999999999999973,-0.11999999999999966,-0.06172141347711391,19.389999866485596,-0.7449998673080906,0.7160351965324648,0.5,0.5864140786129859
2019-02-01,2.56,2.51,2.7,16.139999389648438,84.95882572539658,85.65319949683608,84.56670532588383,84.86079406738281,13000800.0,0.0,0.0036714778113271507,0.166085455641053,0.0,84.93267974853515,83.6084701538086,-0.25797061744460803,-0.021739130434782483,0.14000000000000012,0.1900000000000004,-0.050000000000000266,-0.02595053187056462,18.924499797821046,-0.5831877783504158,0.7324913893754181,0.5,0.5929965557501673
2019-02-04,2.57,2.53,2.73,15.729999542236328,84.78728433436606,85.1630630493164,84.15009406847014,85.1630630493164,9871500.0,0.0,0.0035619391175338855,0.10963010758964058,0.0,84.99313354492188,83.75388031005859,-0.24070057227247554,-0.0072727272727273196,0.16000000000000014,0.20000000000000018,-0.040000000000000036,-0.025402717652831308,18.641999816894533,-0.586565297389811,0.7481821609246078,0.5,0.5992728643698431
2019-02-05,2.56,2.51,2.71,15.56999969482422,85.3836270337985,85.4081396255572,84.37882891069862,84.78728485107422,12763000.0,0.0,-0.004412455174663932,0.11176731436511114,0.0,84.9310546875,83.8776424407959,0.2929139441827484,-0.003676470588235392,0.1499999999999999,0.20000000000000018,-0.050000000000000266,-0.010171637130852784,18.350499820709228,-0.5553847930949131,0.754305385285531,0.5,0.6017221541142124
2019-02-06,2.56,2.5,2.7,15.380000114440918,84.7219383406373,85.46533121337455,84.52588121600455,84.74644470214844,8745000.0,0.0,-0.00048167775389340584,0.11131241372499659,0.0,84.82159118652343,84.0071231842041,-0.3148162657682363,0.0,0.14000000000000012,0.20000000000000018,-0.06000000000000005,-0.012202927688332754,18.09599986076355,-0.5119889413597764,0.7615767050898034,0.5,0.6046306820359213
2019-02-07,2.55,2.46,2.65,16.3700008392334,84.34615259937085,84.55038057176642,82.86754407364072,83.63543701171875,13177500.0,0.0,-0.013109785246265604,0.12256848349033342,0.0,84.63860473632812,84.08799781799317,0.506861063464837,0.0076045627376426506,0.10000000000000009,0.18999999999999995,-0.08999999999999986,0.06436935743992156,17.915499925613403,-0.41435123455397255,0.7236891904863227,0.5,0.5894756761945291
2019-02-08,2.54,2.44,2.63,15.720000267028809,83.39035490026181,83.60274747283495,81.74018963616484,82.80217742919922,12892600.0,0.0,-0.009962996694843351,0.1285998722665224,0.0,84.22688140869141,84.1276180267334,-0.021620185922974766,-0.02592592592592602,0.08999999999999986,0.18999999999999995,-0.10000000000000009,-0.03970681361522943,17.726499938964842,-0.22586086263253607,0.7485648350741935,0.5,0.5994259340296774
2019-02-11,2.55,2.47,2.65,15.970000267028809,83.1289434138967,83.33317135628268,82.32019627461789,82.4100570678711,10978500.0,0.0,-0.004735628621160504,0.12857519476483006,0.0,83.67628021240235,84.16723670959473,-0.14846501093650621,-0.02930402930402931,0.10000000000000009,0.17999999999999972,-0.07999999999999963,0.015903307617898044,17.615499925613403,-0.08982883095138361,0.7389972878859269,0.5,0.5955989151543708
2019-02-12,2.55,2.49,2.68,15.43000030517578,83.28414591521721,84.07655126706818,83.23513320728142,83.81513977050781,12852300.0,0.0,0.017049893576454256,0.13731539401277582,0.0,83.48185119628906,84.2350399017334,0.17067905451564425,-0.011070110701106972,0.13000000000000034,0.18999999999999995,-0.05999999999999961,-0.033813397171188364,17.43349995613098,0.03714006015576545,0.7596631883526909,0.5,0.6038652753410764
2019-02-13,2.55,2.53,2.71,15.649999618530272,84.06023744617752,84.83630127375967,84.06023744617752,84.21544647216797,10754100.0,0.0,0.0047760667435050586,0.13600959919489275,0.0,83.37565155029297,84.29263267517089,-0.16325482598445418,0.0037037037037035425,0.16000000000000014,0.18000000000000016,-0.020000000000000018,0.014257894297040163,17.285999917984007,0.1016084286971954,0.7512437731050695,0.5,0.6004975092420278
2019-02-14,2.53,2.48,2.66,16.219999313354492,83.70897706197394,84.22362939931398,82.79403334082524,83.66812896728516,11518500.0,0.0,-0.006499015653425255,0.13540723472514982,0.0,83.38218994140625,84.28936576843262,0.07107986721343496,0.0037735849056603765,0.13000000000000034,0.18000000000000016,-0.04999999999999982,0.03642170662734823,17.144999837875368,0.170439684260127,0.7294297771949565,0.5,0.5917719108779826
2019-02-15,2.55,2.49,2.66,14.90999984741211,84.8771310040375,86.34756839601907,84.681073931615,86.22503662109375,14716900.0,0.0,0.030560115128287046,0.17331465402493976,0.0,84.06676177978515,84.39679107666015,0.27767504449364067,0.011406844106463865,0.11000000000000032,0.16999999999999993,-0.05999999999999961,-0.08076445877921923,16.98749985694885,0.013359038291139245,0.7795637040229874,0.5,0.611825481609195
2019-02-19,2.54,2.47,2.65,14.880000114440918,85.7022194554881,86.0779981335041,84.80361149442557,85.92278289794922,12764900.0,0.0,-0.0035054055641953186,0.16474448211690043,0.0,84.76930694580078,84.42089004516602,-0.13263662863782455,0.0,0.10999999999999988,0.17999999999999972,-0.06999999999999984,-0.002012054545821984,16.841499900817873,-0.11698799865146205,0.7807117994663365,0.5,0.6122847197865346
2019-02-20,2.54,2.47,2.65,14.020000457763672,85.94729606866888,86.42927730713683,85.67771365897711,86.33941650390625,10030300.0,0.0,0.004848930538619456,0.1539087008383801,0.0,85.27416229248047,84.5332160949707,-0.21422807855917403,-0.011194029850746356,0.10999999999999988,0.17999999999999972,-0.06999999999999984,-0.05779567540746344,16.502499961853026,-0.22733012573773742,0.8136241486549468,0.5,0.6254496594619787
2019-02-21,2.55,2.51,2.69,14.460000038146973,86.14335675821847,86.58448992903183,85.7430716751361,86.15969848632812,8400100.0,0.0,-0.002081529211747646,0.1537678489437587,0.0,85.6630126953125,84.64717597961426,-0.1625275415491062,-0.0073800738007380184,0.14000000000000012,0.18000000000000016,-0.040000000000000036,0.03138370656326539,16.24949994087219,-0.2591136442359296,0.7967852816624079,0.5,0.6187141126649631
2019-02-22,2.55,2.47,2.65,13.510000228881836,86.34756968105545,86.66616476568659,85.59601236513284,85.7757339477539,10647300.0,0.0,-0.0044564285312018725,0.15515100908872603,0.0,86.08453369140625,84.73948707580567,0.26752062475446725,-0.00375939849624074,0.10000000000000009,0.17999999999999972,-0.07999999999999963,-0.0656984651977136,15.980499982833862,-0.282085193908239,0.8331419536783616,0.5,0.6332567814713447
2019-02-25,2.56,2.48,2.67,14.850000381469728,86.38843662414315,87.63014001580702,86.33942390274193,86.67435455322266,11230700.0,0.0,0.010476396576403646,0.15767206311701146,0.0,86.17439727783203,84.85018005371094,0.054793233965418464,0.003759398496240518,0.10999999999999988,0.18999999999999995,-0.08000000000000007,0.09918579791902782,15.851999998092651,-0.3142584290877361,0.7818598949096855,0.5,0.6127439579638743
2019-02-26,2.55,2.45,2.64,15.170000076293944,85.3672884259644,86.15969391860844,84.90981978383705,86.01264953613281,15465400.0,0.0,-0.007634380671199814,0.16023168332731813,0.0,86.19237060546875,84.90777282714843,0.37706465313827287,-0.0037735849056602655,0.0900000000000003,0.18999999999999995,-0.09999999999999964,0.021548800444713745,15.666999959945679,-0.37444785942663167,0.7696134461878392,0.5,0.6078453784751356
2019-02-27,2.54,2.49,2.69,14.699999809265137,85.92279911972189,86.08617901664631,85.37546960922714,85.90646362304688,9968800.0,0.0,-0.0012345383342868832,0.16017941009849698,0.0,86.10578002929688,84.94821205139161,-0.3554127277664981,0.015094339622641506,0.1499999999999999,0.19999999999999973,-0.04999999999999982,-0.030982219160517577,15.445499992370605,-0.5475759990312167,0.7876004451210231,0.5,0.6150401780484093
2019-02-28,2.54,2.52,2.73,14.779999732971191,85.78390833576529,85.94728819983942,85.1058700580273,85.25291442871094,15156900.0,0.0,-0.007607683598799708,0.16256223297759262,0.0,85.92442321777344,84.94616966247558,0.5204337533103283,0.014869888475836479,0.18999999999999995,0.20999999999999996,-0.020000000000000018,0.005442171751297131,15.30149998664856,-0.7018646725798117,0.7845388329405616,0.5,0.6138155331762247
2019-03-01,2.55,2.56,2.76,13.56999969482422,85.85744148974595,86.51914438264579,85.12221951571465,85.31011199951172,13813300.0,0.0,0.0006709163104166027,0.15924883269126508,0.0,85.831298828125,84.98415679931641,-0.08864609517777378,0.04150943396226414,0.20999999999999996,0.19999999999999973,0.010000000000000231,-0.08186739242272822,15.15149998664856,-0.6774217187946583,0.8308457627916634,0.5,0.6323383051166653
2019-03-04,2.54,2.53,2.72,14.630000114440918,85.7103786426628,86.52729038626244,84.36247301921502,85.1140365600586,12466300.0,0.0,-0.0022983845039875606,0.15907915447631435,0.0,85.51923522949218,84.9968189239502,-0.09751471407990853,0.01872659176029967,0.18000000000000016,0.1900000000000004,-0.010000000000000231,0.07811351830914148,15.076000022888184,-0.6958889661342549,0.790279346654603,0.5,0.6161117386618412
2019-03-05,2.54,2.53,2.72,14.739999771118164,85.06502629011744,85.40813399414273,84.35431698955227,85.04869079589844,10856600.0,0.0,-0.0007677436860140663,0.15860587626941108,0.0,85.32644348144531,84.9911003112793,-0.1291241186238098,0.030303030303030276,0.18000000000000016,0.1900000000000004,-0.010000000000000231,0.007518773466629547,15.026500034332276,-0.7140540052532829,0.7860696390307923,0.5,0.6144278556123169
2019-03-06,2.54,2.49,2.69,15.739999771118164,84.8444544260938,85.42446101776625,84.59121377928327,84.73008728027344,9070800.0,0.0,-0.0037461307474984107,0.15837861512069504,0.0,85.09116821289062,84.98824043273926,-0.16448980343754027,0.0,0.1499999999999999,0.19999999999999973,-0.04999999999999982,0.0678426062094939,15.035000038146972,-0.7114641491837581,0.7477994502777261,0.5,0.5991197801110905
2019-03-07,2.52,2.44,2.64,16.59000015258789,84.34614305844397,84.52586465102952,83.45571219114224,84.1174087524414,12705700.0,0.0,-0.00723094413682579,0.16045660172088289,0.0,84.86406707763672,84.9567886352539,0.400725404594964,-0.03296703296703296,0.1200000000000001,0.20000000000000018,-0.08000000000000007,0.05400256631702249,15.095500040054322,-0.706546427911278,0.7152697752387014,0.5,0.5861079100954806
2019-03-08,2.53,2.42,2.62,16.049999237060547,83.31683193105415,84.32980704068729,83.31683193105415,84.15008544921875,10582400.0,0.0,0.00038846532795022704,0.15318015679229552,0.0,84.63206176757812,84.9825210571289,-0.16711397246904935,-0.05072463768115931,0.0900000000000003,0.20000000000000018,-0.10999999999999988,-0.03254978363837502,15.079499959945679,-0.691830122573478,0.7359357122027614,0.5,0.5943742848811046
2019-03-11,2.53,2.44,2.64,14.329999923706056,84.94248997615162,85.40812944336547,84.68107845477793,85.24474334716797,9763200.0,0.0,0.013008399125272518,0.15436482577340468,0.0,84.658203125,85.10464935302734,-0.07741155125491384,-0.02941176470588236,0.11000000000000032,0.20000000000000018,-0.08999999999999986,-0.10716507134672593,15.00999994277954,-0.684316817498943,0.801760410579982,0.5,0.6207041642319928
2019-03-12,2.52,2.41,2.61,13.770000457763672,85.44079858611859,85.60418467878995,84.75459569452532,84.99150085449219,10219100.0,0.0,-0.0029707696068064227,0.1535443465605975,0.0,84.64676513671876,85.2337215423584,0.04669575549000338,-0.040441176470588314,0.08999999999999986,0.19999999999999973,-0.10999999999999988,-0.0390788184873595,14.899999952316284,-0.6197200888736092,0.8231916958432134,0.5,0.6292766783372854
2019-03-13,2.53,2.42,2.61,13.40999984741211,85.11404018129107,85.75940123409713,84.91797686705529,85.27742004394531,13022200.0,0.0,0.0033640915453725384,0.14255672415308726,0.0,84.75623168945313,85.30683555603028,0.27430008513469883,-0.029739776951672847,0.08000000000000007,0.18999999999999995,-0.10999999999999988,-0.026143834305291547,14.798999929428101,-0.5717335406313113,0.8369689871525867,0.5,0.6347875948610346
2019-03-14,2.52,2.43,2.63,13.5,85.36728673545628,86.48645819283264,85.3346095141596,86.0534896850586,10926500.0,0.0,0.009100529081594644,0.14492183020724914,0.0,85.14344787597656,85.3987377166748,-0.16093286848612365,-0.0037878787878788955,0.10999999999999988,0.19999999999999973,-0.08999999999999986,0.006711420851004624,14.691499948501587,-0.5657634416013223,0.8335246643252434,0.5,0.6334098657300974
2019-03-15,2.52,2.4,2.59,12.880000114440918,86.11069019060707,87.24619728337623,85.96364579278226,87.0419692993164,11931000.0,0.0,0.011486804519787341,0.14643651944763383,0.0,85.7218246459961,85.56742973327637,0.09193245778611625,-0.011450381679389388,0.06999999999999984,0.18999999999999995,-0.1200000000000001,-0.04592591744882091,14.524499988555908,-0.5631916076591466,0.8572521769724689,0.5,0.6429008707889876
2019-03-18,2.52,2.42,2.6,13.100000381469728,87.04196569939286,88.05493471332258,87.00111761125292,87.56478881835938,12935500.0,0.0,0.006006522178342744,0.10222686011218493,0.0,86.18583374023437,85.63441734313965,0.08419243986254288,-0.015151515151515138,0.08000000000000007,0.18000000000000016,-0.10000000000000009,0.017080765921899888,14.434000015258789,-0.6490299417318657,0.8488327252275514,0.5,0.6395330900910206
2019-03-19,2.5,2.42,2.61,13.5600004196167,88.3898645997906,88.55325071841595,87.04196495825458,87.2461929321289,12889300.0,0.0,-0.003638401811158931,0.102302055598641,0.0,86.63677215576172,85.70058784484863,-0.0035715666189942707,0.0,0.10999999999999988,0.18999999999999995,-0.08000000000000007,0.03511450570624808,14.368000030517578,-0.6741415869255808,0.8312284369412491,0.5,0.6324913747764997
2019-03-20,2.47,2.34,2.54,13.90999984741211,86.94391025572884,87.12363182233709,85.29375140626863,85.38360595703125,14920700.0,0.0,-0.021348633246915605,0.1276266746846573,0.0,86.6580093383789,85.65279731750488,0.15760359367847743,-0.026819923371647403,0.06999999999999984,0.20000000000000018,-0.13000000000000034,0.025811166442818223,14.3625,-0.6594428489970554,0.8178338927760536,0.5,0.6271335571104215
2019-03-21,2.48,2.34,2.54,13.630000114440918,84.5421944873306,84.5421944873306,83.55373202679758,84.03571319580078,19751000.0,0.0,-0.015786318065657556,0.138638840703116,0.0,86.25445404052735,85.54659805297851,0.32373146032022637,-0.034220532319391594,0.06000000000000005,0.20000000000000018,-0.14000000000000012,-0.020129384330890843,14.321000003814698,-0.5597196476605091,0.8285495354076693,0.5,0.6314198141630678
2019-03-22,2.45,2.24,2.44,16.479999542236328,83.17799231754508,83.58644838004187,81.29909193704187,81.49515533447266,20391650.0,0.0,-0.030231883144832716,0.17265830884778216,0.0,85.1450912475586,85.33256912231445,0.032436332337603124,-0.05791505791505791,-0.010000000000000231,0.19999999999999973,-0.20999999999999996,0.20909753513324247,14.469499969482422,-0.6630514835964949,0.7194795193598081,0.5,0.5877918077439233
2019-03-25,2.41,2.21,2.43,16.329999923706055,81.35624381747964,82.15682013016601,80.13087610773319,80.81708526611328,21032300.0,0.0,-0.008320372733525594,0.16671146913765944,0.0,83.79555053710938,85.03970565795899,0.03141727128506022,-0.06538461538461537,0.020000000000000018,0.2200000000000002,-0.20000000000000018,-0.009101918852961188,14.543499946594238,-0.7396068155505902,0.7252200330738496,0.5,0.5900880132295399
2019-03-26,2.44,2.18,2.41,14.68000030517578,81.54414166446382,82.0179520393563,80.7272298039773,81.6258316040039,15987100.0,0.0,0.010007120836238892,0.17248500155264612,0.0,82.67147827148438,84.82036476135254,-0.23987866281861703,-0.07662835249042133,-0.029999999999999805,0.22999999999999998,-0.2599999999999998,-0.10104100589339204,14.51899995803833,-0.7128568281822208,0.7883658299174906,0.5,0.6153463319669963
2019-03-27,2.4,2.18,2.39,15.149999618530272,81.59312270198403,82.05876203236852,80.93959720686115,81.34805297851562,12753200.0,0.0,-0.003403072532674245,0.17243616140306073,0.0,81.86436767578125,84.59244422912597,-0.20228183973328495,-0.05905511811023623,-0.009999999999999787,0.20999999999999996,-0.21999999999999975,0.032016301334052644,14.541499948501587,-0.710006967795545,0.7703788674816026,0.5,0.6081515469926411
2019-03-28,2.4,2.2,2.39,14.43000030517578,81.69118777272661,82.34471976792564,81.47878893940548,82.27119445800781,12454100.0,0.0,0.011348046396832512,0.17826045390763232,0.0,81.51146392822265,84.44335823059082,-0.02345293730201048,-0.05905511811023623,-0.009999999999999787,0.18999999999999995,-0.19999999999999973,-0.04752470834876099,14.523999977111817,-0.6880623091828849,0.7979333771057571,0.5,0.6191733508423028
2019-03-29,2.4,2.23,2.41,13.710000038146973,82.94922454917335,83.3168323645134,82.17315460311644,82.69598388671875,14523400.0,0.0,0.005163282622908216,0.1797658544028049,0.0,81.75162963867187,84.31265182495117,0.16615411792100598,-0.012295081967213073,0.010000000000000231,0.18000000000000016,-0.16999999999999993,-0.049896067345927664,14.530999994277954,-0.6320680923812216,0.8254879232272077,0.5,0.6301951692908832
2019-04-01,2.41,2.31,2.49,13.399999618530272,83.44755009205959,85.5143361587709,83.42304373277733,85.48165893554688,17499300.0,0.0,0.03368573560529953,0.21877533468466517,0.0,82.68454437255859,84.33103294372559,0.20490381040252292,0.024691358024691468,0.08000000000000007,0.18000000000000016,-0.10000000000000009,-0.022611263220579825,14.469499969482422,-0.6450921843161531,0.8373516977994685,0.5,0.6349406791197874
2019-04-02,2.41,2.28,2.48,13.359999656677246,85.4489730810214,86.13518223432517,85.2284096372174,85.89010620117188,10295400.0,0.0,0.004778185995816697,0.21929949051445757,0.0,83.53739929199219,84.37310371398925,-0.41166789528724,0.029045643153526868,0.06999999999999984,0.20000000000000018,-0.13000000000000034,-0.0029850718650552555,14.400499963760376,-0.6645820087232849,0.8388825038896992,0.5,0.6355530015558797
2019-04-03,2.41,2.32,2.52,13.739999771118164,86.43743180094421,86.88673576440287,85.60418454353433,86.06165313720703,11499200.0,0.0,0.001997284013520284,0.2187426461326565,0.0,84.48011932373046,84.43968200683594,0.11692600578899315,0.05439330543933041,0.10999999999999988,0.20000000000000018,-0.0900000000000003,0.028443123069318066,14.300499963760377,-0.7037422549028634,0.8243398277838585,0.5,0.6297359311135434
2019-04-04,2.41,2.32,2.51,13.579999923706056,86.06166135614879,87.03299357709494,85.9793400633407,86.89305114746094,11952100.0,0.0,0.009660493145866145,0.2186630367756256,0.0,85.4044906616211,84.57846412658691,0.039385348545985854,0.05020920502092041,0.09999999999999964,0.18999999999999995,-0.0900000000000003,-0.011644821694133611,14.149999952316284,-0.7727522852887992,0.8304630521447818,0.5,0.6321852208579127
2019-04-05,2.43,2.31,2.5,12.81999969482422,87.0906100759087,87.34578848537211,86.42384406502268,86.687255859375,9933700.0,0.0,-0.0023683745175053783,0.2191033482560492,0.0,86.20274505615234,84.70532264709473,-0.16887408907221324,0.03734439834024883,0.06999999999999984,0.18999999999999995,-0.1200000000000001,-0.05596467107154646,13.988499975204467,-0.8388029412508653,0.8595484043564632,0.5,0.6438193617425854
2019-04-08,2.43,2.33,2.52,13.18000030517578,86.52263158772725,86.9671401977539,86.35800156041353,86.9671401977539,8056300.0,0.0,0.0032286676467523368,0.2150484300155895,0.0,86.49984130859374,84.79144248962402,-0.18899302374744553,0.012048192771084265,0.08999999999999986,0.18999999999999995,-0.10000000000000009,0.028081171522718495,13.930999994277954,-0.8522939828836315,0.84577111304709,0.5,0.638308445218836
2019-04-09,2.42,2.31,2.51,14.279999732971191,86.49794429749294,86.59671980930862,85.81471769967831,86.32508087158203,9092200.0,0.0,-0.007382780722832827,0.216716649830458,0.0,86.58683624267579,84.85812149047851,0.12858259995283206,0.012096774193548265,0.08999999999999986,0.19999999999999973,-0.10999999999999988,0.0834597422098271,13.95649995803833,-0.828856674575678,0.8036739273170946,0.5,0.6214695709268379
2019-04-10,2.41,2.28,2.48,13.300000190734863,86.53908118908036,87.02475038493978,85.99579714312056,86.71194458007812,10882300.0,0.0,0.004481475193421458,0.21692358493827008,0.0,86.71689453125,84.92984771728516,0.19688304260794975,-0.015873015873015928,0.06999999999999984,0.20000000000000018,-0.13000000000000034,-0.06862742020741086,13.950999975204468,-0.8349838581854133,0.8411786947763974,0.5,0.6364714779105589
2019-04-11,2.44,2.31,2.51,13.020000457763672,87.01651675501688,87.85614611490232,86.89304111030053,87.44456481933594,11183800.0,0.0,0.008448896432961872,0.21660988835541845,0.0,86.827197265625,84.99940147399903,0.02770554018911442,0.0,0.06999999999999984,0.19999999999999973,-0.1299999999999999,-0.021052611199678495,13.92699999809265,-0.8407605509637199,0.851894337408013,0.5,0.6407577349632052
2019-04-12,2.44,2.38,2.56,12.010000228881836,90.0869272195858,92.07074604593234,89.62595184049714,91.5439224243164,13173800.0,0.0,0.046879501469873075,0.26953892411901387,0.0,87.79853057861328,85.22449913024903,0.17793594306049831,0.02400000000000002,0.1200000000000001,0.18000000000000016,-0.06000000000000005,-0.07757297952163933,13.883500003814698,-0.8589489822466714,0.890547236807961,0.5,0.6562188947231844
2019-04-15,2.43,2.37,2.55,12.31999969482422,91.30517743445024,91.37103193769684,89.82348879278841,90.49848175048828,15163800.0,0.0,-0.011420099184546562,0.2737349754310203,0.0,88.50479888916016,85.37118377685547,0.1510574018126889,0.011904761904761862,0.11999999999999966,0.17999999999999972,-0.06000000000000005,0.02581177852077743,13.844499969482422,-0.8688130159482659,0.8786834987329962,0.5,0.6514733994931985
2019-04-16,2.45,2.41,2.6,12.18000030517578,90.465576472916,91.69208706270508,90.4326492132947,91.453369140625,11583200.0,0.0,0.010551418893075093,0.27463610295940055,0.0,89.53045654296875,85.58154258728027,-0.23612814729817067,0.03585657370517947,0.1499999999999999,0.18999999999999995,-0.040000000000000036,-0.011363587103598416,13.775499963760376,-0.8818434621044672,0.8840413018001562,0.5,0.6536165207200625
2019-04-17,2.44,2.4,2.59,12.600000381469728,91.94727342701307,94.38384060786856,91.3792954200606,94.0875015258789,17791900.0,0.0,0.028803010867795242,0.2745754711416508,0.0,91.00556793212891,86.01673736572266,0.5360090475861592,0.04435483870967727,0.1499999999999999,0.18999999999999995,-0.040000000000000036,0.03448276402057826,13.709999990463256,-0.8507834597498906,0.8679678196040845,0.5,0.6471871278416339
2019-04-18,2.44,2.38,2.57,12.09000015258789,94.27681803185386,94.62254484028308,93.28902535627532,93.39603424072266,12501900.0,0.0,-0.007349193824283451,0.2676474862575572,0.0,92.19586181640625,86.48475341796875,-0.29732631141137256,0.0239043824701195,0.1299999999999999,0.18999999999999995,-0.06000000000000005,-0.040476207415983345,13.632999992370605,-0.8687083609644949,0.8874856246274994,0.5,0.6549942498509997
2019-04-22,2.46,2.39,2.59,12.420000076293944,92.87742860943084,93.78290612509764,92.73749248833076,93.51126098632812,7975900.0,0.0,0.0012337434511242584,0.2331227876871609,0.0,92.58932952880859,87.08555870056152,-0.3620249722042249,0.01171875,0.1299999999999999,0.19999999999999973,-0.06999999999999984,0.027295278704807524,13.430000019073486,-0.8778534713297436,0.8748564652587714,0.5,0.6499425861035086
2019-04-23,2.43,2.36,2.57,12.279999732971191,93.01737964569531,94.14511473945164,92.893903991889,93.62651824951172,9193100.0,0.0,0.00123254955572083,0.22718617216567047,0.0,93.21493682861328,87.72603034973145,0.15260973683220702,0.007843137254901933,0.13999999999999968,0.20999999999999996,-0.07000000000000028,-0.011272169280414968,13.227500009536744,-0.8981306084137815,0.8802143048232272,0.5,0.6520857219292908
2019-04-24,2.42,2.32,2.53,13.140000343322754,93.2313901442893,93.96400429544116,92.86096323670456,93.47010803222656,9245700.0,0.0,-0.0016705760313368012,0.22923483815841414,0.0,93.6182846069336,88.31824417114258,0.005721682566272479,-0.02692307692307705,0.10999999999999988,0.20999999999999996,-0.10000000000000009,0.07003262451565884,13.150500011444091,-0.8442464313384717,0.8473019191373207,0.5,0.6389207676549282
2019-04-25,2.42,2.33,2.54,13.25,93.02564238853374,93.96404760523964,92.60582754519648,93.51953887939452,9311800.0,0.0,0.0005288412328667835,0.22730889814186023,0.0,93.50469207763672,88.92681846618652,0.007149269390094748,-0.019305019305019266,0.1200000000000001,0.20999999999999996,-0.08999999999999986,0.008371358736922963,13.055500030517578,-0.7633429410794045,0.84309221151351,0.5,0.637236884605404
2019-04-26,2.41,2.29,2.51,12.729999542236328,93.79939173851446,94.3179882842164,93.51128603547632,94.2274398803711,7889300.0,0.0,0.007569551876100533,0.22676550552726216,0.0,93.67097320556641,89.52463073730469,-0.15276316072080587,-0.023346303501945553,0.09999999999999964,0.21999999999999975,-0.1200000000000001,-0.039245317567069615,12.970499992370605,-0.7030634947944671,0.8629927271838065,0.5,0.6451970908735226
2019-04-29,2.42,2.32,2.54,13.109999656677246,94.33443685896746,96.44173747834265,94.21096120748248,95.5856475830078,14242200.0,0.0,0.01441414204143765,0.2281974449159088,0.0,94.08585052490234,90.16911392211912,0.8052552190942162,-0.019305019305019266,0.1200000000000001,0.2200000000000002,-0.10000000000000009,0.029850756331933237,12.940499973297118,-0.6049987348975981,0.8484500510779658,0.5,0.6393800204311864
2019-04-30,2.39,2.28,2.51,13.119999885559082,95.84082229494554,96.0795402038829,94.87772355491818,95.52802276611328,11389100.0,0.0,-0.0006028605585841618,0.20723917696823507,0.0,94.46615142822266,90.67143211364746,-0.20032719664096843,-0.023346303501945553,0.11999999999999966,0.22999999999999998,-0.11000000000000032,0.0007627939850283205,12.92649998664856,-0.5316151594440492,0.8480673404310841,0.5,0.6392269361724336
2019-05-01,2.39,2.31,2.52,14.800000190734863,95.2563638799235,96.310010857113,94.75423426107048,94.79539489746094,10412900.0,0.0,-0.007669245603942554,0.21257561199278888,0.0,94.73120880126953,91.1166965484619,-0.08571353311499597,-0.0039525691699603405,0.1299999999999999,0.20999999999999996,-0.08000000000000007,0.12804880486507653,12.99850001335144,-0.25969937124117115,0.783773411646798,0.5,0.6135093646587193
2019-05-02,2.41,2.34,2.55,14.420000076293944,94.80363427097424,95.30576395481782,94.31797135591064,95.0011978149414,8613300.0,0.0,0.0021710223128779127,0.21254364772920029,0.0,95.02754058837891,91.56367378234862,-0.17282409319209824,0.003937007874015741,0.13999999999999968,0.20999999999999996,-0.07000000000000028,-0.02567568307727508,13.03250002861023,-0.07328611441576323,0.7983160877526388,0.5,0.6193264351010556
2019-05-03,2.41,2.33,2.54,12.869999885559082,95.4868658057733,96.04661664963714,95.2152206285528,95.5856475830078,8185400.0,0.0,0.006152025253459259,0.21189527470141037,0.0,95.29918212890625,91.99830360412597,-0.049678984825792694,0.01195219123505975,0.1299999999999999,0.20999999999999996,-0.08000000000000007,-0.10748961043925487,12.997000026702882,-0.030588487853170684,0.8576348876193507,0.5,0.6430539550477403
2019-05-06,2.39,2.3,2.51,15.4399995803833,93.98872573989765,95.05060647145882,93.61007161767353,94.73780059814452,9387000.0,0.0,-0.008870023965962037,0.2160535613209464,0.0,95.12961273193358,92.40083084106445,0.14679795733867618,-0.011811023622047334,0.11999999999999966,0.20999999999999996,-0.0900000000000003,0.19968917775266748,13.128000020980835,0.056867013202642064,0.7592805142031052,0.5,0.6037122056812421
2019-05-07,2.37,2.25,2.45,19.31999969482422,93.86524741548844,93.86524741548844,92.43294598837662,93.19025421142578,15017700.0,0.0,-0.01633504659120244,0.22843020219037347,0.0,94.66205902099608,92.71198654174803,0.5998402045381912,-0.02390438247011939,0.08000000000000007,0.20000000000000018,-0.1200000000000001,0.2512953510290572,13.434999990463258,0.0704466421473647,0.6107921774615327,0.5,0.5443168709846131
2019-05-08,2.37,2.28,2.49,19.399999618530277,92.73751837662066,93.56890823187844,92.57288205857454,92.69635772705078,9575800.0,0.0,-0.005299872701865049,0.227223472024419,0.0,94.24225158691405,93.03055038452148,-0.3623657417580588,-0.011904761904761862,0.1200000000000001,0.2100000000000004,-0.0900000000000003,0.0041407828659278945,13.690999984741211,0.10132832708185953,0.607730565281071,0.5,0.5430922261124284
2019-05-09,2.36,2.25,2.45,19.100000381469727,91.48632896470814,92.80338841720356,91.02535972639345,92.6222915649414,12205900.0,0.0,-0.0007990191192567275,0.22774353806242317,0.0,93.76647033691405,93.32606773376463,0.2746611249190669,-0.039215686274509665,0.0900000000000003,0.20000000000000018,-0.10999999999999988,-0.015463878503069739,13.980999994277955,0.04078140684731792,0.6192115927091542,0.5,0.5476846370836617
2019-05-10,2.36,2.26,2.47,16.040000915527344,91.98845388705472,92.88569843170896,90.99242753371789,92.6140594482422,13189000.0,0.0,-8.887835271742528e-05,0.2272482615410924,0.0,93.17215270996094,93.58454246520995,0.08054301608238634,-0.027559055118110187,0.11000000000000032,0.2100000000000004,-0.10000000000000009,-0.16020939292289793,14.132000017166138,-0.06199705572674202,0.736318349855051,0.5,0.5945273399420203
2019-05-13,2.32,2.18,2.4,20.549999237060547,90.61373497544814,90.9183010994794,89.70825742685233,90.09513854980467,13783700.0,0.0,-0.02719804005400761,0.18575450203507646,0.0,92.24362030029297,93.51210327148436,0.045090605807870165,-0.043824701195219085,0.08000000000000007,0.21999999999999975,-0.13999999999999968,0.28117194913420174,14.558999967575073,-0.3631026783265316,0.5637198628139634,0.5,0.5254879451255854
2019-05-14,2.32,2.2,2.42,18.059999465942383,90.17748486790828,91.96374658942555,90.13632421690302,90.81131744384766,10503600.0,0.0,0.007949140270727018,0.18368594331295168,0.0,91.76783294677735,93.52774505615233,-0.23796948569687382,-0.01224489795918382,0.10000000000000009,0.21999999999999975,-0.11999999999999966,-0.12116787657235606,14.845999956130981,-0.5594125137473741,0.6590126240497471,0.5,0.5636050496198989
2019-05-15,2.3,2.15,2.37,16.440000534057617,89.89759951719817,91.28874651778656,89.40370314333457,90.46558380126952,10142000.0,0.0,-0.0038071647049049417,0.18002601292688383,0.0,91.3216781616211,93.47835578918456,-0.034426291938002174,-0.048192771084337394,0.07000000000000028,0.2200000000000002,-0.1499999999999999,-0.08970094018772068,15.058999967575073,-0.6581165824649984,0.7210102889527429,0.5,0.5884041155810972
2019-05-16,2.33,2.18,2.4,15.289999961853027,91.05827314709758,92.3341717462835,91.0335729871722,91.62625122070312,9672700.0,0.0,0.012829933447213504,0.15236779582495577,0.0,91.12247009277344,93.35529327392577,-0.04627292447249065,-0.020408163265306256,0.06999999999999984,0.21999999999999975,-0.1499999999999999,-0.06995137073275715,15.193499946594239,-0.6383568696067665,0.7650210279171467,0.5,0.6060084111668587
2019-05-17,2.33,2.17,2.39,15.960000038146973,90.54791479625274,91.98844980437494,90.40797861700564,91.18174743652344,9570100.0,0.0,-0.004851271095976606,0.15130249555965627,0.0,90.83600769042968,93.24457893371581,-0.010607172764584893,-0.03238866396761131,0.06000000000000005,0.2200000000000002,-0.16000000000000014,0.043819494961774064,15.386999940872192,-0.6473613662032026,0.7393799985328087,0.5,0.5957519994131235
2019-05-20,2.34,2.21,2.41,16.309999465942383,91.0253470729266,92.03783383494093,90.85248363258842,91.6591796875,8518200.0,0.0,0.005236050683377513,0.15280033017433592,0.0,91.14881591796875,93.1519748687744,-0.10991525689386739,0.004166666666666874,0.07000000000000028,0.20000000000000018,-0.1299999999999999,0.021929788656569915,15.581499910354614,-0.660076447161,0.7259854543676131,0.5,0.5903941817470453
2019-05-21,2.36,2.23,2.43,14.949999809265137,91.7332668912786,92.12838152889864,91.55217006560524,91.97198486328124,7967900.0,0.0,0.0034126988354872267,0.15340913765916683,0.0,91.38094940185547,93.06924819946288,-0.0646028503674485,0.004132231404958775,0.07000000000000028,0.20000000000000018,-0.1299999999999999,-0.08338440841258887,15.714999914169312,-0.654156916272624,0.7780328979327567,0.5,0.6112131591731027
2019-05-22,2.37,2.19,2.39,14.75,91.70033631741065,92.02136930398596,91.16527924637388,91.222900390625,7918900.0,0.0,-0.008144702691474714,0.15557640712975038,0.0,91.53241271972657,92.9568878173828,-0.006149675573237645,0.00843881856540074,0.020000000000000018,0.20000000000000018,-0.18000000000000016,-0.013377913833897748,15.795499897003173,-0.6191330187515369,0.7856869283839106,0.5,0.6142747713535643
2019-05-23,2.32,2.11,2.31,16.920000076293945,90.25154545983813,90.37502110382998,88.48997802756834,89.42838287353516,14558000.0,0.0,-0.01967178755998278,0.16862754390486262,0.0,91.09283905029297,92.75233001708985,0.8383866446097312,-0.03749999999999998,-0.009999999999999787,0.20000000000000018,-0.20999999999999996,0.1471186492402674,15.978999900817872,-0.6066571892852536,0.7026406158699732,0.5,0.5810562463479892
2019-05-24,2.33,2.12,2.32,15.850000381469728,90.15277067079934,90.5149642464983,89.88113176925775,90.30917358398438,8537300.0,0.0,0.009849118167492676,0.17055871230091113,0.0,90.91832427978515,92.55641670227051,-0.41356642395933507,-0.029288702928870425,-0.010000000000000231,0.19999999999999973,-0.20999999999999996,-0.06323875236403564,16.13499994277954,-0.5615059929546932,0.7435897061566192,0.5,0.5974358824626477
2019-05-28,2.31,2.06,2.26,17.5,89.88936361470171,90.40796013093616,89.26376448943313,89.3296127319336,11665500.0,0.0,-0.010846748045366894,0.16151588045786858,0.0,90.45241088867188,92.2436149597168,0.366415611493095,-0.06224066390041505,-0.050000000000000266,0.19999999999999973,-0.25,0.10410091979930103,16.354499959945677,-0.5147043209837802,0.6804439093129785,0.5,0.5721775637251914
2019-05-29,2.3,2.05,2.25,17.899999618530273,88.44882572162948,89.23083402045349,88.12779278513555,89.0826644897461,9966400.0,0.0,-0.0027644611303595523,0.1612139107969027,0.0,89.87454681396484,91.92134704589844,-0.1456517080279457,-0.07407407407407418,-0.04999999999999982,0.20000000000000018,-0.25,0.02285712105887283,16.59349994659424,-0.45790310582341637,0.6651358484106704,0.5,0.5660543393642682
2019-05-30,2.29,2.03,2.22,17.299999237060547,89.43662425334824,89.87289945825395,87.69975053855681,88.12779235839844,10367800.0,0.0,-0.010718944441289846,0.16263291533468185,0.0,89.25552520751953,91.58796691894531,0.040275325092310243,-0.07112970711297073,-0.06999999999999984,0.1900000000000004,-0.26000000000000023,-0.03351957509812453,16.718499898910522,-0.41116403146146474,0.6880979762614285,0.5,0.5752391905045714
2019-05-31,2.21,1.93,2.14,18.709999084472656,86.89305421448502,87.74091080637835,86.30037605465157,87.22232055664062,10952800.0,0.0,-0.010274531762641148,0.16278591822878796,0.0,88.81431274414062,91.19902305603027,0.05642469955053153,-0.07359307359307354,-0.06999999999999984,0.2100000000000002,-0.28,0.08150288494762292,16.932999849319458,-0.39556894019875916,0.6341370159591726,0.5,0.553654806383669
2019-06-03,2.11,1.83,2.07,18.86000061035156,87.09059662091865,87.96314687736322,86.6790153633155,87.63388061523438,11680700.0,0.0,0.004718517645107667,0.1616509990907681,0.0,88.27925415039063,90.8014347076416,0.0664578920458696,-0.10775862068965514,-0.040000000000000036,0.23999999999999977,-0.2799999999999998,0.00801718509988536,17.232499885559083,-0.26190265999314477,0.6283964292505391,0.5,0.5513585717002156
2019-06-04,2.11,1.89,2.12,16.969999313354492,88.77809298526215,90.46557897621184,88.18541485614355,90.33386993408205,12858600.0,0.0,0.030809879693702635,0.20283575878717613,0.0,88.48010559082032,90.58123817443848,0.10084155915313286,-0.06194690265486713,0.010000000000000231,0.2300000000000002,-0.21999999999999997,-0.10021215460405208,17.308999872207643,-0.16653316240544377,0.7007271356301568,0.5,0.5802908542520627
2019-06-05,2.04,1.86,2.12,16.09000015258789,90.43265605758856,90.8606979045963,89.42839654394636,90.6549072265625,8340500.0,0.0,0.0035538972559763238,0.1967785153336872,0.0,88.7945541381836,90.45447082519532,-0.35136795607608917,-0.057777777777777706,0.08000000000000007,0.26,-0.17999999999999994,-0.05185616949754901,17.147499895095827,-0.3021773367317703,0.7344048696152345,0.5,0.5937619478460938
2019-06-06,2.02,1.88,2.12,15.93000030517578,90.67137359724208,91.26405175219884,89.66711408803567,90.85247039794922,8726700.0,0.0,0.0021792882198088392,0.19655559323855742,0.0,89.33948974609375,90.36227645874024,0.04630417840657031,-0.04504504504504503,0.10000000000000009,0.2400000000000002,-0.14000000000000012,-0.00994405505871776,16.9739999294281,-0.46712602506019807,0.7405280939761578,0.5,0.5962112375904631
2019-06-07,1.97,1.85,2.09,16.299999237060547,90.300932319349,90.56434409317217,89.69179376992639,89.85643005371094,10618900.0,0.0,-0.010963271993325585,0.1997502277433449,0.0,89.8663116455078,90.2239833831787,0.21682881272416843,-0.02336448598130858,0.11999999999999988,0.23999999999999977,-0.11999999999999988,0.023226548951449377,16.83399987220764,-0.6491297716754393,0.7263681650144949,0.5,0.590547266005798
2019-06-10,2.03,1.91,2.15,15.9399995803833,91.1652737869926,91.54392789514354,90.72899853804115,90.82777404785156,11380600.0,0.0,0.010809955320504105,0.20441949587615094,0.0,90.50509033203124,90.13466911315918,0.07173059356430511,0.03864734299516903,0.1200000000000001,0.24,-0.11999999999999988,-0.02208586954156,16.82899980545044,-0.662232019918618,0.740145419826572,0.5,0.5960581679306288
2019-06-11,2.05,1.92,2.15,15.989999771118164,91.22288539700212,91.84025738974854,90.85246471344736,91.1076431274414,9847700.0,0.0,0.0030813160679508123,0.1794787114161604,0.0,90.65984497070312,90.18529434204102,-0.13469412860481877,0.014150943396226356,0.10000000000000009,0.22999999999999998,-0.1299999999999999,0.003136774909103357,16.60099983215332,-0.830250185550763,0.7382319030894595,0.5,0.5952927612357838
2019-06-12,2.02,1.88,2.13,15.90999984741211,91.12409849251968,91.2887347827993,89.63417617682502,89.94697570800781,9670500.0,0.0,-0.012739517559575697,0.18325697956180406,0.0,90.51825866699218,90.14207725524902,-0.017994049371934606,0.004716981132075304,0.10999999999999988,0.25,-0.14000000000000012,-0.00500312225460775,16.493499851226808,-0.897331163878014,0.7412935152699212,0.5,0.5965174061079684
2019-06-13,2.0,1.84,2.1,15.81999969482422,90.10338071184688,90.67959832089474,89.7658872993214,90.1692352294922,8406900.0,0.0,0.002471006053676561,0.18307061324981228,0.0,90.38161163330078,90.12725982666015,-0.1306654257794323,-0.009433962264150941,0.10000000000000009,0.26,-0.15999999999999992,-0.005656829255251572,16.462499809265136,-0.891023338875192,0.7447378380972645,0.5,0.5978951352389058
2019-06-14,2.0,1.85,2.09,15.279999732971191,90.19393619403054,90.79484772437716,89.42016125144985,90.39972686767578,9077400.0,0.0,0.0025562115237747207,0.176976645584769,0.0,90.49027099609376,90.0659336090088,0.07975591478428434,0.0,0.08999999999999986,0.23999999999999977,-0.1499999999999999,-0.03413400583248427,16.461999797821044,-0.8697012360587321,0.7654037385640284,0.5,0.6061614954256114
2019-06-17,2.03,1.85,2.09,15.350000381469728,90.30094495922567,90.85246873681334,89.77412133783717,89.90583038330078,8128600.0,0.0,-0.0054634731927669655,0.17718423301788153,0.0,90.30588226318359,90.00213775634765,-0.10452332165598077,-0.027906976744186074,0.06000000000000005,0.23999999999999977,-0.17999999999999972,0.0045811943535241095,16.431499814987184,-0.8454905963559426,0.7627248005331524,0.5,0.6050899202132609
2019-06-18,2.04,1.83,2.06,15.149999618530272,89.73295792249007,91.70854944359166,89.70826404901406,91.13233184814452,11057300.0,0.0,0.013642068146356268,0.1832922508192175,0.0,90.31082000732422,89.97579536437988,0.3602957458849003,-0.041860465116279055,0.020000000000000018,0.22999999999999998,-0.20999999999999996,-0.013029365340009647,16.373499822616576,-0.8876456749088061,0.7703788674816026,0.5,0.6081515469926411
2019-06-19,1.96,1.77,2.03,14.329999923706056,91.22288302121012,91.85671548728666,90.30093860850266,90.47380828857422,13126500.0,0.0,-0.0072260145901633654,0.18437873014186174,0.0,90.4161865234375,89.90088653564453,0.18713429137312,-0.04694835680751175,0.06999999999999984,0.2599999999999998,-0.18999999999999995,-0.054125393760489415,16.342499828338624,-0.851399197609318,0.801760410579982,0.5,0.6207041642319928
2019-06-20,1.91,1.74,2.01,14.75,91.27227024205618,91.44513364089596,89.7494206311254,90.70429229736328,13638000.0,0.0,0.0025475219088149093,0.18259432048053514,0.0,90.52319793701172,89.87495613098145,0.038966975202833876,-0.04285714285714304,0.09999999999999987,0.2699999999999998,-0.16999999999999993,0.029309147140966774,16.342499828338624,-0.8395543604982871,0.7856869283839106,0.5,0.6142747713535643
2019-06-21,1.95,1.8,2.07,15.399999618530272,90.7043013560452,91.92257865436676,89.79881734754971,90.08692932128906,13338800.0,0.0,-0.006806325923918388,0.16967237887079867,0.0,90.46063842773438,89.90788345336914,-0.021938700689250634,-0.009569377990430672,0.11999999999999988,0.2699999999999998,-0.1499999999999999,0.04406777074781498,16.26649980545044,-0.8321884515878012,0.7608113202933361,0.5,0.6043245281173344
2019-06-24,1.92,1.75,2.02,15.260000228881836,89.95522689540671,90.35857489601086,89.34608820139974,89.44486999511719,13039600.0,0.0,-0.007127108571788665,0.16785171356640666,0.0,90.36844635009766,89.86466827392579,-0.02243080337061809,-0.03349282296650713,0.10000000000000009,0.27,-0.16999999999999993,-0.009090869682878422,16.236999797821046,-0.7974916672351684,0.7661691233604958,0.5,0.6064676493441983
2019-06-25,1.93,1.73,2.0,16.280000686645508,89.4613181497926,89.70826945991269,88.62992210463652,88.70401000976562,18660100.0,0.0,-0.00828286726105154,0.1659772389712123,0.0,89.88278198242188,89.83338813781738,0.4310331605263966,-0.029126213592232997,0.07000000000000006,0.27,-0.19999999999999996,0.06684144446034601,16.17599983215332,-0.7807124115181299,0.727133513313666,0.5,0.5908534053254664
2019-06-26,1.96,1.8,2.05,16.209999084472656,89.14851474152394,89.97990447046504,89.0332724765176,89.29668426513672,10324600.0,0.0,0.006681482103298775,0.1674966857315173,0.0,89.64735717773438,89.84408912658691,-0.4467017861640613,0.009852216748768461,0.08999999999999986,0.24999999999999978,-0.15999999999999992,-0.004299852531964188,16.09149980545044,-0.7799147430358927,0.7298124878418382,0.5,0.5919249951367352
2019-06-27,1.93,1.76,2.01,15.81999969482422,89.59300231933594,90.17745321333236,89.26374234780681,89.59300231933594,10906600.0,0.0,0.0033183545014885407,0.16273419657864732,0.0,89.4250991821289,89.91734962463379,0.05637022257520874,0.0,0.07999999999999985,0.24999999999999978,-0.16999999999999993,-0.024059186408098676,16.01749982833862,-0.7585616041344289,0.7447378380972645,0.5,0.5978951352389058
2019-06-28,1.92,1.76,2.0,15.079999923706056,91.40398141945975,92.54817700066424,91.28873915086598,92.0295867919922,21634700.0,0.0,0.027196147127334314,0.18191198285585436,0.0,89.81363067626953,90.15771293640137,0.9836337630425613,-0.033816425120772875,0.08000000000000007,0.24,-0.15999999999999992,-0.04677621905139906,15.835999870300293,-0.6403773668854651,0.7730577690151823,0.5,0.609223107606073
2019-07-01,1.94,1.79,2.03,14.0600004196167,93.20670488772753,94.2685791256776,93.08322924045378,93.5771255493164,12724500.0,0.0,0.016815665605692587,0.18859543444101676,0.0,90.64008178710938,90.45487518310547,-0.41184763366258836,0.004950495049504955,0.08999999999999986,0.23999999999999977,-0.1499999999999999,-0.06763922475131434,15.59599986076355,-0.5595779889019008,0.812093342564716,0.5,0.6248373370258864
2019-07-02,1.91,1.75,1.98,12.93000030517578,93.43718542051256,94.00516332532976,93.19846752071264,93.6759033203125,10174900.0,0.0,0.0010555760333121889,0.15827847579773158,0.0,91.63446044921875,90.62197685241699,-0.2003693661833471,-0.010000000000000009,0.07000000000000006,0.22999999999999998,-0.15999999999999992,-0.08036984926859092,15.393999910354614,-0.7566734260975222,0.8553386602353564,0.5,0.6421354640941426
2019-07-03,1.91,1.74,1.96,12.56999969482422,93.9577521409198,94.39712228729309,93.0624474753832,93.52667999267578,6849400.0,0.0,-0.0015929745254387173,0.15860413593825193,0.0,92.48045959472657,90.76556549072265,-0.32683367895507576,-0.04390243902439017,0.050000000000000044,0.21999999999999997,-0.16999999999999993,-0.02784227392534966,15.21799988746643,-0.8234700891965951,0.8691159515447296,0.5,0.6476463806178918
2019-07-05,1.98,1.84,2.04,13.279999732971191,94.09871378402154,94.7287420126384,93.60960609831848,94.0821304321289,7929400.0,0.0,0.005938951746139454,0.15934360079515267,0.0,93.37828521728515,90.92704849243164,0.15767804479224456,0.014925373134328401,0.06000000000000005,0.19999999999999996,-0.1399999999999999,0.05648369573464018,15.0854998588562,-0.8620217090699284,0.8419441160701608,0.5,0.6367776464280643
2019-07-08,1.99,1.86,2.05,13.960000038146973,93.64277475616252,94.07385339774332,93.26143984996176,93.56816864013672,6917200.0,0.0,-0.005462905544671548,0.1546285953046756,0.0,93.68600158691406,91.11263542175293,-0.12765152470552632,0.02499999999999991,0.05999999999999983,0.18999999999999972,-0.1299999999999999,0.0512048432868184,14.968499898910522,-0.8635479439544392,0.8159203760389411,0.5,0.6263681504155765
2019-07-09,2.0,1.88,2.07,14.09000015258789,93.07901471200596,94.08209205266864,92.97124826744806,93.96603393554688,8947300.0,0.0,0.004252143663731944,0.15143190725501093,0.0,93.76378326416015,91.2695484161377,0.2934858035043082,0.019704433497536922,0.06999999999999984,0.18999999999999995,-0.1200000000000001,0.009312329089232074,14.875999927520752,-0.866622162493237,0.810945247121367,0.5,0.6243780988485468
2019-07-10,1.93,1.82,2.07,13.029999732971191,93.9826566217673,94.36399149832154,93.4603885514052,93.6925048828125,9242300.0,0.0,-0.002910935380352364,0.15222117305957833,0.0,93.76710357666016,91.39879150390625,0.032970840365249776,0.045454545454545414,0.1399999999999999,0.24999999999999978,-0.10999999999999988,-0.0752306890090424,14.727999925613403,-0.8967705575362553,0.8515116632584274,0.5,0.640604665303371
2019-07-11,1.97,1.88,2.13,12.93000030517578,93.98265481078889,94.8033536309349,93.77540718678364,94.58781433105467,11595200.0,0.0,0.009555827857969934,0.1450748244043161,0.0,93.97933044433594,91.63083343505859,0.25457948778983597,0.08673469387755106,0.15999999999999992,0.25,-0.09000000000000008,-0.007674553326534106,14.578999948501586,-0.9061126461229904,0.8553386602353564,0.5,0.6421354640941426
2019-07-12,1.96,1.86,2.12,12.390000343322754,94.61264959272228,95.62401865234628,94.44685408199746,95.58257293701172,10783400.0,0.0,0.010516773360206955,0.1477965111436709,0.0,94.2794189453125,91.90150032043456,-0.0700117289913067,0.03921568627450989,0.16000000000000014,0.26,-0.09999999999999987,-0.041763337131312195,14.407499980926513,-0.9194721573253642,0.8760045607021203,0.5,0.6504018242808481
2019-07-15,1.95,1.84,2.09,12.68000030517578,95.7815329262384,95.80640162144527,94.1152607757481,94.42198944091795,12946600.0,0.0,-0.012142208149790834,0.1572369952930924,0.0,94.45018310546875,92.10261344909668,0.20060463304709097,0.019512195121951237,0.1399999999999999,0.24999999999999978,-0.10999999999999988,0.023405968831091473,14.277500009536743,-0.9223336071272183,0.864906207423623,0.5,0.6459624829694492
2019-07-16,2.0,1.88,2.13,12.859999656677246,94.07380625133658,95.74836359365946,93.60956746039426,95.433349609375,16945000.0,0.0,0.010711066081591891,0.15722901096789255,0.0,94.74364624023437,92.3789894104004,0.3088378415954769,0.02898550724637694,0.1299999999999999,0.25,-0.1200000000000001,0.014195532111146214,14.152999973297119,-0.9218643195207963,0.8580175982662324,0.5,0.643207039306493
2019-07-17,1.95,1.83,2.06,13.970000267028809,94.86136268457405,95.28414951919645,94.28107198975444,94.4966049194336,13120900.0,0.0,-0.009815695391345525,0.1582829103142148,0.0,94.90446624755859,92.54720306396484,-0.2256771909117734,-0.004830917874396046,0.1100000000000001,0.22999999999999998,-0.11999999999999988,0.0863142021761425,14.094000005722046,-0.9064603855986263,0.8155376653920594,0.5,0.6262150661568238
2019-07-18,1.9,1.78,2.04,13.529999732971191,94.44685935023747,95.39190772840897,94.13184533241154,95.06031036376952,9397200.0,0.0,0.00596535129295428,0.1551330920636484,0.0,94.99896545410157,92.7765281677246,-0.2837991296328758,-0.04225352112676051,0.14000000000000012,0.26,-0.11999999999999988,-0.03149610061898722,14.053999996185302,-0.9122250619413869,0.8323765688818943,0.5,0.6329506275527577
2019-07-19,1.94,1.8,2.05,14.449999809265137,95.24270138823633,95.43337195276844,94.00750753009362,94.12356567382812,10402800.0,0.0,-0.009854214512415638,0.1612307929585535,0.0,94.70716400146485,92.94749183654785,0.10701059890180065,-0.03301886792452846,0.10999999999999988,0.24999999999999978,-0.1399999999999999,0.0679970505876657,14.038999986648559,-0.8939245077318779,0.7971679923092897,0.5,0.6188671969237158
2019-07-22,1.95,1.8,2.05,13.529999732971191,93.60131567298772,94.87795541290804,93.48525119011786,94.7287368774414,9061100.0,0.0,0.006429539714957411,0.15857410413275785,0.0,94.76851348876953,93.17958221435546,-0.12897489137539897,-0.019138755980861233,0.09999999999999987,0.24999999999999978,-0.1499999999999999,-0.06366782618945466,13.945499992370605,-0.8842143316018526,0.8323765688818943,0.5,0.6329506275527577
2019-07-23,1.97,1.83,2.08,12.609999656677246,95.23442551655576,96.53594033699856,95.18468811090048,96.46133422851562,12752200.0,0.0,0.018290092406867187,0.16356304975489067,0.0,94.97411041259765,93.5304054260254,0.4073567226937127,-0.023474178403755763,0.1100000000000001,0.25,-0.1399999999999999,-0.0679970505876657,13.812999963760376,-0.8883335107853023,0.8675851454544989,0.5,0.6470340581817996
2019-07-24,1.98,1.82,2.05,12.06999969482422,95.81472167268026,96.8924055072208,95.76497794284006,96.85095977783205,10011000.0,0.0,0.004039188887781764,0.1571804890382043,0.0,95.44498138427734,93.93775291442871,-0.2149589874688289,-0.004854368932038944,0.06999999999999984,0.22999999999999976,-0.15999999999999992,-0.042823154365994376,13.60249991416931,-0.8686126062676613,0.8882510459212628,0.5,0.6553004183685052
2019-07-25,1.99,1.85,2.08,12.739999771118164,96.90066351839272,97.19080882209576,95.59914916347336,95.92245483398438,10138400.0,0.0,-0.009586946231380455,0.16455148631488786,0.0,95.6174102783203,94.2690414428711,0.012726001398461584,0.019607843137254832,0.09000000000000008,0.22999999999999998,-0.1399999999999999,0.05550953547921367,13.428999948501588,-0.8141087423742048,0.8626100165369248,0.5,0.64504400661477
2019-07-26,2.0,1.85,2.08,12.15999984741211,95.97221116342064,96.58566858340308,95.7732552479992,96.3452606201172,12800400.0,0.0,0.004407787382678885,0.16456903824164903,0.0,96.06174926757812,94.60665435791016,0.26256608537836335,0.014634146341463428,0.08000000000000007,0.22999999999999998,-0.1499999999999999,-0.04552589749812441,13.245999956130982,-0.7281994224892873,0.8848067230939195,0.5,0.6539226892375678
2019-07-29,1.98,1.84,2.06,12.829999923706056,96.54422838866952,97.14110253290907,95.98880629738368,96.03854370117188,8500400.0,0.0,-0.0031835184935010696,0.14060393148025233,0.0,96.32371063232422,94.80710220336914,-0.33592700228117867,0.004878048780487809,0.08000000000000007,0.21999999999999997,-0.1399999999999999,0.055098691176097114,13.133499956130981,-0.6310564157151061,0.8591656937095814,0.5,0.6436662774838326
2019-07-30,1.97,1.84,2.06,13.9399995803833,95.49140694404684,96.2292078998208,95.1349408162812,95.822998046875,7121100.0,0.0,-0.002244366126245678,0.13016466016410685,0.0,96.1960433959961,94.91939582824708,-0.162262952331655,-0.009615384615384581,0.09000000000000008,0.21999999999999997,-0.1299999999999999,0.08651595193124617,13.127499914169311,-0.5065409666217963,0.8166857973327045,0.5,0.6266743189330819
2019-07-31,2.0,1.84,2.02,16.1200008392334,96.24577007737165,96.312090817584,95.21782390285556,96.16287231445312,13648000.0,0.0,0.0035468966167377936,0.13042346730707383,0.0,96.05842590332031,95.0437442779541,0.9165578351659154,-0.014634146341463317,0.020000000000000018,0.17999999999999994,-0.15999999999999992,0.15638460003383692,13.286999940872192,-0.20480460412462173,0.7332567376745893,0.5,0.5933026950698357
2019-08-01,1.88,1.68,1.9,17.8700008392334,95.60746920682696,96.8260861686844,93.34432251699242,93.62618255615234,15664500.0,0.0,-0.026379097225858517,0.16334462804532163,0.0,95.5991714477539,95.04871940612793,0.1477505861664712,-0.08653846153846156,0.020000000000000018,0.21999999999999997,-0.19999999999999996,0.10856078839281391,13.55199999809265,-0.4177745139606647,0.6662839073567234,0.5,0.5665135629426894
2019-08-02,1.85,1.66,1.86,17.610000610351562,93.17851789526917,94.03237695564223,92.34952753378936,93.61788177490234,11025500.0,0.0,-8.865876001107331e-05,0.1618834442790148,0.0,95.05369567871094,95.0255069732666,-0.29614733952567907,-0.10576923076923073,0.010000000000000009,0.20000000000000018,-0.19000000000000017,-0.014549536467340696,13.76850004196167,-0.5176031163408503,0.6762341651918717,0.5,0.5704936660767487
2019-08-05,1.78,1.55,1.75,24.59000015258789,91.84387386633308,92.00138411201054,89.75481390938812,90.83250427246094,15855300.0,0.0,-0.02975262257202793,0.1924385402653693,0.0,94.01248779296876,94.88872375488282,0.43805723096458205,-0.15048543689320393,-0.030000000000000027,0.19999999999999996,-0.22999999999999998,0.39636566157376074,14.300000047683715,-0.7851415054681957,0.40910826521417154,0.5,0.4636433060856686
2019-08-06,1.8,1.53,1.73,20.170000076293945,91.23039608103257,91.60343923128202,89.81281693081702,91.54541015625,10203500.0,0.0,0.007848576778755723,0.19425741038910946,0.0,93.15697021484375,94.76769256591797,-0.35646124639710386,-0.1601941747572816,-0.07000000000000006,0.19999999999999996,-0.27,-0.17974786697302148,14.604000043869018,-0.8346519989047415,0.578262502422508,0.5,0.5313050009690032
2019-08-07,1.75,1.52,1.71,19.489999771118164,89.5309555818524,89.76307186215055,87.82323752706368,89.55582427978516,17320900.0,0.0,-0.02173332199909328,0.20745600046969748,0.0,91.83556060791015,94.5608585357666,0.6975449600627235,-0.1534653465346535,-0.040000000000000036,0.18999999999999995,-0.22999999999999998,-0.03371345079839605,14.927000045776367,-0.8501461432762184,0.6042862424537278,0.5,0.5417144969814911
2019-08-08,1.79,1.54,1.72,16.90999984741211,90.40139584926148,91.25525485674156,90.12782752899288,91.0728759765625,10903300.0,0.0,0.016939732384549933,0.214528233436815,0.0,91.32489929199218,94.38511161804199,-0.3705119248999763,-0.09473684210526312,-0.07000000000000006,0.17999999999999994,-0.25,-0.13237557485912876,15.126000022888183,-0.8370018574620484,0.703023326516855,0.5,0.581209330606742
2019-08-09,1.78,1.57,1.74,17.969999313354492,90.65011338802454,91.56200170807176,89.77138544821305,90.97341918945312,9980800.0,0.0,-0.0010920571689749803,0.20958592870440446,0.0,90.79600677490234,94.15465393066407,-0.08460741243476744,-0.06451612903225812,-0.040000000000000036,0.16999999999999993,-0.20999999999999996,0.0626847708756546,15.40499997138977,-0.8330754383100638,0.6624569468770906,0.5,0.5649827787508362
2019-08-12,1.75,1.49,1.65,21.09000015258789,89.89572818985614,89.95375726950958,88.87606713343688,89.26569366455078,9393700.0,0.0,-0.018771697712559154,0.21493241891573758,0.0,90.4826446533203,93.8968391418457,-0.058822940044886196,-0.05714285714285716,-0.10000000000000009,0.15999999999999992,-0.26,0.17362275784366643,15.825499963760375,-0.86394045065438,0.5430539258499034,0.5,0.5172215703399614
2019-08-13,1.86,1.57,1.68,17.520000457763672,89.4895038704686,91.46250490977664,88.72683428243582,90.6417999267578,12124700.0,0.0,0.01541584684681041,0.21943239169913112,0.0,90.30192260742187,93.65726165771484,0.2907267636820423,-0.028901734104046284,-0.18000000000000016,0.10999999999999988,-0.29000000000000004,-0.16927452200071014,16.058500003814697,-0.850474564858025,0.679678488019215,0.5,0.571871395207686
2019-08-14,1.79,1.51,1.59,22.100000381469727,88.12167458152814,88.62735918864674,86.58803741174869,86.87818908691406,19491800.0,0.0,-0.04152180167301267,0.25881638057711104,0.0,89.76639556884766,93.27634086608887,0.6076109099606588,-0.07017543859649111,-0.19999999999999996,0.08000000000000007,-0.28,0.26141551392919693,16.465000009536745,-0.8663172000093827,0.5044010264499554,0.5,0.5017604105799822
2019-08-15,1.72,1.42,1.52,21.18000030517578,86.8947713938606,88.18799436298522,86.49685322852511,87.20978546142578,13365600.0,0.0,0.0038167965745692367,0.25782232211257206,0.0,88.99377746582032,92.88381462097168,-0.3142962681743092,-0.11627906976744184,-0.19999999999999996,0.10000000000000009,-0.30000000000000004,-0.041628962009672255,16.847500038146972,-0.8688072785581787,0.53960960302256,0.5,0.515843841209024
2019-08-16,1.71,1.42,1.55,18.46999931335449,88.17970765279425,89.5143826502167,87.76521246911508,89.29884338378906,11830600.0,0.0,0.023954398136746935,0.27528173998786315,0.0,88.6588623046875,92.64257850646973,-0.11484707009038131,-0.1091954022988505,-0.15999999999999992,0.13000000000000012,-0.29000000000000004,-0.12795094205730706,17.04850001335144,-0.8614399893892876,0.6433218525005575,0.5,0.557328741000223
2019-08-19,1.75,1.47,1.6,16.8799991607666,90.8822052686085,90.98168638254536,89.87912775401482,90.10295867919922,8265400.0,0.0,0.009004767194511487,0.27653651120459233,0.0,88.8263153076172,92.41128959655762,-0.30135411559853265,-0.030303030303030165,-0.1499999999999999,0.13000000000000012,-0.28,-0.08608555558733877,17.21599998474121,-0.8436221187352636,0.7041714584575001,0.5,0.581668583383
2019-08-20,1.72,1.42,1.55,17.5,89.40661708033194,89.8957247254433,88.9009324093993,88.9589614868164,8374000.0,0.0,-0.012696555242496244,0.2675846613714276,0.0,88.4897476196289,92.03617095947266,0.013139110024923184,-0.07738095238095233,-0.16999999999999993,0.13000000000000012,-0.30000000000000004,0.036729909363647284,17.46050000190735,-0.8085065312692016,0.6804439093129785,0.5,0.5721775637251914
2019-08-21,1.77,1.47,1.59,15.800000190734863,89.70506517599216,89.88744410593343,89.07503059747575,89.20767211914062,8189300.0,0.0,0.0027957906451177017,0.26713114421255946,0.0,88.95564422607421,91.65400657653808,-0.02205636493909724,0.0,-0.17999999999999994,0.1200000000000001,-0.30000000000000004,-0.09714284624372205,17.64700002670288,-0.7350261046903686,0.7455032228937318,0.5,0.5982012891574927
2019-08-22,1.79,1.5,1.62,16.68000030517578,89.83767754735013,90.58376372819131,89.47291980582328,90.12782287597656,9343400.0,0.0,0.010314704273496123,0.2708915051888926,0.0,89.53925170898438,91.3642749786377,0.1409277960265225,0.06578947368421062,-0.16999999999999993,0.1200000000000001,-0.29000000000000004,0.05569620910238671,17.84400005340576,-0.6856609510257926,0.7118254524113581,0.5,0.5847301809645432
2019-08-23,1.73,1.4,1.52,19.8700008392334,89.53094506842959,90.1775564375284,87.13516380359248,87.88954162597656,14762300.0,0.0,-0.024834520335413668,0.2800589781268671,0.0,89.25739135742188,90.94148902893066,0.5799708885416444,-0.01935483870967747,-0.20999999999999996,0.1200000000000001,-0.33000000000000007,0.19124703091688589,18.229500102996827,-0.6287903273164759,0.589743529850591,0.5,0.5358974119402364
2019-08-26,1.75,1.43,1.54,19.31999969482422,88.3869677718533,88.6936902034436,87.8812830701177,88.5942153930664,8209500.0,0.0,0.008017720357316849,0.2835228224645632,0.0,88.95564270019531,90.56927261352538,-0.4438874701096712,-0.03749999999999998,-0.20999999999999996,0.1100000000000001,-0.32000000000000006,-0.02767997590232607,18.554000091552734,-0.5406390382177804,0.6107921774615327,0.5,0.5443168709846131
2019-08-27,1.77,1.4,1.49,20.309999465942383,88.99211519076495,89.16620240996367,86.91134758562767,87.65744018554688,14331800.0,0.0,-0.010573773957626154,0.2844284239446576,0.0,88.69533843994141,90.16099472045899,0.7457579633351605,-0.03870967741935483,-0.28,0.09000000000000008,-0.3700000000000001,0.051242224987373186,18.872500085830687,-0.43718663007774683,0.5729046993553482,0.5,0.5291618797421392
2019-08-28,1.74,1.37,1.47,19.350000381469727,87.11031406735177,88.87606136916615,87.07715369188688,88.53617858886719,10585500.0,0.0,0.01002468702554249,0.28770606530196363,0.0,88.56103973388672,89.77966003417968,-0.2613977309200519,-0.07547169811320764,-0.27,0.09999999999999987,-0.3699999999999999,-0.04726731214751967,19.034000062942503,-0.3449755350161561,0.6096440455208876,0.5,0.543857618208355
2019-08-29,1.75,1.4,1.5,17.8799991607666,89.64701677660766,91.09774990259731,89.54753565679263,90.54232788085938,10002200.0,0.0,0.022659090599652876,0.28968769572669817,0.0,88.64394073486328,89.62546730041504,-0.05510367956166451,-0.07407407407407418,-0.25,0.10000000000000009,-0.3500000000000001,-0.07596905383582586,19.034499979019166,-0.337854076366197,0.6659012697044339,0.5,0.5663605078817735
2019-08-30,1.76,1.39,1.5,18.979999542236328,91.05629262853124,91.65316666377396,90.74957026158836,91.0728759765625,10170300.0,0.0,0.0058596692632117975,0.2908429585043807,0.0,89.28060760498047,89.49821701049805,0.016806302613425084,-0.013157894736842146,-0.26,0.1100000000000001,-0.3700000000000001,0.06152127701904009,19.102999925613403,-0.29949814969592525,0.6238040474771426,0.5,0.549521618990857
2019-09-03,1.72,1.35,1.47,19.65999984741211,90.34338190615456,90.3516672568632,88.96725472509385,89.99520111083984,9868800.0,0.0,-0.011833104578799047,0.2739911428944649,0.0,89.56080474853516,89.45635185241699,-0.029645143211114666,-0.045454545454545525,-0.25,0.11999999999999988,-0.3699999999999999,0.035827203455014445,18.856499910354614,-0.5492760607900138,0.5977803074459228,0.5,0.5391121229783691
2019-09-04,1.69,1.32,1.47,17.329999923706055,90.73301878666452,91.37134509152544,89.9952176574486,91.0811996459961,6929200.0,0.0,0.01206729383068672,0.2760607635531925,0.0,90.245556640625,89.43314132690429,-0.297868028534371,-0.01342281879194629,-0.21999999999999997,0.1499999999999999,-0.3699999999999999,-0.11851474780213478,18.71449990272522,-0.6863213297232278,0.6869498443207834,0.5,0.5747799377283134
2019-09-05,1.73,1.43,1.57,16.270000457763672,92.22518445624117,94.27279181072645,92.18373240525924,93.15365600585938,13224700.0,0.0,0.02275394228356964,0.2750059811182375,0.0,91.16905212402344,89.613032913208,0.9085464411476072,0.06802721088435382,-0.15999999999999992,0.14000000000000012,-0.30000000000000004,-0.061165578223251416,18.553499937057495,-0.7202872924744154,0.7275162239605478,0.5,0.5910064895842191
2019-09-06,1.73,1.42,1.55,15.0,93.39405977616369,93.65933644627992,92.8137627120568,93.35260772705078,7836600.0,0.0,0.002135737122103798,0.269384663923681,0.0,91.73110809326172,89.72701950073242,-0.40742701157682215,0.03333333333333344,-0.17999999999999994,0.13000000000000012,-0.31000000000000005,-0.07805780098535009,18.45799994468689,-0.7655577830871947,0.776119381195644,0.5,0.6104477524782577
2019-09-09,1.74,1.49,1.63,15.270000457763672,94.26451601178752,96.21264256684007,94.173326544025,95.66551208496094,13985100.0,0.0,0.0247760015946501,0.2816144845886938,0.0,92.6496353149414,89.96162414550781,0.78458770385116,0.08666666666666667,-0.1100000000000001,0.1399999999999999,-0.25,0.018000030517578036,18.32300000190735,-0.7833867416912605,0.765786412713614,0.5,0.6063145650854456
2019-09-10,1.81,1.58,1.72,15.199999809265137,96.41158522609555,97.2157005944812,95.9390609551208,96.88410949707033,14333100.0,0.0,0.012738105776584963,0.2718391198217271,0.0,94.0274169921875,90.3425449371338,0.02488362614496853,0.17006802721088432,-0.09000000000000008,0.1399999999999999,-0.22999999999999998,-0.004584194263265062,18.02849998474121,-0.80855467405351,0.7684653507444901,0.5,0.607386140297796
2019-09-11,1.79,1.6,1.75,14.609999656677246,96.9006839038886,97.15766889484694,95.64890667349172,97.14938354492188,9919200.0,0.0,0.002738055283044938,0.26863457484616843,0.0,95.24105377197266,90.667924118042,-0.30795152479226406,0.19047619047619047,-0.040000000000000036,0.1499999999999999,-0.18999999999999995,-0.038815799999435296,17.88299994468689,-0.8321101939520053,0.7910447679483665,0.5,0.6164179071793466
2019-09-12,1.82,1.65,1.79,14.220000267028809,96.61881905818284,98.21047886787836,96.0965511372528,97.74624633789062,12283500.0,0.0,0.006143763050156181,0.2091117395200802,0.0,96.15957183837891,91.21132698059083,0.2383559157996613,0.14012738853503182,-0.030000000000000027,0.14000000000000012,-0.17000000000000015,-0.02669400402553701,17.488999938964845,-0.8474990975913845,0.8059701182037928,0.5,0.6223880472815171
2019-09-13,1.88,1.75,1.9,13.739999771118164,98.6498565530456,99.81044436566744,98.44260895524508,99.66951751708984,16257200.0,0.0,0.019676164060058454,0.2144325148688304,0.0,97.42295379638672,91.83431358337403,0.32349900272723575,0.22580645161290303,0.020000000000000018,0.1499999999999999,-0.1299999999999999,-0.03375530850189912,17.116999912261964,-0.8612409638339619,0.8243398277838585,0.5,0.6297359311135434
2019-09-16,1.86,1.69,1.84,14.670000076293944,98.56694671566596,99.37106830867002,98.13586822316972,98.78248596191406,11993900.0,0.0,-0.008899727592477702,0.21123329887515313,0.0,98.04634857177734,92.30849571228028,-0.26224073026105355,0.128834355828221,-0.020000000000000018,0.15000000000000013,-0.17000000000000015,0.06768561285791752,16.926999950408934,-0.8629766565994753,0.7887485405643723,0.5,0.615499416225749
2019-09-17,1.87,1.66,1.81,14.4399995803833,98.1690233062072,98.32653347667718,97.19081456400752,98.29337310791016,10735400.0,0.0,-0.004951412684557122,0.2136449532920232,0.0,98.32820129394531,92.71801643371582,-0.10492833857210748,0.05232558139534893,-0.06000000000000005,0.15000000000000013,-0.2100000000000002,-0.015678288664927376,16.80499997138977,-0.8799283489908017,0.7975507029561715,0.5,0.6190202811824685
2019-09-18,1.87,1.68,1.8,13.949999809265137,98.08614376915936,99.54516864249936,97.61361949465709,99.27989196777344,10665600.0,0.0,0.010036473758818332,0.2044960055797313,0.0,98.75430297851562,93.23406295776367,-0.00650185368034728,0.028571428571428692,-0.07000000000000006,0.1200000000000001,-0.19000000000000017,-0.033933503141082344,16.627499961853026,-0.8960178076782497,0.8163030866858229,0.5,0.6265212346743292
2019-09-19,1.88,1.66,1.79,14.050000190734863,99.23014329969426,99.76069662271556,98.72445867545603,98.9648666381836,9382600.0,0.0,-0.0031731030659472026,0.20666085823007638,0.0,98.99802703857422,93.72192268371582,-0.12029327932793277,0.0,-0.08999999999999986,0.13000000000000012,-0.21999999999999997,0.0071684862248750925,16.539999961853027,-0.9457948662875568,0.8124760532115978,0.5,0.6249904212846391
2019-09-20,1.84,1.61,1.74,15.31999969482422,99.26331980305564,99.76071283362666,98.54210212237108,98.56697082519533,21862800.0,0.0,-0.0040205764581382475,0.20829053430239994,0.0,98.77751770019532,94.14388008117676,1.3301430307164326,-0.0842105263157894,-0.10000000000000009,0.1299999999999999,-0.22999999999999998,0.09039142255149901,16.47199993133545,-0.9552823501246583,0.7638729324737975,0.5,0.605549172989519
2019-09-23,1.81,1.59,1.72,14.90999984741211,97.63848115437088,98.74933149791453,97.5555833853767,98.55036926269533,9135100.0,0.0,-0.0001684292655137476,0.1783635134816864,0.0,98.73109436035156,94.67692146301269,-0.5821623945697715,-0.0652173913043479,-0.09000000000000008,0.1299999999999999,-0.21999999999999997,-0.02676239266183711,16.223999881744383,-0.948138322871921,0.7795637040229874,0.5,0.611825481609195
2019-09-24,1.78,1.52,1.64,17.049999237060547,98.4426144269358,98.86540132086294,97.02504153815131,97.26544952392578,11696500.0,0.0,-0.013038203188711295,0.19016120507879888,0.0,98.52550964355468,95.11048316955566,0.28039101925539955,-0.09392265193370175,-0.14000000000000012,0.11999999999999988,-0.26,0.1435277942018136,16.1104998588562,-0.9157172492831743,0.6976655234496951,0.5,0.5790662093798781
2019-09-25,1.82,1.6,1.73,15.960000038146973,97.215711239237,98.11931415529868,97.09136772644015,97.82087707519533,9389400.0,0.0,0.005710430106354636,0.18134029351420344,0.0,98.23370666503908,95.61865501403808,-0.1972470397127346,-0.03888888888888897,-0.09000000000000008,0.1299999999999999,-0.21999999999999997,-0.0639295746444557,15.89299988746643,-0.8842589525669406,0.7393799985328087,0.5,0.5957519994131235
2019-09-26,1.79,1.59,1.7,16.06999969482422,97.72140247308724,97.86233567150438,96.95044101872956,97.01676177978516,9899200.0,0.0,-0.008220283026005193,0.1868652918645259,0.0,97.84408569335939,96.04268417358398,0.05429526913327787,-0.05027932960893855,-0.09000000000000008,0.10999999999999988,-0.19999999999999996,0.00689220904851684,15.728999853134155,-0.8491251823795559,0.7351702909089979,0.5,0.5940681163635991
2019-09-27,1.74,1.56,1.69,17.219999313354492,97.78772396532968,98.35143778912555,97.22401014153375,97.5887680053711,10207800.0,0.0,0.005895952566261853,0.17450228695965353,0.0,97.64844512939455,96.39500617980957,0.031174236301923397,-0.028735632183908066,-0.050000000000000044,0.1299999999999999,-0.17999999999999994,0.0715618942357954,15.69599986076355,-0.7892440999640068,0.6911595884418902,0.5,0.576463835376756
2019-09-30,1.75,1.55,1.68,16.239999771118164,98.11932598168325,98.45920883212004,97.17427722234711,97.56390380859376,9755000.0,0.0,-0.00025478543571699763,0.17489966186734454,0.0,97.45115203857422,96.71955757141113,-0.04435823585885301,-0.023255813953488413,-0.07000000000000006,0.1299999999999999,-0.19999999999999996,-0.056910544791736295,15.558999872207641,-0.7243151178270419,0.7286643559011929,0.5,0.5914657423604772
2019-10-01,1.73,1.51,1.65,18.559999465942383,98.15246201036804,98.6498549721796,95.67378255130932,95.7898406982422,11250300.0,0.0,-0.018183601117807036,0.18352635473072768,0.0,97.1560302734375,97.00928955078126,0.15328549461814456,0.0060975609756097615,-0.08000000000000007,0.1399999999999999,-0.21999999999999997,0.14285712607891754,15.503999853134156,-0.5307701630990229,0.6398775296732141,0.5,0.5559510118692856
2019-10-02,1.67,1.43,1.6,20.559999465942383,95.17640193020534,95.25101436769168,93.61790199096728,93.8831787109375,12548700.0,0.0,-0.019904636790357366,0.19756332336546728,0.0,96.36849060058594,97.14938850402834,0.11541025572651398,-0.07514450867052014,-0.06999999999999984,0.17000000000000015,-0.24,0.10775862379037249,15.665499830245972,-0.5709792992135567,0.5633371521670816,0.5,0.5253348608668327
2019-10-03,1.58,1.34,1.54,19.1200008392334,93.81629632313664,94.35110606699288,92.35394196779222,93.74945068359376,12735200.0,0.0,-0.001424408815081546,0.1811713243846107,0.0,95.71502838134765,97.17917823791505,0.014862097269039864,-0.09411764705882353,-0.040000000000000036,0.19999999999999996,-0.24,-0.07003884553082507,15.807999849319458,-0.6830928844703592,0.6184461714153906,0.5,0.5473784685661562
2019-10-04,1.58,1.34,1.52,17.040000915527344,93.87480018139472,96.04744626822402,93.81630625600222,95.78004455566406,9453100.0,0.0,0.021659794881610406,0.19630340910542465,0.0,95.35328369140625,97.30055007934571,-0.2577187637414411,-0.10059171597633132,-0.06000000000000005,0.17999999999999994,-0.24,-0.10878660211342595,15.909999895095826,-0.8483675881297276,0.6980481611019846,0.5,0.5792192644407939
2019-10-07,1.64,1.38,1.56,17.860000610351562,95.4207073785228,96.51538196502432,95.32042936187158,95.57112121582033,6771600.0,0.0,-0.002181282550169583,0.17591142591637782,0.0,94.95472717285158,97.29583053588868,-0.28366356010197713,-0.0714285714285714,-0.07999999999999985,0.18000000000000016,-0.26,0.04812204523281527,16.03949990272522,-0.9007882318396271,0.6666666180036052,0.5,0.5666666472014421
2019-10-08,1.62,1.36,1.54,20.280000686645508,94.47645025048074,94.47645025048074,93.30657180922536,93.44026947021484,10806300.0,0.0,-0.022295979355453577,0.18595792311462545,0.0,94.48481292724611,97.1236385345459,0.5958266879319511,-0.06666666666666654,-0.08000000000000007,0.17999999999999994,-0.26,0.13549831990998507,16.29349994659424,-0.931037967853562,0.5740527583014012,0.5,0.5296211033205604
2019-10-09,1.59,1.4,1.59,18.63999938964844,94.15057536947724,94.56003928946794,93.64919787345028,94.11714935302734,7273700.0,0.0,0.00724398470434906,0.1880737838767733,0.0,94.53160705566407,96.97202682495119,-0.3269018998176989,-0.006249999999999978,0.0,0.19000000000000017,-0.19000000000000017,-0.0808679113150631,16.4949999332428,-0.9458642430065158,0.6368159174927523,0.5,0.554726366997101
2019-10-10,1.63,1.48,1.67,17.56999969482422,94.54329115856687,96.43181901023104,94.42630332818896,95.43741607666016,10994100.0,0.0,0.014027908119917498,0.19431216016233588,0.0,94.86920013427735,96.85658531188966,0.5114865886687656,0.08441558441558428,0.040000000000000036,0.18999999999999995,-0.1499999999999999,-0.05740341898393175,16.66249990463257,-0.9559167276576496,0.6777650077793986,0.5,0.5711060031117594
2019-10-11,1.67,1.59,1.76,15.579999923706056,96.95827385716208,98.59611002014924,96.82457619863212,97.0501937866211,15076500.0,0.0,0.016898798985352625,0.19058343464905886,0.0,95.12322998046875,96.72561912536622,0.37132643872622584,0.1578947368421053,0.09000000000000008,0.16999999999999993,-0.07999999999999985,-0.11326122969167596,16.754499912261963,-0.9460786124649767,0.7539226746386493,0.5,0.6015690698554597
2019-10-14,1.66,1.59,1.7650000000000001,14.56999969482422,96.80788002726985,97.6602274811868,96.6491144233916,97.30925750732422,8779000.0,0.0,0.002669378705958181,0.18885078820717335,0.0,95.47085723876953,96.65195770263674,-0.4177030477896063,0.1314102564102564,0.1050000000000002,0.17500000000000004,-0.06999999999999984,-0.06482671590678568,16.749499893188478,-0.9291361077998911,0.7925755740385972,0.5,0.6170302296154389
2019-10-15,1.65,1.59,1.77,13.539999961853027,99.31477362376178,101.6044014829419,98.49585856206754,100.24232482910156,23379000.0,0.0,0.030141708989574578,0.21727651863829853,0.0,96.83126831054688,96.7494052886963,1.6630595739833693,0.14935064935064934,0.1200000000000001,0.17999999999999994,-0.05999999999999983,-0.07069318836959793,16.704499912261962,-0.9362217310111334,0.8319938582350126,0.5,0.6327975432940051
2019-10-16,1.59,1.57,1.75,13.68000030517578,100.2423069891004,100.79382658076452,99.75763941618816,100.00833129882812,11087700.0,0.0,-0.0023342787657045783,0.2149309061247872,0.0,98.00950469970704,96.78582725524903,-0.5257410496599513,0.10062893081761004,0.15999999999999992,0.17999999999999994,-0.020000000000000018,0.01033975950643895,16.690999937057494,-0.9380111013004485,0.8266360186705568,0.5,0.6306544074682228
2019-10-17,1.59,1.57,1.76,13.789999961853027,100.9024528646364,101.58767009491396,100.17545153023394,100.56819915771484,10818500.0,0.0,0.005598212185081053,0.21522345332186765,0.0,99.03566131591796,96.86599388122559,-0.024279156182075656,0.05389221556886237,0.16999999999999993,0.18999999999999995,-0.020000000000000018,0.008040910396444279,16.677999925613403,-0.9391669016022952,0.822426311046746,0.5,0.6289705244186985
2019-10-18,1.58,1.56,1.76,14.25,100.27574667574568,101.12808771733098,100.15875881465278,100.7436981201172,10417400.0,0.0,0.0017450741275295556,0.21445002159309773,0.0,99.77436218261718,96.97483024597169,-0.03707538013587841,0.0,0.17999999999999994,0.19999999999999996,-0.020000000000000018,0.03335750829727768,16.62449994087219,-0.9357073801995789,0.8048220227604437,0.5,0.6219288091041775
2019-10-21,1.59,1.61,1.8,14.0,101.98879406210791,103.4260744208616,101.93865185311677,103.24224090576172,12714600.0,0.0,0.02480098340906145,0.23011282253862275,0.0,100.9609588623047,97.20942382812501,0.22051567569643105,0.019830028328611915,0.20999999999999996,0.18999999999999995,0.020000000000000018,-0.01754385964912286,16.578999948501586,-0.9070050843072789,0.8143895699487103,0.5,0.6257558279794841
2019-10-22,1.59,1.6,1.78,14.460000038146973,103.1586552627408,104.53744783300309,102.88290184897576,104.27840423583984,12549100.0,0.0,0.01003623440355117,0.22404047454154272,0.0,101.76817474365234,97.56007156372071,-0.013016532175609163,0.005649717514124353,0.18999999999999995,0.17999999999999994,0.010000000000000009,0.03285714558192665,16.449499988555907,-0.8706963276736481,0.7967852816624079,0.5,0.6187141126649631
2019-10-23,1.58,1.58,1.77,14.010000228881836,103.78539836715146,104.5792518773229,103.76033044978948,104.55418395996094,8828300.0,0.0,0.002644648488265844,0.2239183461313064,0.0,102.6773452758789,97.896736907959,-0.2964993505510355,0.011428571428571344,0.18999999999999995,0.18999999999999995,0.0,-0.031120318677592684,16.35199999809265,-0.8627407829312761,0.8140068593018286,0.5,0.6256027437207314
2019-10-24,1.59,1.58,1.77,13.710000038146973,104.69623929715334,105.0054251524785,103.67676815969465,104.47897338867188,8020500.0,0.0,-0.0007193454000641308,0.22029669522584036,0.0,103.45950012207031,98.26984748840333,-0.09150119502055887,0.005681818181818121,0.17999999999999994,0.18999999999999995,-0.010000000000000009,-0.02141328949562815,16.23400001525879,-0.8701219681149037,0.8254879232272077,0.5,0.6301951692908832
2019-10-25,1.6,1.62,1.8,12.649999618530272,104.45386870782282,105.83266104983772,104.24496097040718,105.31456756591795,9055700.0,0.0,0.007997725763801089,0.2206874907314915,0.0,104.37367401123046,98.65613746643068,0.1290692600211958,0.022727272727272707,0.19999999999999996,0.17999999999999994,0.020000000000000018,-0.07731585825436438,16.005500030517577,-0.8843856169949641,0.8660543393642682,0.5,0.6464217357457074
2019-10-28,1.6,1.66,1.85,13.109999656677246,105.76585696995453,106.30066051004792,105.62380117422744,105.7157211303711,9522200.0,0.0,0.003809098529527377,0.2201414969975131,0.0,104.86837005615234,99.06372833251953,0.05151451571938126,0.0277777777777779,0.25,0.19000000000000017,0.05999999999999983,0.03636364047577878,15.849000024795533,-0.8895391278583301,0.8484500510779658,0.5,0.6393800204311864
2019-10-29,1.59,1.66,1.84,13.199999809265137,105.33967887221118,106.47613794197956,105.23940719717098,105.64886474609376,9797300.0,0.0,-0.0006324166695592659,0.20485053615204318,0.0,105.14246215820313,99.5566795349121,0.028890382474638265,0.03370786516853941,0.25,0.18000000000000016,0.06999999999999984,0.0068650003771777435,15.58100004196167,-0.8902086433074976,0.8450057282506225,0.5,0.638002291300249
2019-10-30,1.59,1.61,1.78,12.329999923706056,105.33132845914396,105.50681026800694,104.38706100503616,105.06392669677734,8513700.0,0.0,-0.005536624086990516,0.18728891526451183,0.0,105.24441070556641,100.1157169342041,-0.13101568799567231,0.005649717514124353,0.18999999999999995,0.16999999999999993,0.020000000000000018,-0.06590908319168487,15.169500064849853,-0.8969306711074058,0.8783007880861144,0.5,0.6513203152344458
2019-10-31,1.53,1.51,1.69,13.220000267028809,104.86336400186453,105.06392009255336,103.5012873565787,104.38705444335938,11589100.0,0.0,-0.006442480066174094,0.1906403649766979,0.0,105.22602691650391,100.64759712219238,0.36122954767022564,-0.04519774011299438,0.15999999999999992,0.17999999999999994,-0.020000000000000018,0.07218169901295846,14.874500036239624,-0.8870945166667565,0.844240306956859,0.5,0.6376961227827436
2019-11-01,1.53,1.55,1.73,12.300000190734863,105.4566480908148,106.95242860742148,105.30623422949792,106.79366302490234,11682600.0,0.0,0.02305466510551657,0.1922701129916006,0.0,105.52184600830078,101.19827804565429,0.008067925895884898,-0.03888888888888897,0.19999999999999996,0.17999999999999994,0.020000000000000018,-0.06959153235332838,14.6375,-0.8878901118465389,0.8794488835294636,0.5,0.6517795534117854
2019-11-04,1.56,1.6,1.79,12.829999923706056,107.86329379664568,108.14740538917324,107.4287619340774,107.64603424072266,9159900.0,0.0,0.007981477474197751,0.19024019258786634,0.0,105.9079086303711,101.80202369689941,-0.2159365209799189,-0.032432432432432434,0.22999999999999998,0.18999999999999995,0.040000000000000036,0.04308940851646681,14.385999965667725,-0.8730178291704896,0.8591656937095814,0.5,0.6436662774838326
2019-11-05,1.62,1.66,1.86,13.100000381469728,108.12232470060982,108.88275218262127,107.66272497243143,107.87999725341795,13747600.0,0.0,0.002173447580726462,0.15920679301682691,0.0,106.35413513183593,102.52401008605958,0.500846079105667,0.010869565217391353,0.24,0.20000000000000018,0.039999999999999813,0.021044462928233587,14.026999950408936,-0.8492205652212217,0.8488327252275514,0.5,0.6395330900910206
2019-11-06,1.58,1.63,1.81,12.619999885559082,107.5373911805311,108.49836204971552,107.44547122994396,108.04712677001952,11231100.0,0.0,0.0015492169156157143,0.1604915241275083,0.0,106.95077514648438,103.22050895690919,-0.18305013238674384,0.016853932584269593,0.22999999999999998,0.18000000000000016,0.04999999999999982,-0.03664125816283326,13.725999975204468,-0.8180691746708191,0.8672024348076173,0.5,0.646880973923047
2019-11-07,1.58,1.74,1.92,12.729999542236328,108.99138779879117,109.71003124963474,108.56522041252153,108.63207244873048,13528900.0,0.0,0.0054138013309326105,0.15836816007774476,0.0,107.79977874755859,103.8802417755127,0.2045926044643891,0.13609467455621305,0.33999999999999986,0.17999999999999994,0.15999999999999992,0.008716296170740545,13.483999967575073,-0.7890419655573572,0.8629927271838065,0.5,0.6451970908735226
2019-11-08,1.58,1.74,1.94,12.06999969482422,108.53178461863938,108.96630366325148,108.00533288103904,108.94960021972656,9293400.0,0.0,0.0029229652333655487,0.1539551219456931,0.0,108.23096618652343,104.47521209716797,-0.3130705378855635,0.12138728323699421,0.3599999999999999,0.19999999999999996,0.15999999999999992,-0.051846022870803865,13.308499956130982,-0.754382393011854,0.8882510459212628,0.5,0.6553004183685052
2019-11-11,1.58,1.7349999999999999,1.93,12.6899995803833,108.29780545984195,108.71562104764888,108.08889766593848,108.56520080566406,8679000.0,0.0,-0.003528231524367764,0.15718779781048847,0.0,108.41479949951172,105.03800926208496,-0.06611143392084706,0.07821229050279332,0.34999999999999987,0.19500000000000006,0.1549999999999998,0.05136701750083272,13.214499950408936,-0.7089939311802977,0.8645235332740373,0.5,0.6458094133096149
2019-11-12,1.58,1.73,1.92,12.68000030517578,108.32287003597786,109.1501367138742,107.80477005257832,107.93012237548828,9099000.0,0.0,-0.00584974214078593,0.13242418958338273,0.0,108.42482452392578,105.42239913940429,0.0483926719668164,0.032258064516129004,0.33999999999999986,0.18999999999999995,0.1499999999999999,-0.0007879649754266582,13.171499967575073,-0.7360780696839105,0.864906207423623,0.5,0.6459624829694492
2019-11-13,1.57,1.69,1.88,13.0,107.06942182284855,107.64600934834884,106.47611810438208,107.36188507080078,8023300.0,0.0,-0.00526486297041906,0.13459617205768926,0.0,108.28777618408203,105.79007682800292,-0.11822178261347405,0.03867403314917128,0.30999999999999983,0.18999999999999995,0.11999999999999988,0.025236568385065494,13.137499952316285,-0.7500590790879336,0.8526597587017766,0.5,0.6410639034807106
2019-11-14,1.55,1.63,1.82,13.050000190734863,106.72682152995746,107.66272442569844,106.61818539001588,107.4621810913086,8483400.0,0.0,0.0009341864707541614,0.13469030664063633,0.0,108.05379791259766,106.13477592468261,0.05734548128575523,-0.05208333333333326,0.27,0.19000000000000017,0.07999999999999985,0.0038461685180664062,13.100499963760376,-0.7507560020979293,0.850746241964664,0.5,0.6402984967858656
2019-11-15,1.54,1.65,1.84,12.050000190734863,107.98861168967149,108.2393035888672,107.29503629387516,108.2393035888672,10163600.0,0.0,0.007231590589979797,0.1352277055480501,0.0,107.91173858642578,106.50955619812012,0.1980573826531815,-0.05154639175257725,0.30000000000000004,0.19000000000000017,0.10999999999999988,-0.07662835137044455,12.99049997329712,-0.7128999429678803,0.8890164307177302,0.5,0.6556065722870921
2019-11-18,1.54,1.63,1.81,12.460000038146973,108.26436429139254,109.17519913876356,107.7880611902986,109.15013122558594,8749300.0,0.0,0.008414943615845827,0.11165545502944062,0.0,108.02872467041016,106.80495071411133,-0.13915344956511477,-0.062176165803108696,0.27,0.18000000000000016,0.08999999999999986,0.03402488306409768,12.913499975204468,-0.67209388088003,0.8733256591685404,0.5,0.6493302636674162
2019-11-19,1.54,1.63,1.79,12.859999656677246,109.4593186476369,109.6765781359715,108.78244676910872,109.11670684814452,8824500.0,0.0,-0.0003062238869171452,0.10877539586271788,0.0,108.2660415649414,107.04686584472657,0.008594973312150644,-0.06770833333333326,0.25,0.16000000000000014,0.08999999999999986,0.032102698018110276,12.833499956130982,-0.5842812347173818,0.8580175982662324,0.5,0.643207039306493
2019-11-20,1.54,1.58,1.73,12.779999732971191,108.8827550164108,109.15015038748793,107.74629600021063,108.32288360595705,11782800.0,0.0,-0.007274992667183566,0.11392641439066627,0.0,108.45824127197265,107.23530082702636,0.3352371239163692,-0.07978723404255317,0.18999999999999995,0.1499999999999999,0.040000000000000036,-0.006220834046796964,12.77199993133545,-0.49103787363193885,0.861079210446694,0.5,0.6444316841786777
2019-11-21,1.55,1.62,1.77,13.130000114440918,108.63206293014802,109.23371845258806,108.1223273556008,108.57356262207033,7705500.0,0.0,0.002314183372602585,0.11354619400328322,0.0,108.680517578125,107.44003028869629,-0.3460382931052042,-0.027472527472527486,0.21999999999999997,0.1499999999999999,0.07000000000000006,0.02738657189223237,12.742999935150149,-0.2869027422204707,0.8476846297842023,0.5,0.6390738519136809
2019-11-22,1.56,1.62,1.77,12.34000015258789,108.75739472737246,109.65152622471078,108.71562336827598,109.29219818115234,8167900.0,0.0,0.006618881629439466,0.11267397175564109,0.0,108.89109649658204,107.638911819458,0.06000908442021924,-0.03804347826086962,0.20999999999999996,0.1499999999999999,0.06000000000000005,-0.06016755178731126,12.72749996185303,-0.373651044490771,0.8779180774392329,0.5,0.6511672309756932
2019-11-25,1.58,1.62,1.76,11.869999885559082,109.67658017931078,110.36180379106165,109.35903628599029,109.87713623046876,10068500.0,0.0,0.005352056771215086,0.11315658213862917,0.0,109.0364974975586,107.84698257446288,0.232691389463632,-0.027624309392265234,0.17999999999999994,0.1399999999999999,0.040000000000000036,-0.0380875414276427,12.66549997329712,-0.42371412430736055,0.8959050763724169,0.5,0.6583620305489668
2019-11-26,1.59,1.58,1.74,11.539999961853027,110.152924978284,110.152924978284,108.93289766008752,110.02757263183594,10490700.0,0.0,0.0013691328926850321,0.11277165419519275,0.0,109.21867065429687,108.06591796875,0.04193276058995887,-0.027932960893854775,0.1499999999999999,0.15999999999999992,-0.010000000000000009,-0.027801173284553227,12.582499980926515,-0.45574951807531267,0.908534235741145,0.5,0.663413694296458
2019-11-27,1.6,1.63,1.77,11.75,110.54564619626552,110.66263405461618,110.01084273655955,110.35345458984376,6607900.0,0.0,0.002961820843746743,0.10915931421903202,0.0,109.62478485107422,108.33039436340331,-0.37011829525198514,0.023121387283236983,0.16999999999999993,0.14000000000000012,0.029999999999999805,0.018197577022630362,12.553499984741212,-0.6618919339161909,0.9004974946431092,0.5,0.6601989978572438
2019-11-29,1.6,1.62,1.78,12.619999885559082,110.19465734800288,110.64590523437596,109.84369385344456,110.1027374267578,5712000.0,0.0,-0.0022719466646315967,0.1055825986255051,0.0,109.93061981201171,108.61617851257324,-0.1355801389246205,0.005649717514124353,0.17999999999999994,0.15999999999999992,0.020000000000000018,0.0740425434518368,12.523499965667726,-0.5903454818043057,0.8672024348076173,0.5,0.646880973923047
2019-12-02,1.6,1.65,1.83,14.90999984741211,110.5623549593712,110.92168298276002,109.76015619909002,109.86042785644533,8615600.0,0.0,-0.0022007588183141635,0.07444013922724951,0.0,110.04426574707031,108.76951675415039,0.5083333333333333,0.033898305084745894,0.22999999999999998,0.18000000000000016,0.04999999999999982,0.1814580017923335,12.653999948501589,-0.24158570589835474,0.7795637040229874,0.5,0.611825481609195
2019-12-03,1.57,1.54,1.72,15.960000038146973,108.43985231971656,108.59862427015295,107.4538009831362,108.44820404052734,10361300.0,0.0,-0.012854708865355335,0.0859587175711269,0.0,109.75847930908203,108.80962524414062,0.20262082733645936,-0.022727272727272707,0.1499999999999999,0.17999999999999994,-0.030000000000000027,0.07042254872437903,12.810499954223634,-0.22985899102327548,0.7393799985328087,0.5,0.5957519994131235
2019-12-04,1.56,1.6,1.77,14.800000190734863,108.94958025737834,110.69604608975276,108.62368465827156,110.58740997314452,10318200.0,0.0,0.019725600359575823,0.11001483689521174,0.0,109.87044677734374,108.94499588012695,-0.00415970968893864,0.01724137931034475,0.20999999999999996,0.16999999999999993,0.040000000000000036,-0.07268169452628592,12.89549994468689,-0.02067028299222388,0.783773411646798,0.5,0.6135093646587193
2019-12-05,1.56,1.62,1.8,14.520000457763672,110.8715505812049,111.39800236057631,110.4537349469663,111.18909454345705,9587400.0,0.0,0.005440805336327514,0.11101192055247608,0.0,110.0375747680664,109.10209426879882,-0.0708263069139966,0.016949152542372836,0.24,0.17999999999999994,0.06000000000000005,-0.0189189006326147,12.99049997329712,0.11536711899401744,0.7944890542784138,0.5,0.6177956217113656
2019-12-06,1.57,1.67,1.84,13.619999885559082,112.55116466972984,113.46199958762732,112.5177322824251,112.8436279296875,10170600.0,0.0,0.014880356684475071,0.12019276526620609,0.0,110.58575286865235,109.31267204284669,0.06082983916390261,0.03370786516853941,0.27,0.17000000000000015,0.09999999999999987,-0.061983508528291376,13.034999990463257,0.1589557060695223,0.828932246054551,0.5,0.6315728984218204
2019-12-09,1.56,1.67,1.83,15.859999656677246,112.50102431887169,113.1945996942976,112.3171844482422,112.3171844482422,8498200.0,0.0,-0.00466524775128041,0.12236053829146043,0.0,111.07710418701171,109.48105125427246,-0.16443474327964913,0.0,0.27,0.16000000000000014,0.10999999999999988,0.16446400807192196,13.224499988555909,0.3303603046729567,0.7432070320070336,0.5,0.5972828128028135
2019-12-10,1.56,1.68,1.85,15.68000030517578,111.34784847387152,112.61801136625138,111.03866903488716,112.39238739013672,7532900.0,0.0,0.0006695586455798264,0.12094838272493873,0.0,111.86594085693359,109.67241058349609,-0.11358875997270013,0.07558139534883734,0.29000000000000004,0.17000000000000015,0.11999999999999988,-0.01134926578801565,13.374000024795532,0.4253150638776496,0.7500956411644244,0.5,0.6000382564657698
2019-12-11,1.55,1.64,1.79,14.989999771118164,112.2169046803258,112.8269246175063,111.98292897180065,112.12498474121094,9011900.0,0.0,-0.0023791882629699,0.11865749508086655,0.0,112.17345581054687,109.88215370178223,0.1963387274489241,0.011299435028248705,0.24,0.15000000000000013,0.08999999999999986,-0.04400513524415273,13.48949999809265,0.45698328968029805,0.7765020918425258,0.5,0.6106008367370104
2019-12-12,1.55,1.73,1.9,13.9399995803833,112.38406184985362,115.70987096381516,112.15008609816118,115.3338394165039,13717400.0,0.0,0.028618551723321506,0.1485747152612959,0.0,113.00240478515624,110.28075141906739,0.5221429443291647,0.05555555555555558,0.34999999999999987,0.16999999999999993,0.17999999999999994,-0.07004671159221365,13.536499977111816,0.4032416240866562,0.8166857973327045,0.5,0.6266743189330819
2019-12-13,1.54,1.66,1.82,12.630000114440918,115.27532723533382,116.0106868082156,113.82968875748293,114.3227081298828,10592100.0,0.0,-0.008766995807445777,0.15476991070211704,0.0,113.29822082519532,110.6237777709961,-0.22783472086547019,-0.010869565217391353,0.28,0.16000000000000014,0.11999999999999988,-0.09397413955347922,13.51549997329712,0.2966715911612075,0.8668197241607355,0.5,0.6467278896642943
2019-12-16,1.54,1.72,1.89,12.140000343322754,115.6346504482853,116.01903366291376,114.74888340941416,114.76558685302734,11372000.0,0.0,0.0038739348497709436,0.15405095908176678,0.0,113.78790130615235,110.9500919342041,0.0736303471455142,0.032786885245901454,0.34999999999999987,0.16999999999999993,0.17999999999999994,-0.03879649775758176,13.519999980926514,0.12442474494386643,0.8855721078903869,0.5,0.6542288431561547
2019-12-17,1.53,1.71,1.89,12.289999961853027,115.09148254516086,115.8769779196872,114.6736669417507,115.46751403808594,11546800.0,0.0,0.0061161817257773254,0.1531882023812999,0.0,114.40292663574219,111.26596107482911,0.015371086880056284,0.021621621621621623,0.3599999999999999,0.17999999999999994,0.17999999999999994,0.012355816662952268,13.511499977111816,-0.0013929050951886517,0.8798315941763454,0.5,0.6519326376705381
2019-12-18,1.54,1.74,1.92,12.579999923706056,115.44244484410534,116.16945265648155,115.0831295494956,115.35052490234376,10381500.0,0.0,-0.001013177920359376,0.15340247115089836,0.0,115.04803466796875,111.57765197753906,-0.10091973533792908,0.07262569832402233,0.3799999999999999,0.17999999999999994,0.19999999999999996,0.023596416822877275,13.497499990463258,-0.0770638072829923,0.868733240897848,0.5,0.6474932963591392
2019-12-19,1.52,1.73,1.92,12.5,115.11654776565994,115.50094372211296,114.56504087262044,114.7739486694336,9350400.0,0.0,-0.004998470820989365,0.15161682025877649,0.0,114.9360565185547,111.90020523071288,-0.0993209073833261,0.010526315789473717,0.3999999999999999,0.18999999999999995,0.20999999999999996,-0.006359294450813402,13.483500003814697,-0.15831202368930444,0.8717948530783096,0.5,0.6487179412313239
2019-12-20,1.52,1.73,1.92,12.510000228881836,115.33381336302142,116.05245665251569,114.39789781694935,114.68202209472656,9544400.0,0.0,-0.0008009358898315444,0.15218936920557813,0.0,115.00791931152344,112.2056282043457,0.02074777549623552,0.05494505494505497,0.3999999999999999,0.18999999999999995,0.20999999999999996,0.0008000183105467684,13.452500009536744,-0.21643089480432762,0.8714121424314278,0.5,0.6485648569725712
2019-12-23,1.53,1.75,1.93,12.609999656677246,114.98285019499288,115.24189380879754,114.38119475292817,114.64859008789062,9738400.0,0.0,-0.00029151916076541884,0.1518561681071973,0.0,114.9845199584961,112.47344779968262,0.02032605506894103,0.021164021164021163,0.3999999999999999,0.17999999999999994,0.21999999999999997,0.00799355922988254,13.465999984741211,-0.30527354562336656,0.8675851454544989,0.5,0.6470340581817996
2019-12-24,1.53,1.72,1.9,12.670000076293944,114.75724056492544,115.00793248891692,114.53161655826098,114.96614837646484,3324300.0,0.0,0.002769840329748252,0.15147516183695997,0.0,114.88424682617188,112.72789840698242,-0.6586400230017251,0.005291005291005346,0.3699999999999999,0.17999999999999994,0.18999999999999995,0.004758161875518141,13.505999994277953,-0.4169513560629757,0.8652889180705048,0.5,0.646115567228202
2019-12-26,1.53,1.72,1.9,12.649999618530272,115.22517130774152,116.23629054413288,115.13325137716048,116.18614196777344,6770900.0,0.0,0.010611763623789905,0.15424211598615226,0.0,115.0513702392578,113.0358268737793,1.0367897000872364,-0.01041666666666663,0.3699999999999999,0.17999999999999994,0.18999999999999995,-0.0015785680854961681,13.561499977111817,-0.5707116055777299,0.8660543393642682,0.5,0.6464217357457074
2019-12-27,1.51,1.68,1.88,13.43000030517578,116.4034260339622,116.79617370899032,115.87697430983516,116.26972198486328,7868200.0,0.0,0.000719363046868482,0.15441067435504022,0.0,115.35052490234375,113.33164024353027,0.16206117355152205,-0.02083333333333337,0.3699999999999999,0.19999999999999996,0.16999999999999993,0.061660135191065946,13.645499992370606,-0.6943121217498139,0.8362035658588234,0.5,0.6344814263435294
2019-12-30,1.57,1.68,1.9,14.81999969482422,116.9047786284267,117.05519884758606,115.709832348971,115.84353637695312,6963000.0,0.0,-0.0036654909002503677,0.15507870921519762,0.0,115.58282775878907,113.61868019104004,-0.11504537251213742,-0.01041666666666663,0.32999999999999985,0.21999999999999997,0.10999999999999988,0.10349957990043746,13.755499982833863,-0.7312233584724122,0.7830080268503307,0.5,0.6132032107401323
2019-12-31,1.59,1.69,1.92,13.779999732971191,115.74325025243708,116.55381337773898,115.55941040438606,116.4869613647461,7201600.0,0.0,0.0055542588556627415,0.15434301215887242,0.0,115.95050201416015,113.95000686645508,0.03426683900617555,-0.005181347150259086,0.32999999999999985,0.22999999999999998,0.09999999999999987,-0.0701754374675353,13.698999977111816,-0.6902891072214883,0.8228090216936278,0.5,0.6291236086774512
2020-01-02,1.56,1.67,1.88,12.470000267028809,116.81289247061584,117.90758017160772,116.37000890677704,117.8992156982422,10803700.0,0.0,0.012123711675112059,0.14557873306070152,0.0,116.53711547851563,114.42255744934081,0.500180515441013,-0.010526315789473717,0.31999999999999984,0.20999999999999996,0.10999999999999988,-0.09506527513262342,13.524499988555908,-0.625869029966081,0.8729429485216587,0.5,0.6491771794086635
2020-01-03,1.55,1.59,1.8,14.020000457763672,115.636942644423,117.09186203875412,115.28372588680053,116.34337615966795,10386800.0,0.0,-0.013196351895642389,0.14599347531920442,0.0,116.56856231689453,114.71035575866699,-0.03858863167248261,-0.05263157894736836,0.25,0.20999999999999996,0.040000000000000036,0.12429832859211132,13.485500001907349,-0.5530228723151414,0.8136241486549468,0.5,0.6254496594619787
2020-01-06,1.54,1.61,1.81,13.850000381469728,114.84640047879924,116.28450914453764,114.79594277694515,116.25086212158205,10259000.0,0.0,-0.000795180964655362,0.14605087310745252,0.0,116.56479034423828,114.96344413757325,-0.012304078253167483,-0.037234042553191404,0.27,0.19999999999999996,0.07000000000000006,-0.012125539995956669,13.451999998092651,-0.5001904623659665,0.8201300836627516,0.5,0.6280520334651007
2020-01-07,1.53,1.62,1.83,13.789999961853027,115.4519330618954,115.93971229536083,114.22408605401766,114.27454376220705,10531300.0,0.0,-0.017000461960514746,0.15320415237512955,0.0,116.25099182128906,115.03498992919921,0.026542548006628364,-0.03684210526315779,0.30000000000000004,0.20999999999999996,0.09000000000000008,-0.004332160141813257,13.460500001907349,-0.5200017975101353,0.822426311046746,0.5,0.6289705244186985
2020-01-08,1.55,1.67,1.87,13.449999809265137,114.12313797056154,115.70421432613708,114.039046082388,115.16597747802734,9695300.0,0.0,0.007800807480581762,0.15383088502237072,0.0,115.9867950439453,115.17742958068848,-0.07938241242771549,-0.02604166666666663,0.32000000000000006,0.20000000000000018,0.11999999999999988,-0.024655558631502927,13.340000009536743,-0.39201801452555957,0.8354381810623559,0.5,0.6341752724249423
2020-01-09,1.54,1.65,1.85,12.539999961853027,116.09944888586509,116.25082193910478,115.25003508965936,115.58644104003906,9469000.0,0.0,0.003650935555962631,0.1540333605390877,0.0,115.52424011230468,115.33713226318359,-0.02334120656400529,-0.015957446808510523,0.31000000000000005,0.20000000000000018,0.10999999999999988,-0.0676579821796911,13.182999992370606,-0.1745930931345147,0.8702640469880788,0.5,0.6481056187952315
2020-01-10,1.53,1.63,1.83,12.5600004196167,115.39303027749644,115.42666446051376,114.2156285506666,114.43429565429688,10190900.0,0.0,-0.009967824732514119,0.1588143534584476,0.0,115.14242401123047,115.4525978088379,0.07623825113528349,0.016666666666666607,0.30000000000000004,0.20000000000000018,0.09999999999999987,0.0015949328408704222,13.061500024795532,0.2564045595458387,0.8694986256943154,0.5,0.6477994502777262
2020-01-13,1.53,1.65,1.85,12.31999969482422,114.53521953211116,115.3846206665039,114.1735846668225,115.3846206665039,12355200.0,0.0,0.008304547223132674,0.12480091351372674,0.0,114.96917572021485,115.45513687133788,0.21237574698996164,0.022099447513812098,0.32000000000000006,0.20000000000000018,0.11999999999999988,-0.01910833732279471,12.980500030517579,0.27322155552175414,0.8786834987329962,0.5,0.6514733994931985
2020-01-14,1.53,1.63,1.82,12.390000343322754,116.00696767707434,118.37856926177686,115.79671871806345,116.730224609375,14324300.0,0.0,0.011661900304376749,0.12670834979296305,0.0,115.46031188964844,115.5755126953125,0.15937419062419056,-0.005464480874316946,0.29000000000000004,0.19000000000000017,0.09999999999999987,0.005681870960430491,12.96850004196167,0.1836608238526853,0.8760045607021203,0.5,0.6504018242808481
2020-01-15,1.54,1.6,1.79,12.420000076293944,115.93129416866786,116.56204111663106,114.50159082055434,114.98096466064452,16293400.0,0.0,-0.014985492871141037,0.13833028503218037,0.0,115.42330932617188,115.58628158569336,0.13746570513044265,-0.042780748663101664,0.25,0.18999999999999995,0.06000000000000005,0.0024212858869980813,12.982500028610229,0.1614382716400126,0.8748564652587714,0.5,0.6499425861035086
2020-01-16,1.54,1.63,1.81,12.31999969482422,115.59487812365074,115.97332369326148,115.0818701369318,115.42668151855467,10783800.0,0.0,0.0038764404110336326,0.1372691466820104,0.0,115.391357421875,115.5842399597168,-0.3381491892422699,-0.021621621621621623,0.27,0.18000000000000016,0.08999999999999986,-0.008051560455349271,12.98400001525879,0.1635729563495245,0.8786834987329962,0.5,0.6514733994931985
2020-01-17,1.56,1.63,1.84,12.100000381469728,115.67054855687206,116.30129536254609,115.48554129984484,116.2256088256836,14697700.0,0.0,0.006921513263815848,0.13935235846140887,0.0,115.74962005615234,115.62799415588378,0.36294256199113484,0.005464480874316946,0.28,0.2100000000000002,0.06999999999999984,-0.017857087565263163,12.960000038146973,0.10848584274057203,0.8871029139806176,0.5,0.654841165592247
2020-01-21,1.54,1.57,1.78,12.850000381469728,115.37621706944914,116.11629748766266,114.95571916502377,115.08186340332033,8474200.0,0.0,-0.00984073504900862,0.14286294942732633,0.0,115.68906860351562,115.64338989257813,-0.42343359845417994,-0.037837837837837895,0.24,0.20999999999999996,0.030000000000000027,0.06198346912026298,12.977500057220459,0.08467900681555453,0.858400272415818,0.5,0.6433601089663272
2020-01-22,1.55,1.57,1.77,12.90999984741211,115.4182492337137,115.55279878683103,114.6949924513344,114.94728088378906,7549100.0,0.0,-0.0011694502986938637,0.1429022379944709,0.0,115.33247985839844,115.65665283203126,-0.10916664699912682,-0.027472527472527486,0.21999999999999997,0.19999999999999996,0.020000000000000018,0.004669219000872804,12.997500038146972,0.05421511427927234,0.8561040815291199,0.5,0.642441632611648
2020-01-23,1.55,1.55,1.74,12.979999542236328,114.13152136526676,114.99774582823784,113.29893108080071,114.82953643798828,9345700.0,0.0,-0.0010243343287069662,0.1429562133999948,0.0,115.30219421386718,115.66570014953614,0.23798863440675055,-0.027932960893854775,0.18999999999999995,0.18999999999999995,0.0,0.005422129794854458,13.016000032424927,0.02431694565310336,0.8534251799955399,0.5,0.641370071998216
2020-01-24,1.55,1.51,1.7,14.5600004196167,114.68657613177564,114.73703381908048,111.28055391294424,111.97856903076172,15166400.0,0.0,-0.0248278230119493,0.1676047053099895,0.0,114.6125717163086,115.51632118225098,0.622821190494024,-0.06077348066298349,0.1499999999999999,0.18999999999999995,-0.040000000000000036,0.12172580378289855,13.110500049591064,-0.2921947221207923,0.792958248188183,0.5,0.6171832992752733
2020-01-27,1.53,1.44,1.61,18.229999542236328,109.55651898285218,111.80197607571016,109.08556342020316,111.0366668701172,12860500.0,0.0,-0.008411450233711815,0.16327636362368061,0.0,113.57478332519531,115.25884742736817,-0.15204003586876258,-0.125,0.08000000000000007,0.17000000000000015,-0.09000000000000008,0.25206037203646203,13.389500045776368,-0.6475940358800998,0.6525066890419422,0.5,0.5610026756167769
2020-01-28,1.53,1.47,1.65,16.280000686645508,111.71787353408548,113.50919860699318,111.41511454757398,113.0550537109375,13062800.0,0.0,0.018177660566678133,0.1784875330700326,0.0,113.16942138671875,115.09811401367188,0.01573033707865168,-0.0730337078651686,0.11999999999999988,0.17999999999999994,-0.06000000000000005,-0.10696647858234709,13.532000064849854,-0.6940031353325614,0.727133513313666,0.5,0.5908534053254664
2020-01-29,1.51,1.41,1.6,16.389999389648438,113.37463515465772,113.98855845985048,112.432724019833,112.88685607910156,9326000.0,0.0,-0.0014877497848613253,0.17827858824687753,0.0,112.75733642578125,114.9502799987793,-0.28606424350062776,-0.096045197740113,0.09000000000000008,0.19000000000000017,-0.10000000000000009,0.006756676803653994,13.610500049591064,-0.7602835533562593,0.7229238421871516,0.5,0.5891695368748606
2020-01-30,1.48,1.39,1.57,15.489999771118164,111.59172934499789,114.4847568099499,111.59172934499789,114.2829132080078,9048900.0,0.0,0.01236687048780949,0.18328765972701666,0.0,112.64801177978515,114.84007759094239,-0.02971263135320612,-0.09770114942528729,0.09000000000000008,0.18000000000000016,-0.09000000000000008,-0.054911510191921864,13.696000051498412,-0.7770614189235406,0.7573669974659927,0.5,0.602946798986397
2020-01-31,1.45,1.32,1.51,18.84000015258789,113.1055419675051,113.3914774905432,110.56573078429984,111.31421661376952,12785200.0,0.0,-0.02597673187447469,0.1968030681060034,0.0,112.51514129638672,114.51082763671874,0.4129010155930555,-0.11176470588235288,0.06000000000000005,0.18999999999999995,-0.1299999999999999,0.216268588183969,14.014500045776368,-0.840066925733737,0.6291618505443024,0.5,0.5516647402177209
2020-02-03,1.46,1.35,1.54,17.969999313354492,111.56651249869196,112.8952874810996,111.56651249869196,112.16361236572266,10021100.0,0.0,0.007630613391462093,0.19608959503084836,0.0,112.74053039550782,114.30183944702148,-0.21619528830209933,-0.0434782608695653,0.08000000000000007,0.18999999999999995,-0.10999999999999988,-0.046178388120336256,14.211999988555908,-0.8810511775290593,0.6624569468770906,0.5,0.5649827787508362
2020-02-04,1.48,1.42,1.61,16.049999237060547,113.99697979731972,114.88002792703944,113.6017107567078,113.77831268310548,9157100.0,0.0,0.014395937178965923,0.20431721267098318,0.0,112.8851821899414,114.17821197509765,-0.08621807985151331,-0.024242424242424176,0.13000000000000012,0.19000000000000017,-0.06000000000000005,-0.106844749563629,14.32199993133545,-0.8998474874156164,0.7359357122027614,0.5,0.5943742848811046
2020-02-05,1.49,1.46,1.66,15.149999618530272,114.85483215742656,115.83037778401224,114.38386360871868,115.71263885498048,10150700.0,0.0,0.017000833693697537,0.20463787351356047,0.0,113.4503387451172,114.25011672973633,0.10850596804665225,0.03749999999999987,0.16999999999999993,0.19999999999999996,-0.030000000000000027,-0.05607474525307854,14.389999914169312,-0.8611742871773048,0.7703788674816026,0.5,0.6081515469926411
2020-02-06,1.51,1.45,1.65,14.960000038146973,116.2592702706872,116.30130979688845,115.30894085910028,115.72943878173828,8992300.0,0.0,0.00014518661854090453,0.2029140380423359,0.0,113.73964385986328,114.27828979492188,-0.11412020845852999,0.05095541401273884,0.1399999999999999,0.19999999999999996,-0.06000000000000005,-0.0125412267437226,14.465499925613404,-0.8297796373601152,0.7776501872858749,0.5,0.61106007491435
2020-02-07,1.49,1.41,1.59,15.470000267028809,114.98938047995853,115.77991877999872,114.62775835647412,115.3594207763672,6379800.0,0.0,-0.0031972677761699098,0.20288001741350373,0.0,114.5486846923828,114.26693878173828,-0.29052633920131665,0.052980132450331174,0.10000000000000009,0.18000000000000016,-0.08000000000000007,0.03409092430356764,14.611999940872192,-0.7956631556676108,0.75813238226246,0.5,0.603252952904984
2020-02-10,1.45,1.38,1.56,15.039999961853027,115.17437412626668,115.93127805818648,115.00617753003264,115.8387680053711,5960700.0,0.0,0.004155249963790464,0.19986712103832208,0.0,115.2837158203125,114.337162399292,-0.06569171447380795,0.012987012987013102,0.1100000000000001,0.18000000000000016,-0.07000000000000006,-0.02779575292524339,14.735999917984008,-0.7853287054967794,0.7745885751054132,0.5,0.6098354300421653
2020-02-11,1.48,1.4,1.59,15.18000030517578,116.27610368361744,116.74707222842623,115.87242919207632,116.05744934082033,6578600.0,0.0,0.0018878078489155126,0.19791123580849626,0.0,115.73954315185547,114.37080383300781,0.10366232153941657,-0.012422360248447228,0.1100000000000001,0.19000000000000017,-0.08000000000000007,0.009308533489218451,14.878999948501587,-0.7534806239724927,0.7692307355409574,0.5,0.6076922942163829
2020-02-12,1.49,1.45,1.62,13.739999771118164,116.56205207968226,117.14232854701856,115.88925270539325,116.05744934082033,7958000.0,0.0,0.0,0.19335918749924755,0.0,115.80850524902345,114.33716506958008,0.20967987109719388,-0.02409638554216853,0.13000000000000012,0.17000000000000015,-0.040000000000000036,-0.09486169335363137,14.946499919891357,-0.7349191064925007,0.8243398277838585,0.5,0.6297359311135434
2020-02-13,1.48,1.43,1.61,14.149999618530272,115.84717888373132,116.34336335775208,114.71182934784672,115.95651245117188,7447500.0,0.0,-0.0008697148715722802,0.1853885421707082,0.0,115.85391998291018,114.38594245910645,-0.06414928373963302,-0.024242424242424176,0.13000000000000012,0.18000000000000016,-0.050000000000000044,0.02983987294337065,15.032999897003174,-0.7461682747825877,0.8086490562346689,0.5,0.6234596224938675
2020-02-14,1.49,1.42,1.59,13.68000030517578,115.92286406715304,116.21721774560972,115.16597294051893,115.6032943725586,6627600.0,0.0,-0.0030461254063847143,0.18533872304343355,0.0,115.90269470214844,114.39477310180663,-0.11009063444108758,0.0,0.10000000000000009,0.17000000000000015,-0.07000000000000006,-0.03321550007245233,15.100999927520752,-0.755870788194493,0.8266360186705568,0.5,0.6306544074682228
2020-02-18,1.47,1.39,1.55,14.829999923706056,115.50236800371832,115.81354519718566,113.57649313613626,114.07267761230467,8996400.0,0.0,-0.013240252092826643,0.18933103475796798,0.0,115.54947662353516,114.2871265411377,0.35741444866920147,-0.0064102564102563875,0.08000000000000007,0.16000000000000014,-0.08000000000000007,0.0840642977248458,15.237499904632568,-0.7347649727211538,0.7826253162034489,0.5,0.6130501264813796
2020-02-19,1.47,1.41,1.56,14.380000114440918,115.14076083864512,116.38543127578392,114.66138697816284,115.6285400390625,7071200.0,0.0,0.013639220708447697,0.1928815397730938,0.0,115.4636947631836,114.3144603729248,-0.21399670979502916,-0.018867924528301883,0.09000000000000008,0.15000000000000013,-0.06000000000000005,-0.03034388479974326,15.313999891281128,-0.7491649623887647,0.7998468938428696,0.5,0.6199387575371478
2020-02-20,1.46,1.37,1.52,15.5600004196167,115.3594151701784,116.36020242339856,114.82117826499028,115.6285400390625,7422800.0,0.0,0.0,0.1928074321590045,0.0,115.37791290283204,114.34852333068848,0.049722819323452905,-0.06172839506172845,0.06000000000000005,0.1499999999999999,-0.08999999999999986,0.08205843503372323,15.446499919891357,-0.753958642785125,0.7546880594351166,0.5,0.6018752237740467
2020-02-21,1.43,1.3,1.46,17.079999923706055,114.83796337498715,115.14912767207178,113.46713630175364,114.2156219482422,9772800.0,0.0,-0.012219458019127272,0.19790584720228804,0.0,115.0297348022461,114.31782760620118,0.31659212157137473,-0.0931677018633541,0.030000000000000027,0.15999999999999992,-0.1299999999999999,0.09768634081610128,15.651499938964843,-0.7713905274157177,0.69651739150905,0.5,0.57860695660362
2020-02-24,1.35,1.21,1.38,25.030000686645508,110.5404705682211,112.02061829622998,110.00223386416558,111.14598846435548,13618400.0,0.0,-0.026875776111237704,0.20138967605408817,0.0,114.13827362060547,114.27619857788086,0.39350032743942376,-0.1320754716981133,0.029999999999999805,0.16999999999999993,-0.14000000000000012,0.46545672122078363,16.174999952316284,-0.8004660871533352,0.3922693617243366,0.5,0.4569077446897346
2020-02-25,1.3,1.16,1.33,27.850000381469727,110.17046971170907,111.204891139544,105.62067853158192,106.18415069580078,20797200.0,0.0,-0.04464252679840053,0.2547489591584313,0.0,112.5605682373047,114.03357276916503,0.5271397521000998,-0.14193548387096777,0.030000000000000027,0.17000000000000015,-0.14000000000000012,0.11266478695419302,16.655999994277956,-0.9141490098158682,0.2843474411198247,0.5,0.4137389764479299
2020-02-26,1.26,1.14,1.33,27.559999465942383,106.7475897914886,108.44639836720594,106.25139896722575,106.50370025634766,21901350.0,0.0,0.0030093903699652813,0.24420066888167097,0.0,110.73560028076172,113.70600509643555,0.053091281518665934,-0.14743589743589747,0.07000000000000006,0.19000000000000017,-0.1200000000000001,-0.010412959122266252,17.219999933242796,-0.9459755107640927,0.29544583089561804,0.5,0.4181783323582472
2020-02-27,1.18,1.11,1.3,29.51333236694336,103.3668126615891,105.64591085808615,102.01280870327209,102.0716781616211,23005500.0,0.0,-0.04161378509909952,0.2800963539283437,0.0,108.02422790527343,113.16524620056153,0.05041470046367014,-0.14473684210526316,0.1200000000000001,0.18999999999999995,-0.06999999999999984,0.07087565090176562,17.876166582107544,-0.9564031252893296,0.22069141207673626,0.5,0.3882765648306945
2020-02-28,0.97,0.89,1.13,31.466665267944336,98.83381856450109,99.6495854756038,94.7465850874314,97.64801788330078,22944200.0,0.0,-0.04333876309269502,0.30344553397998153,0.0,104.71070709228516,112.33350143432617,-0.002664580209080447,-0.226027397260274,0.15999999999999992,0.23999999999999988,-0.07999999999999996,0.06618476276128082,18.67499985694885,-0.9544335305498152,0.14593699325785447,0.5,0.3583747973031418
2020-03-02,0.89,0.88,1.1,33.41999816894531,98.0853310200374,102.2482637901826,96.26037180091474,102.1977996826172,22882900.0,0.0,0.046593693327742436,0.35095906672914645,0.0,102.9210693359375,111.87768058776855,-0.0026716991658022327,-0.20289855072463758,0.21000000000000008,0.22000000000000008,-0.010000000000000009,0.06207626020641199,19.403999757766723,-0.9593834681174216,0.07118257443897269,0.5,0.32847302977558906
2020-03-03,0.73,0.77,1.02,32.70499897003174,101.7352721515852,103.40044039302924,97.75735883473226,98.36287689208984,22821600.0,0.0,-0.03752451425017944,0.36728363104692296,0.0,101.35681457519533,111.18764381408691,-0.002678856263847673,-0.23308270676691734,0.29000000000000004,0.25,0.040000000000000036,-0.02139435182788163,20.140749740600587,-0.96479990437272,0.09854572873968637,0.5,0.33941829149587455
2020-03-04,0.59,0.75,1.02,31.989999771118164,99.51505443036164,101.07930744409786,96.46223496018766,100.79336547851562,22760300.0,0.0,0.024709409313964814,0.3766907429357758,0.0,100.21474761962891,110.53839645385742,-0.0026860518105654707,-0.23308270676691734,0.43000000000000005,0.27,0.16000000000000003,-0.021862076790424068,20.937749767303465,-0.9689233063408592,0.12590888304039993,0.5,0.35036355321616
2020-03-05,0.48,0.67,0.92,32.025134937183275,97.27799522691956,97.91715391414192,94.6793209486552,95.84830474853516,22699000.0,0.0,-0.04906137131649324,0.39620614957939665,0.0,98.97007293701172,109.54517974853516,-0.0026932861166153454,-0.29230769230769227,0.44000000000000006,0.25,0.19000000000000006,0.0010983171715066575,21.78150653323612,-0.9622500230283182,0.12456425360321788,0.5,0.34982570144128716
2020-03-06,0.39,0.58,0.74,32.06027010324839,89.36422417787799,92.77866540405694,88.32138466493645,90.89483642578124,22637700.0,0.0,-0.0516802914329022,0.4220743633098817,0.0,97.61943664550782,108.3034496307373,-0.0027005594960129997,-0.34513274336283184,0.35,0.16000000000000003,0.18999999999999995,0.0010971121943446072,22.636520036491188,-0.9392005117064968,0.12321962416603549,0.5,0.3492878496664142
2020-03-09,0.31,0.46,0.54,32.0954052693135,81.2149637625565,83.45201565972098,78.21260902750697,78.58264923095703,22576400.0,0.0,-0.13545529844126547,0.6073204887981627,0.0,92.89640655517579,106.4646110534668,-0.002707872266175415,-0.509090909090909,0.23000000000000004,0.08000000000000002,0.15000000000000002,0.0010959098582750126,23.467790286605425,-0.8627330291439352,0.12187499472885333,0.5,0.3487499978915413
2020-03-10,0.43,0.63,0.76,32.13054043537861,83.25857284102145,85.17604197681466,79.54137345206877,84.68826293945312,22515100.0,0.0,0.07769671509230358,0.6933592544558008,0.0,90.16148376464844,104.9070858001709,-0.0027152247479669267,-0.2549019607843137,0.33,0.13,0.2,0.0010947101546245896,24.3223173102817,-0.8509250801398014,0.12053036529167127,0.5,0.3482121461166685
2020-03-11,0.4,0.66,0.82,32.16567560144373,82.1652963930927,84.14164187980985,79.51616445629044,80.70196533203125,22453800.0,0.0,-0.047070248804982895,0.6996667042435122,0.0,86.14320373535156,103.13931159973144,-0.0027226172657460745,-0.1960784313725491,0.41999999999999993,0.15999999999999992,0.26,0.0010935130747578015,25.1716010750951,-0.8310058544873363,0.11918573585448888,0.5,0.34767429434179553
2020-03-12,0.39,0.66,0.88,32.20081076750884,75.34483378891414,81.5429770489135,72.59477950123534,74.0497055053711,22392500.0,0.0,-0.08242996064954344,0.7333941105918143,0.0,81.78348388671876,101.03892440795899,-0.0027300501474137873,-0.0434782608695653,0.49,0.21999999999999997,0.27,0.0010923186100755267,26.094641624914637,-0.7966943911594926,0.11784110641730683,0.5,0.3471364425669227
2020-03-13,0.38,0.7,0.94,32.23594593357395,80.72717257566458,87.45513793640842,77.37160164855416,87.38786315917969,22331200.0,0.0,0.18012438486796056,1.0237661658635924,0.0,81.08208923339843,99.61049194335938,-0.0027375237244613437,0.2702702702702702,0.5599999999999999,0.24,0.31999999999999995,0.0010911267520183898,26.998938940666818,-0.787251624304932,0.11649647698012466,0.5,0.34659859079204985
2020-03-16,0.29,0.49,0.73,32.27108109963907,71.65282223492314,79.03676895977605,71.10618023038325,74.31037139892578,22269900.0,0.0,-0.14964883323022615,1.1329647387709973,0.0,80.22763366699219,97.54584579467773,-0.002745038332019778,0.35185185185185164,0.44,0.24,0.2,0.0010899374920629867,27.928492980389983,-0.7575774901588521,0.11515184754294228,0.5,0.34606073901717693
2020-03-17,0.3,0.66,1.02,32.30621626570418,76.43810082695923,81.94662538465855,73.5871258364281,78.85176086425781,22208600.0,0.0,0.06111380389894916,1.168554251584468,0.0,79.06033325195312,95.7847999572754,-0.0027525943089102833,0.3421052631578947,0.72,0.36,0.36000000000000004,0.0010887508217225506,28.80230379748989,-0.7387722646315722,0.11380721810576022,0.5,0.34552288724230407
2020-03-18,0.21,0.79,1.18,32.3413514317693,73.73011102299046,76.35402061238307,67.58243287961596,70.5511474609375,22147300.0,0.0,-0.10526858642522519,1.204584404867049,0.0,77.03016967773438,93.53093032836914,-0.0027601919976946165,0.4390243902439024,0.97,0.3899999999999999,0.5800000000000001,0.0010875667325491722,29.700371363356304,-0.6943164585105778,0.11246258866857783,0.5,0.34498503546743114
2020-03-19,0.2,0.66,1.12,32.37648659783441,68.59163899997603,74.10016595220095,64.68101231720044,71.73696899414062,22086000.0,0.0,0.016807969478592533,1.2100615233647147,0.0,76.56762237548828,91.33635177612305,-0.0027678317447273892,0.27272727272727293,0.9200000000000002,0.4600000000000001,0.46,0.0010863852161291376,30.54119567226719,-0.6439257685104075,0.11111795923139567,0.5,0.3444471836925583
2020-03-20,0.15,0.52,0.92,32.41162176389952,72.57794306308594,75.23548656287478,69.3653392328673,70.22315216064453,22024700.0,0.0,-0.021102324989779486,1.2096330630296517,0.0,73.13468017578126,89.13672828674316,-0.0027755139002082485,-0.02127659574468077,0.77,0.4,0.37,0.0010852062640873683,31.307776764276866,-0.6319189923107984,0.10977332979421361,0.5,0.34390933191768547
2020-03-23,0.17,0.38,0.76,32.446756929964636,69.53354965222746,70.43341511707158,65.67337466934029,66.46391296386719,21963400.0,0.0,-0.05353276065103996,1.2149569819015607,0.0,71.56538848876953,86.90262451171876,-0.0027832388182359447,0.041095890410958846,0.59,0.38,0.21,0.001084029868084313,31.678614576442822,-0.5547685621619434,0.10842870035703123,0.5,0.3433714801428125
2020-03-24,0.25,0.52,0.84,32.481892096029746,71.40054839444535,75.77372421400952,69.71855670749157,74.3692626953125,21902100.0,0.0,0.1189419848894997,1.3106159637578751,0.0,70.66888885498047,85.31188011169434,-0.002791006856861844,-0.17647058823529416,0.59,0.31999999999999995,0.27,0.0010828560198157255,31.910209162170823,-0.47780880490442496,0.10708407091984917,0.5,0.3428336283679397
2020-03-25,0.19,0.56,0.88,32.51702726209486,75.05047722010946,80.02076639347999,71.09779879852198,77.14456176757812,21840800.0,0.0,0.0373178242150376,1.3222792192203374,0.0,71.9875717163086,83.84392318725585,-0.0027988183781464393,-0.2542372881355932,0.69,0.31999999999999995,0.37000000000000005,0.0010816847110148853,32.158060551978444,-0.3170604013347463,0.10573944148266701,0.5,0.3422957765930668
2020-03-26,0.13,0.51,0.83,32.552162428159974,79.1208778472263,82.89694678429504,78.66673939438535,82.51850128173828,21779500.0,0.0,0.06966063959700497,1.3487597246626077,0.0,74.14387817382813,82.86626434326172,-0.0028066737482143056,-0.2589285714285715,0.7,0.31999999999999995,0.38,0.0010805159334499326,32.31000205503928,-0.02298285609977438,0.10439481204548462,0.5,0.34175792481819384
2020-03-27,0.11,0.41,0.72,32.587297594225085,78.37240171846678,79.76003967426142,76.15217328964872,76.63994598388672,21718200.0,0.0,-0.07123923976491942,1.3622550655044956,0.0,75.42723693847657,81.81586074829102,-0.002814573337312609,-0.21739130434782616,0.61,0.31,0.3,0.0010793496789238688,32.366033671353314,0.15444972717894997,0.10305018260830257,0.5,0.341220073043321
2020-03-30,0.14,0.39,0.7,32.622432760290195,76.23628800961296,79.12930986097201,75.10094470290322,78.63312530517578,21656900.0,0.0,0.0260070554030416,1.3531312912625908,0.0,77.86107940673828,80.63762702941895,-0.002822517519868173,-0.07894736842105265,0.5599999999999999,0.30999999999999994,0.25,0.0010781859392763327,32.32615540092056,-0.3375991625848508,0.1017055531711204,0.5,0.34068222126844816
2020-03-31,0.17,0.37,0.7,32.65756792635531,77.41365089930203,79.19655754209593,75.13454707826122,75.71483612060547,23379300.0,0.0,-0.037112720284796175,1.3530192895694202,0.0,78.13019409179688,79.50522499084472,0.07953123484893965,-0.16666666666666674,0.5299999999999999,0.32999999999999996,0.19999999999999998,0.001077024706382046,32.32378384873674,-0.6225760253880961,0.10036092373393801,0.5,0.3401443694935752
2020-04-01,0.16,0.37,0.62,32.69270309242042,71.56873087887269,72.79658379818618,70.01289015860567,70.94639587402344,23698650.0,0.0,-0.06297894165664475,1.3593494202221368,0.0,76.89056091308593,78.01287651062012,0.013659519318371283,-0.2954545454545454,0.45999999999999996,0.25,0.21,0.0010758659721490371,32.358919014801856,-0.5678738903835785,0.09901629429675596,0.5,0.33960651771870237
2020-04-02,0.14,0.39,0.63,32.727838258485534,70.23155248861583,73.93193484054835,69.76900228851628,73.59553527832031,24018000.0,0.0,0.03734001384652208,1.3643349843320813,0.0,75.10596771240235,76.90023803710938,0.013475451133292404,-0.24096385542168675,0.49,0.24,0.25,0.001074709728522194,32.39405418086696,-0.47361499569705334,0.09767166485957379,0.5,0.3390686659438295
2020-04-03,0.15,0.39,0.62,32.76297342455065,73.0771998480112,74.33481032580613,70.33255332679745,71.42021942138672,21199400.0,0.0,-0.029557714998703077,1.3575335827421562,0.0,74.06202239990235,75.92650718688965,-0.11735365142809562,-0.13888888888888884,0.47,0.22999999999999998,0.24000000000000002,0.0010735559674799333,32.42918934693207,-0.39014111061652096,0.09632703542239152,0.5,0.3385308141689566
2020-04-06,0.2,0.44,0.67,32.79810859061576,75.61791174234779,77.31738165037291,74.52175287371601,76.01728820800781,21881600.0,0.0,0.06436648926402633,1.2935110715806508,0.0,73.53885498046876,75.7982391357422,0.032180156042152186,-0.042857142857142705,0.47000000000000003,0.23000000000000004,0.24,0.0010724046810348664,32.46432451299719,-0.3439880537684632,0.09498240598520935,0.5,0.3379929623940837
2020-04-07,0.2,0.48,0.75,32.83324375668087,80.2574617728116,80.29995111261724,76.79904085722691,77.01997375488281,22563800.0,0.0,0.013190230413525628,1.2630006392574062,0.0,73.79988250732421,75.41482467651367,0.031176879204445784,0.0714285714285714,0.55,0.27,0.27999999999999997,0.0010712558612346879,32.4994596790623,-0.1799690017307013,0.0936377765480273,0.5,0.3374551106192109
2020-04-08,0.23,0.47,0.77,32.86837892274599,78.26059163598303,80.60586203420857,76.94350628531062,80.13001251220703,22903300.0,0.0,0.04037963927671484,1.2595263744467597,0.0,75.63660583496093,75.38622703552247,0.015046224483464599,0.24193548387096775,0.54,0.30000000000000004,0.23999999999999996,0.001070109500160843,32.534594845127415,0.005692853194349615,0.09229314711084491,0.5,0.33691725884433793
2020-04-09,0.25,0.41,0.73,32.9035140888111,82.35632992894931,88.70385259428714,82.33083891149249,87.31878662109375,23014171.42857143,0.0,0.08971387727902291,1.2535654806641476,0.0,78.38125610351562,76.0496810913086,0.004840849509521794,0.1587301587301586,0.48,0.32,0.15999999999999998,0.0010689655899274175,32.569730011192526,0.16700035190186618,0.09094851767366274,0.5,0.33637940706946506
2020-04-13,0.27,0.44,0.76,32.93864925487621,87.61616466677734,87.61616466677734,82.67920705069699,83.43547058105469,23125042.85714286,0.0,-0.044472858479929434,1.0957957996186467,0.0,80.78430633544922,75.85206146240235,0.004817528578664687,0.22580645161290325,0.49,0.32,0.16999999999999998,0.0010678241226842466,32.60486517725764,0.5106206948448305,0.08960388823648069,0.5,0.33584155529459225
2020-04-14,0.25,0.42,0.76,32.97378442094133,85.84022284975198,86.6729659634735,79.56918117567332,81.14968872070312,23235914.285714287,0.0,-0.027395804739076768,0.9506829465199047,0.0,81.81078643798828,76.19402732849122,0.004794431269007804,0.13432835820895517,0.51,0.34,0.16999999999999998,0.0010666850906133618,32.640000343322754,0.5572903986672098,0.0882592587992983,0.5,0.33530370351971933
2020-04-15,0.19,0.34,0.63,33.00891958700644,77.45335847384973,78.20112305513318,76.58662500991946,77.14745330810547,23346785.714285713,0.0,-0.04931917146807974,0.9467473024705131,0.0,81.8362823486328,76.10881195068359,0.00477155437948884,-0.16000000000000003,0.44,0.29,0.15000000000000002,0.0010655484859298792,32.675135509387864,0.6243699928485036,0.08691462936211625,0.5,0.33476585174484647
2020-04-16,0.17,0.35,0.61,33.044054753071556,76.67158423471965,76.9604909940041,73.9694269456389,74.20735168457031,23457657.14285714,0.0,-0.038110157853081805,0.8744032640963529,0.0,80.65175018310546,76.29162216186523,0.0047488947698521855,-0.20779220779220786,0.43999999999999995,0.26,0.17999999999999997,0.0010644143008833318,32.71027067545298,0.5069731197585534,0.08556999992493386,0.5,0.33422799996997354
2020-04-17,0.16,0.36,0.65,33.07918991913667,78.17561955564989,81.31963644459388,77.29189438271736,80.87777709960938,23568528.57142857,0.0,0.08988901050387477,0.9256408700244456,0.0,79.3635482788086,76.74866256713867,0.004726449359210072,-0.1095890410958904,0.49,0.29000000000000004,0.19999999999999998,0.001063282527754783,32.74540584151809,0.5014754330268775,0.0842253704877517,0.5,0.3336901481951007
2020-04-20,0.15,0.35,0.63,33.11432508520178,78.57499966005659,80.47840432168444,76.86703042586065,77.92919921875,23679400.0,0.0,-0.036457207240351064,0.9335267260303012,0.0,78.26229400634766,77.13396492004395,0.004704215124648581,-0.17105263157894735,0.48,0.28,0.19999999999999998,0.0010621531588590472,32.78054100758321,0.41953429160164807,0.08288074105056964,0.5,0.33315229642022787
2020-04-21,0.17,0.34,0.58,33.149460251266895,75.30350565747224,77.64876920428621,75.05708177001725,75.66889190673828,23035000.0,0.0,-0.029004626438762116,0.9163935874886574,0.0,77.16613464355468,77.5942138671875,-0.027213527369781332,-0.23684210526315796,0.4099999999999999,0.23999999999999994,0.17,0.0010610261865435788,32.81567617364832,0.21562575671597442,0.08153611161338725,0.5,0.3326144446453549
2020-04-22,0.16,0.37,0.63,33.184595417332005,77.06246103516733,78.06514848793088,75.77935950629195,75.91531372070312,16662400.0,0.0,0.0032565801844772757,0.8173944256604628,0.0,76.91970672607422,77.67151641845703,-0.2766485782504884,0.0,0.47,0.26,0.21,0.0010599016031873632,32.85081133971344,0.10821061750046827,0.08019148217620509,0.5,0.332076592870482
2020-04-23,0.17,0.37,0.61,33.219730583397116,76.25521539505937,77.56380804401839,75.84734623455678,75.95780944824219,16638800.0,0.0,0.0005597780665889118,0.8068383770620235,0.0,77.2697982788086,77.61217880249023,-0.0014163625888227172,0.0,0.43999999999999995,0.24,0.19999999999999998,0.0010587794012024698,32.88594650577855,0.0597472822254165,0.07884685273902303,0.5,0.3315387410956092
2020-04-24,0.18,0.36,0.6,33.25486574946223,77.01996370706358,77.41084094702319,75.19303254412894,77.0794448852539,15809200.0,0.0,0.01476655850345443,0.7669129816691902,0.0,76.5101318359375,77.34022598266601,-0.049859364858042654,-0.07692307692307698,0.42,0.24,0.18,0.001057659573033387,32.92108167184365,0.16902132882787477,0.07750222330184064,0.5,0.33100088932073624
2020-04-27,0.17,0.41,0.67,33.290000915527344,78.12464159776209,81.26015948476388,77.78474628540593,80.40193176269531,22870200.0,0.0,0.043104706869483866,0.7374419587985953,0.0,77.00467834472656,77.52832527160645,0.44663866609316094,0.06349206349206349,0.5,0.26000000000000006,0.23999999999999996,0.0010565421111550233,32.95621683790877,0.2158580743430119,0.07615759386465859,0.5,0.3304630375458634
2020-04-28,0.16,0.37,0.62,33.56999969482422,83.11255838834319,83.57991511969986,80.75029669085751,80.97122955322266,20238900.0,0.0,0.007080648164121461,0.7327949141642903,0.0,78.06514587402344,77.64523048400879,-0.1150536506020936,0.06896551724137945,0.45999999999999996,0.25,0.21,0.00841089731440281,33.00359518463547,0.3216984630421224,0.06544198773033905,0.5,0.3261767950921356
2020-04-29,0.18,0.36,0.63,31.229999542236328,84.1917297299254,84.50612747247649,82.65370525696754,83.1550521850586,20462600.0,0.0,0.026970352851076518,0.7221216033081703,0.0,79.51309356689453,78.01724128723144,0.011052972246515358,0.0,0.45,0.27,0.18,-0.06970509901281496,32.93221676542952,-0.11621621672405781,0.15499423525208134,0.5,0.36199769410083255
2020-04-30,0.16,0.36,0.64,34.150001525878906,81.23466764019584,82.28833726305821,80.34244974771859,81.3706283569336,19127600.0,0.0,-0.02145899474819435,0.6837961573937797,0.0,80.59565734863281,78.53845291137695,-0.06524097622003067,0.049180327868852514,0.48,0.28,0.19999999999999998,0.0934999047852525,33.00508168710245,-0.06609635865918098,0.043245208178752104,0.5,0.31729808327150083
2020-05-01,0.17,0.36,0.64,33.970001220703125,79.45021908021165,79.65415365620386,78.03965592910423,79.23778533935547,18547700.0,0.0,-0.026211460580375157,0.6845218183476567,0.0,81.02732543945312,78.82056541442871,-0.030317447039879597,0.06666666666666665,0.47,0.28,0.18999999999999997,-0.005270872536839444,33.06718983521333,-0.09115808664396997,0.05013385383343871,0.5,0.32005354153337545
2020-05-04,0.16,0.36,0.64,33.790000915527344,78.1926004039082,78.74492936966685,77.15592930131574,78.29457092285156,15725900.0,0.0,-0.011903593878404783,0.6756609707334806,0.0,80.60585327148438,79.16428298950196,-0.15213746178771492,-0.04477611940298509,0.48,0.28,0.19999999999999998,-0.005298801845967538,33.118541209762164,-0.18314559761838134,0.05702249948812543,0.5,0.3228089997952502
2020-05-05,0.16,0.36,0.66,33.61000061035156,79.57766179915052,80.05351119156947,78.09062596487954,78.17559814453125,18064100.0,0.0,-0.0015195533600604882,0.6389365474176792,0.0,80.04672698974609,79.27219848632812,0.14868465397846875,0.06451612903225823,0.5,0.30000000000000004,0.19999999999999998,-0.005327028715559012,33.15913581074895,-0.23059158963269086,0.06391114514281204,0.5,0.3255644580571248
2020-05-06,0.16,0.37,0.72,34.119998931884766,78.3116024846697,78.82144232982694,76.41669005532633,76.70559692382812,20978000.0,0.0,-0.018803837202311935,0.6416933163991345,0.0,78.7568359375,79.2564796447754,0.16130889443703267,0.1428571428571428,0.5599999999999999,0.35,0.21,0.015174005125609291,33.223473569509146,-0.3025651586039789,0.04439341311398948,0.5,0.3177573652455958
2020-05-07,0.15,0.29,0.63,31.440000534057617,77.61478907897653,78.94887920605416,76.96899516925221,77.50432586669922,16771900.0,0.0,0.010412916070052347,0.6256411579652602,0.0,77.98357543945312,79.1251953125,-0.20050052435885213,-0.015625,0.48,0.34,0.13999999999999999,-0.07854626265309517,33.15205465007473,-0.18126359111862675,0.1469574576567495,0.5,0.3587829830626998
2020-05-08,0.15,0.33,0.69,27.979999542236328,78.85538729163098,79.94304673295638,78.26906824033834,78.7704086303711,20487800.0,0.0,0.01633563997252785,0.5317952888925395,0.0,77.89010009765624,78.69777641296386,0.22155510109170695,0.078125,0.5399999999999999,0.35999999999999993,0.18000000000000002,-0.11005092026233321,32.90587892274599,-0.0949737026765121,0.27937234869954664,0.5,0.41174893947981867
2020-05-11,0.16,0.36,0.73,27.56999969482422,77.4193658347673,77.4193658347673,75.90683838710348,76.45066833496094,20360585.714285713,0.0,-0.029449387603097232,0.5193897223377072,0.0,77.52131958007813,78.34853630065918,-0.006209270185880689,0.140625,0.57,0.37,0.19999999999999998,-0.01465331858898733,32.63744644474339,0.044703897521021066,0.2950631202487364,0.5,0.41802524809949454
2020-05-12,0.16,0.34,0.69,33.040000915527344,76.60362187521712,77.14745182990575,73.84198275285961,73.95244598388672,20233371.42857143,0.0,-0.032677573728047804,0.5228903210433957,0.0,76.67668914794922,77.98867416381836,-0.006248066116537387,0.045454545454545414,0.5299999999999999,0.3499999999999999,0.18000000000000002,0.1984041088593127,32.64075726947269,0.011086574242420351,0.08572514105292506,0.5,0.33429005642117
2020-05-13,0.15,0.31,0.64,35.279998779296875,73.40009680740663,73.80797240345976,70.86789048832885,71.4032211303711,20106157.14285714,0.0,-0.034471136412054126,0.5083232921636591,0.0,75.61621398925782,77.70146255493164,-0.006287349894375405,-0.11111111111111105,0.49,0.33,0.16,0.0677965436349861,32.75431122908721,-0.14946998490544536,0.0,0.5,0.3
2020-05-14,0.15,0.31,0.63,32.61000061035156,70.29008800034538,74.87015963754665,70.01817302963273,74.36881256103516,19978942.85714286,0.0,0.041533020271583565,0.5147350240472743,0.0,74.989111328125,77.70953559875488,-0.006327130779412826,0.0,0.48,0.32,0.16,-0.07568022282676867,32.73260852195121,-0.13557401294623672,0.10218133389587836,0.5,0.34087253355835134
2020-05-15,0.15,0.31,0.64,31.88999938964844,73.79945574187937,74.16484191399624,72.48237087621989,72.9922103881836,19851728.57142857,0.0,-0.018510476709867718,0.39529200663744163,0.0,73.8334716796875,77.3152572631836,-0.006367418267518854,-0.0724637681159419,0.49,0.33,0.16,-0.022079153855476097,32.6731489954768,-0.1086386564336194,0.1297359165146248,0.5,0.35189436660584994
2020-05-18,0.17,0.38,0.73,29.299999237060547,75.36300668626254,77.45335421527285,74.67471685969953,76.85853576660156,19724514.285714287,0.0,0.05296901351330874,0.4265865625615227,0.0,73.91504516601563,77.26172409057617,-0.006408222097967653,0.0,0.5599999999999999,0.35,0.21,-0.08121668868481113,32.48243270306973,-0.09205439502734512,0.22885571122463388,0.5,0.39154228448985356
2020-05-19,0.16,0.35,0.7,30.530000686645508,76.51860812448261,77.49579778942973,75.27798982563252,75.3459701538086,19597300.0,0.0,-0.019679865062564028,0.4195046822833931,0.0,74.19375,77.24557800292969,-0.006449552261290625,0.01449275362318847,0.5399999999999999,0.35,0.18999999999999997,0.04197957275129127,32.35145972483867,-0.04927115819124664,0.1817833235824724,0.5,0.37271332943298896
2020-05-20,0.16,0.34,0.68,27.989999771118164,77.07942442365606,78.5069788042258,76.79051777284289,77.60626220703125,20552400.0,0.0,0.029998844644359535,0.43269329601021195,0.0,75.43435821533203,77.33012542724609,0.048736305511473565,0.0625,0.52,0.34,0.18000000000000002,-0.08319688366854172,32.09172994252798,-0.04535380966882902,0.27898963805266486,0.5,0.41159585522106595
2020-05-21,0.16,0.35,0.68,29.530000686645508,76.70557767445808,77.9716875264744,76.19573795724584,76.62060546875,14621400.0,0.0,-0.012700737160253883,0.4356065061747477,0.0,75.884716796875,77.36326522827149,-0.28857943597827995,0.07936507936507953,0.52,0.33000000000000007,0.18999999999999997,0.055019683033953104,31.907243447690394,-0.017647737735205504,0.2200535123355386,0.5,0.38802140493421544
2020-05-22,0.17,0.34,0.66,28.15999984741211,76.48464500652173,76.78205094375814,75.38848613816768,76.02578735351562,13557900.0,0.0,-0.007763161248797168,0.433353640403822,0.0,76.4914321899414,77.31058235168457,-0.07273585292790019,0.03125,0.49,0.32,0.17,-0.04639352547841158,31.65250015258789,0.02070942186914604,0.2724837030448599,0.5,0.408993481217944
2020-05-26,0.17,0.35,0.69,28.01000022888184,78.93186935344762,82.84914751349177,78.69394463375978,81.42159271240234,13881680.0,0.0,0.07097335715573094,0.47926598205062293,0.0,77.40404357910157,77.36156539916992,0.023881279549192724,-0.0547945205479452,0.5199999999999999,0.33999999999999997,0.17999999999999997,-0.005326691027807473,31.388500118255614,-0.11636612553207289,0.2782242167589012,0.5,0.4112896867035605
2020-05-27,0.18,0.34,0.68,27.6200008392334,86.73244614958645,87.16581278962795,83.953815713591,86.13763427734375,14205460.0,0.0,0.05792126397722819,0.5199890542980101,0.0,79.5623764038086,77.61988563537598,0.023324266227142454,-0.02857142857142847,0.5,0.34,0.16000000000000003,-0.013923576810481508,31.091000175476076,-0.32113698150129105,0.2931495670143277,0.5,0.4172598268057311
2020-05-28,0.17,0.34,0.7,28.59000015258789,87.47172333042644,87.48021601272724,84.46366064023253,84.85453796386719,14529240.0,0.0,-0.014895885221844818,0.516253420582613,0.0,81.01203155517578,77.70485992431641,0.02279264451837526,0.02941176470588225,0.5299999999999999,0.35999999999999993,0.17,0.03511945271111783,30.959000205993654,-0.40002722384108774,0.2560275102019067,0.5,0.4024110040807627
2020-05-29,0.17,0.3,0.65,27.51000022888184,83.83483015796696,84.27668935760256,82.23732474344745,82.68768310546875,14853020.0,0.0,-0.025536110506206855,0.5188550949482469,0.0,82.22544708251954,77.77071266174316,0.022284716888151035,-0.044117647058823595,0.48,0.35000000000000003,0.12999999999999998,-0.037775443089960725,30.6270001411438,-0.5408482297465315,0.29735931113543423,0.5,0.4189437244541737
2020-06-01,0.17,0.31,0.66,28.229999542236328,83.06158588961256,84.55712111830216,82.74718164496176,83.78385925292969,15176800.0,0.0,0.01325682503478487,0.5099353052934352,0.0,83.77706146240234,77.99801635742188,0.021798933819519473,0.0,0.49,0.35000000000000003,0.13999999999999999,0.026172275803857836,30.340000057220458,-0.6148299470814906,0.26980480151128006,0.5,0.40792192060451204
2020-06-02,0.17,0.32,0.68,26.84000015258789,85.21142625177359,85.33038863521534,83.21455026347141,84.06428527832031,21195000.0,0.0,0.003347017288187537,0.5067784154288804,0.0,84.30559997558593,78.28650207519532,0.3965394549575667,-0.014492753623188248,0.51,0.36000000000000004,0.15,-0.0492383780442075,29.992500019073486,-0.6839611739011111,0.32300034051977256,0.5,0.429200136207909
2020-06-03,0.17,0.38,0.77,25.65999984741211,86.31607744801146,89.15418905837475,85.87421164523576,88.60186004638672,20362220.0,0.0,0.053977438255061516,0.5361448677540459,0.0,84.79844512939454,78.80781517028808,-0.039291342297711696,0.13235294117647056,0.6,0.39,0.21,-0.04396424360906748,29.594999980926513,-0.761451544745664,0.3681591749275255,0.5,0.4472636699710102
2020-06-04,0.17,0.4,0.82,25.809999465942383,88.21948517516128,90.59024654223458,87.34425918491169,90.44579315185548,19529440.0,0.0,0.020811449155845985,0.529440460034904,0.0,85.91669616699218,79.49482498168945,-0.040898291050779356,0.17142857142857149,0.6499999999999999,0.41999999999999993,0.23,0.005845659369534406,29.179500007629393,-0.8098031042320399,0.362418661213484,0.5,0.4449674644853936
2020-06-05,0.18,0.47,0.91,24.520000457763672,97.66001481367589,98.37378888993103,93.07144587944735,94.51599884033205,18696660.0,0.0,0.045001603133081325,0.5448561191183867,0.0,88.28235931396485,80.3454086303711,-0.042642287746090024,0.3999999999999999,0.73,0.44000000000000006,0.29,-0.049980590270097824,28.8335000038147,-0.8390623828986801,0.4117871667477514,0.5,0.46471486669910056
2020-06-08,0.19,0.45,0.88,25.809999465942383,96.36842872687076,97.03122084698803,95.11931750835952,96.40241241455078,17863880.0,0.0,0.019958669403743023,0.5455202108735707,0.0,90.80606994628906,81.22700881958008,-0.04454164540618488,0.33333333333333326,0.69,0.43,0.26,0.0526100727608374,28.725,-0.8369873796521422,0.362418661213484,0.5,0.4449674644853936
2020-06-09,0.19,0.4,0.84,27.56999969482422,94.0231664855443,94.85590304383504,92.629601790355,93.92969512939452,17031100.0,0.0,-0.025649952353091088,0.54196624455085,0.0,92.7791519165039,82.10096015930176,-0.04661809192627808,0.23529411764705865,0.6499999999999999,0.43999999999999995,0.21000000000000002,0.06819063406817372,28.725,-0.8399359779907961,0.2950631202487364,0.5,0.41802524809949454
2020-06-10,0.18,0.33,0.75,27.56999969482422,93.8617217316218,93.90421107227657,89.94444309629861,90.12288665771484,18311725.0,0.0,-0.04052827454018171,0.5509787738493868,0.0,93.08335723876954,82.90948219299317,0.07519332280357705,-0.025974025974025983,0.5700000000000001,0.42,0.15000000000000002,0.0,28.451499938964844,-0.8255040432349837,0.2950631202487364,0.5,0.41802524809949454
2020-06-11,0.19,0.32,0.66,29.84666697184245,84.99900553565199,86.3160976038757,82.03343169418397,82.60275268554688,19592350.0,0.0,-0.08344311030259499,0.6262715284969401,0.0,91.5147491455078,83.46945877075196,0.06993470030813587,-0.19512195121951215,0.47000000000000003,0.34,0.13,0.08257770410659937,28.179833348592126,-0.8174620235503184,0.2079346338293192,0.5,0.38317385353172767
2020-06-12,0.18,0.33,0.71,32.12333424886068,85.57680370672573,85.93369082009835,82.70470198778511,84.86302947998047,20872975.0,0.0,0.027363213948063514,0.6181919705382509,0.0,89.5841552734375,83.99416961669922,0.06536352198689799,-0.2197802197802199,0.53,0.37999999999999995,0.15000000000000002,0.07627877776657788,28.15550003051758,-0.7008527396607586,0.12080614740990236,0.5,0.34832245896396097
2020-06-15,0.17,0.33,0.71,34.400001525878906,81.93145314243932,86.1886276193446,81.46410274800189,86.03567504882812,22153600.0,0.0,0.013818096950266145,0.6108671729983915,0.0,87.51080780029297,84.64634284973144,0.061353257022537466,-0.19318181818181823,0.5399999999999999,0.37999999999999995,0.16,0.07087269519971984,28.2810001373291,-0.4668111960550912,0.033677660990485525,0.5,0.3134710643961942
2020-06-16,0.18,0.34,0.75,33.66999816894531,89.5365726682743,89.79998842426295,84.38717454033288,86.72394561767578,22193600.0,0.0,0.007999827611709254,0.588338220269231,0.0,86.06965789794921,85.13961334228516,0.0018055756175068272,-0.1071428571428571,0.5700000000000001,0.41,0.16000000000000003,-0.021221026876537152,28.49950008392334,-0.37488490707275807,0.06161502725070611,0.5,0.32464601090028244
2020-06-17,0.19,0.34,0.74,33.470001220703125,87.12331118510309,87.13181034864253,84.3021918055033,84.53162384033203,15639800.0,0.0,-0.025279313132368864,0.5919940073814098,0.0,84.95140533447265,85.59889602661133,-0.29530134813639963,-0.013333333333333308,0.55,0.39999999999999997,0.15000000000000002,-0.005939915625735037,28.64650011062622,-0.3238952924870624,0.06926894820997187,0.5,0.32770757928398875
2020-06-18,0.19,0.34,0.71,32.939998626708984,83.84336755656177,85.41537632237963,83.38450978741581,84.07279968261719,16591900.0,0.0,-0.005427840337972167,0.5866203386287306,0.0,85.24541473388672,85.92222290039062,0.060876737554188765,0.07575757575757569,0.52,0.36999999999999994,0.15000000000000002,-0.01583515311216377,28.89400005340576,-0.3698140263587851,0.0895522475217424,0.5,0.33582089900869694
2020-06-19,0.18,0.33,0.7,35.119998931884766,85.42383608805817,85.48331726312517,82.19484782548014,83.11255645751953,16404400.0,0.0,-0.011421568316062558,0.5861356098032091,0.0,84.89532012939453,86.2468204498291,-0.01130069491739949,-0.014084507042253502,0.52,0.36999999999999994,0.15000000000000002,0.06618094705711841,29.173499965667723,-0.40696393337850506,0.006123224360923274,0.5,0.3024492897443693
2020-06-22,0.17,0.34,0.71,31.770000457763672,82.63671281602647,83.23152460814971,82.03340186031224,82.21184539794922,16216900.0,0.0,-0.010837244069500929,0.5871050089820773,0.0,84.13055419921875,86.55612335205078,-0.011429860281387927,0.0,0.5399999999999999,0.36999999999999994,0.17,-0.095387203189226,29.3539999961853,-0.5289506098368745,0.1343282982880213,0.5,0.3537313193152085
2020-06-23,0.18,0.33,0.72,31.3700008392334,84.09828677473169,84.94802190393709,83.14658109615442,83.21456146240234,15381400.0,0.0,0.012196734662741626,0.5335642948407114,0.0,83.42867736816406,86.64577178955078,-0.051520327559521295,-0.040000000000000036,0.54,0.38999999999999996,0.15000000000000002,-0.0125904819882533,29.52200002670288,-0.5900077092070211,0.14963635919032936,0.5,0.35985454367613173
2020-06-24,0.17,0.33,0.69,33.84000015258789,82.2118482130969,82.28832123914754,80.13849306733486,80.43590545654297,22919800.0,0.0,-0.033391463669670496,0.5033941424235471,0.0,82.60953369140626,86.36068534851074,0.49009843057198954,-0.06756756756756765,0.5199999999999999,0.35999999999999993,0.16,0.07873762343880286,29.832999992370606,-0.6334911275895085,0.05510901924830902,0.5,0.3220436076993236
2020-06-25,0.17,0.32,0.68,32.220001220703125,80.17248493432064,83.45246210215028,80.09601190665377,83.24002838134766,21446433.333333332,0.0,0.034861582136595404,0.5184713345167788,0.0,82.44297943115234,86.27995986938477,-0.0642835743185659,-0.042253521126760396,0.51,0.36000000000000004,0.15,-0.04787230864598202,30.014500045776366,-0.6530495885327515,0.11710668415130465,0.5,0.34684267366052185
2020-06-26,0.17,0.3,0.64,34.72999954223633,80.81827621442886,81.03920907456312,78.17560050481396,78.67694091796875,19973066.666666668,0.0,-0.0548184275295297,0.546905060778,0.0,81.55585632324218,86.07942276000976,-0.06869984597283452,-0.08571428571428563,0.47,0.34,0.12999999999999998,0.07790186922526843,30.375500011444093,-0.7362557066807897,0.02104857461634957,0.5,0.3084194298465398
2020-06-29,0.16,0.28,0.64,31.780000686645508,79.36524776377283,80.29145577239181,78.32857005958263,79.02535247802734,18499700.0,0.0,0.004428382140859499,0.5445505418881773,0.0,80.9185577392578,85.84149742126465,-0.07376767380071836,-0.09859154929577463,0.48,0.36,0.12000000000000002,-0.0849409413899711,30.553000068664552,-0.7488404654158612,0.13394558764113962,0.5,0.35357823505645586
2020-06-30,0.16,0.29,0.66,30.43000030517578,78.88088569942337,80.43590199176249,78.65995282874513,79.92605590820312,19137000.0,0.0,0.011397651537539355,0.5464145917249502,0.0,80.26085662841797,85.63458595275878,0.03444920728444245,-0.08333333333333326,0.5,0.37000000000000005,0.12999999999999998,-0.04247955797046343,30.732500076293945,-0.7645514796088133,0.18561035705669748,0.5,0.374244142822679
2020-07-01,0.16,0.31,0.69,28.6200008392334,80.6313423782995,81.32812472173669,79.05083498024102,79.24627685546875,18755700.0,0.0,-0.008505099432344232,0.5050402992962915,0.0,80.02293090820312,85.16680679321288,-0.019924753096096537,0.0,0.5299999999999999,0.37999999999999995,0.15,-0.05948075740355885,30.88050012588501,-0.6928989131490223,0.2548793782612615,0.5,0.4019517513045046
2020-07-02,0.16,0.29,0.68,27.68000030517578,81.28835929152241,81.47712368540391,78.87733864235875,79.50369262695312,18690500.0,0.0,0.0032483011404289552,0.4968833279856163,0.0,79.27566375732422,84.61970176696778,-0.0034762765452636124,0.0,0.52,0.39000000000000007,0.12999999999999998,-0.03284418261683031,30.97400016784668,-0.5765811314826778,0.2908533761276296,0.5,0.41634135045105186
2020-07-06,0.16,0.31,0.69,27.940000534057617,81.02238327270975,81.68305215899171,80.20727137395266,81.5114517211914,18625300.0,0.0,0.025253658388662226,0.47446345268958595,0.0,79.84256591796876,83.96947441101074,-0.0034884031994864007,0.078125,0.5299999999999999,0.37999999999999995,0.15,0.009393071749107529,31.145000171661376,-0.4092952576359707,0.28090311829248127,0.5,0.41236124731699253
2020-07-07,0.15,0.29,0.65,29.43000030517578,80.49896708075929,80.73921023350485,78.93738004177821,79.21194458007812,18693750.0,0.0,-0.028210847587142873,0.4690233052787562,0.0,79.8798843383789,83.10995101928711,0.0036751085888548918,0.015625,0.5,0.36000000000000004,0.13999999999999999,0.0533285519913258,31.326000213623047,-0.14412704640033835,0.2238805458097637,0.5,0.38955221832390546
2020-07-08,0.15,0.3,0.67,28.07999992370605,79.18622114026967,80.08713314467664,78.76579553821307,80.05281829833984,18762200.0,0.0,0.010615491422655943,0.46996933790570417,0.0,79.90523681640624,82.41610717773438,0.0036616516215313144,0.015151515151515138,0.52,0.37000000000000005,0.15,-0.04587157211929449,31.351500225067138,0.16139102440525938,0.27554531522532155,0.5,0.41021812609012864
2020-07-09,0.15,0.28,0.62,29.26000022888184,80.24157023935705,80.75638454247391,77.89061066992413,78.31961822509766,19511440.0,0.0,-0.021650706497089445,0.45698948933130384,0.0,79.71990509033203,81.82594375610351,0.03993348328021229,-0.10144927536231874,0.47,0.33999999999999997,0.13000000000000003,0.042022803005052456,31.436000251770018,0.5265335659040661,0.2303864808175684,0.5,0.3921545923270274
2020-07-10,0.15,0.3,0.65,27.290000915527344,78.93740528142418,83.09019606930114,78.82586565230977,82.60112762451172,20260680.0,0.0,0.054667138278287064,0.40941685297171976,0.0,80.33939208984376,81.82586250305175,0.038400036081396305,-0.044117647058823595,0.5,0.35000000000000003,0.15,-0.06732738543897743,31.30816694895426,0.47936620517589845,0.3057787263830559,0.5,0.42231149055322237
2020-07-13,0.16,0.3,0.64,32.189998626708984,84.7118293401332,85.1751517096699,82.56679170061548,83.78517150878906,21009920.0,0.0,0.014334476033544874,0.40051608335025546,0.0,80.79413604736328,81.77196960449218,0.03698000264551826,-0.0724637681159419,0.48,0.34,0.13999999999999999,0.1795528599045837,31.31150016784668,0.48367287435766754,0.11825488908654203,0.5,0.3473019556346168
2020-07-14,0.17,0.28,0.63,29.520000457763672,84.40294870668428,85.75860760508982,82.91857968644726,84.26566314697266,21759160.0,0.0,0.005734805211124794,0.39774549494964057,0.0,81.80487976074218,81.68346900939942,0.03566124954307304,-0.03076923076923077,0.45999999999999996,0.35,0.11000000000000001,-0.08294496063538004,31.067500114440918,0.36607424855533,0.22043622298242038,0.5,0.38817448919296815
2020-07-15,0.15,0.28,0.64,27.76000022888184,86.56515663548157,86.90836403910548,84.64320433977912,85.56986236572266,22508400.0,0.0,0.015477232007007125,0.4007986228895567,0.0,82.90828857421874,81.62576484680176,0.03443331452133269,-0.04477611940298509,0.49,0.36,0.13000000000000003,-0.059620603034880926,30.772000217437743,0.1387120114603571,0.28779176394716766,0.5,0.41511670557886704
2020-07-16,0.14,0.28,0.62,28.0,84.75475030004415,86.8483097271397,84.55741044684974,85.81011199951172,16886900.0,0.0,0.0028076431017529657,0.389895049125737,0.0,84.40638732910156,81.68968925476074,-0.24975120399495299,0.0,0.48,0.33999999999999997,0.14,0.008645524824904882,30.49850015640259,-0.03548348717405431,0.2786069274057832,0.5,0.4114427709623133
2020-07-17,0.14,0.29,0.64,25.68000030517578,85.80151543273496,85.87015821615381,84.2056067219952,84.22277069091797,16137700.0,0.0,-0.018498301326104527,0.39549016707910534,0.0,84.73071594238282,81.69718780517579,-0.04436575096672568,-0.015384615384615441,0.5,0.35000000000000003,0.14999999999999997,-0.08285713195800781,30.13550024032593,-0.1828372919145868,0.36739375363376203,0.5,0.44695750145350477
2020-07-20,0.14,0.29,0.62,24.459999084472656,83.59642579495822,84.4201196467182,83.45056477400983,83.4848861694336,14458100.0,0.0,-0.008761104810862563,0.39454844637385345,0.0,84.67065887451172,81.71580429077149,-0.10407926780148347,-0.03125,0.48,0.33,0.14999999999999997,-0.04750783513258894,29.602500247955323,-0.3204970440169828,0.41408343062904174,0.5,0.4656333722516167
2020-07-21,0.15,0.27,0.61,24.84000015258789,83.83667342021911,85.84443260807564,83.77661261160709,85.29530334472656,17798100.0,0.0,0.02168556799153687,0.39899882810508336,0.0,84.8765869140625,81.86997718811035,0.23101237368672223,-0.031746031746031744,0.45999999999999996,0.33999999999999997,0.12000000000000002,0.015535612524060216,29.256000232696532,-0.413975118664192,0.39954071802590496,0.5,0.459816287210362
2020-07-22,0.14,0.27,0.6,24.31999969482422,85.50122995171635,85.91307364913467,83.68223507406242,84.67753601074219,14271200.0,0.0,-0.007242688750254245,0.3984690076451752,0.0,84.6981216430664,81.94312591552735,-0.19816160151926332,-0.0625,0.45999999999999996,0.32999999999999996,0.13,-0.020933995755611834,28.903500175476076,-0.4931052930189937,0.41944123369620157,0.5,0.4677764934784806
2020-07-23,0.14,0.27,0.59,26.07999992370605,84.51448806402155,85.243799595956,84.05974110456133,84.92633819580078,12870200.0,0.0,0.002938231280454673,0.37696070830711076,0.0,84.52136688232422,82.16764755249024,-0.09816974045630356,-0.048387096774193616,0.44999999999999996,0.31999999999999995,0.13,0.07236843137199522,28.515500164031984,-0.5079948980224626,0.35208569273145396,0.5,0.4408342770925816
2020-07-24,0.16,0.27,0.59,25.84000015258789,85.4583245898192,85.62993158155595,84.03402256215986,84.32574462890625,12744200.0,0.0,-0.00707193527536587,0.3588890034439217,0.0,84.54196166992188,82.22193336486816,-0.00979005765256169,-0.07812500000000011,0.42999999999999994,0.31999999999999995,0.11000000000000001,-0.009202445238506551,28.19650011062622,-0.5848493261309974,0.36127052927283887,0.5,0.44450821170913557
2020-07-27,0.14,0.3,0.62,24.739999771118164,83.66505999779919,83.76801762736532,82.51531628060009,83.14167022705078,11959100.0,0.0,-0.014041671461855976,0.2991536040418554,0.0,84.47331848144532,82.44516983032227,-0.06160449459361905,0.0,0.48,0.32,0.15999999999999998,-0.04256967395410638,27.697000122070314,-0.5165696779553991,0.40336775150013005,0.5,0.461347100600052
2020-07-28,0.14,0.26,0.59,25.440000534057617,82.79844216731563,83.9910824168121,82.79844216731563,83.50201416015625,11754300.0,0.0,0.004334095431585805,0.29914752887353074,0.0,84.11466064453126,82.66900291442872,-0.017125034492562197,-0.032786885245901676,0.44999999999999996,0.32999999999999996,0.12,0.02829429140725548,27.380000114440918,-0.45299723455007085,0.37657859017514683,0.5,0.45063143607005873
2020-07-29,0.13,0.25,0.58,24.100000381469727,83.28752704511837,85.55268642758166,83.22746624884608,85.52694702148438,12743500.0,0.0,0.02425010799672833,0.3073417420784154,0.0,84.28454284667968,82.94904747009278,0.08415643636796744,-0.033333333333333326,0.44999999999999996,0.32999999999999996,0.12,-0.052672960867039875,27.063500118255615,-0.44861114508846445,0.4278606489438229,0.5,0.47114425957752915
2020-07-30,0.11,0.23,0.55,24.76000022888184,83.690785119877,83.86238550395393,82.4123445839393,83.24461364746094,14834800.0,0.0,-0.026685547111252705,0.3231812033609958,0.0,83.94819793701171,83.14896430969239,0.16410719190175382,-0.06779661016949146,0.44000000000000006,0.32000000000000006,0.12000000000000001,0.027385885351254302,26.870500087738037,-0.4129542764327971,0.4026023302063665,0.5,0.4610409320825466
2020-07-31,0.11,0.21,0.55,24.459999084472656,82.78132293924517,83.16742722405016,81.72596119003397,82.9186019897461,14535000.0,0.0,-0.003916309337388402,0.3240075759874733,0.0,83.6667694091797,83.31970977783203,-0.020209237738291086,-0.06779661016949146,0.44000000000000006,0.3400000000000001,0.09999999999999999,-0.0121163627478178,26.70950002670288,-0.38955812067048884,0.41408343062904174,0.5,0.4656333722516167
2020-08-03,0.12,0.22,0.56,24.280000686645508,83.24463366081656,83.7165446496857,82.24075742573488,82.45526123046875,12962800.0,0.0,-0.005587898832817295,0.3133498959712506,0.0,83.52948760986328,83.3669002532959,-0.10816649466804262,-0.09677419354838701,0.44000000000000006,0.3400000000000001,0.1,-0.007358888166983268,26.526500034332276,-0.3382807255586029,0.4209720032891363,0.5,0.4683888013156545
2020-08-04,0.14,0.19,0.52,23.76000022888184,82.29223864809283,82.3265534945228,81.53718110390777,81.98335266113281,13366200.0,0.0,-0.005723207498147587,0.2954302637773052,0.0,83.22575531005859,83.50547065734864,0.031119819792020165,-0.11864406779661008,0.38,0.33,0.04999999999999999,-0.021416822201725805,26.243000030517578,-0.17262221829343843,0.4408725189594327,0.5,0.4763490075837731
2020-08-05,0.12,0.22,0.55,22.989999771118164,82.25794672097051,84.48878566779095,82.12924308927848,83.40768432617188,15260900.0,0.0,0.017373425443167,0.2990315091709172,0.0,82.8019027709961,83.67321395874023,0.14175307866110032,-0.051724137931034364,0.43000000000000005,0.33000000000000007,0.1,-0.03240742636137217,25.988500022888182,-0.08483222606700346,0.470340581817996,0.5,0.4881362327271984
2020-08-06,0.14,0.21,0.55,22.649999618530277,83.72511629876229,84.17128127722866,82.83277979569374,83.43338775634766,10482100.0,0.0,0.00030816621254303733,0.2856403049608046,0.0,82.83965759277343,83.92890243530273,-0.31314011624478244,0.0,0.41000000000000003,0.3400000000000001,0.06999999999999998,-0.014789045496860886,25.657999992370605,0.282030398326728,0.48335245183360576,0.5,0.4933409807334423
2020-08-07,0.14,0.23,0.57,22.209999084472656,83.16739704679789,85.36391342690804,82.84992912936768,85.26953125,14743700.0,0.0,0.022007298792834362,0.22482270057490344,0.0,83.30984344482422,84.06232261657715,0.4065597542477175,0.036363636363636154,0.42999999999999994,0.33999999999999997,0.09,-0.019426072470996925,25.403999900817873,0.23805863411266567,0.5001913553234407,0.5,0.5000765421293762
2020-08-10,0.13,0.24,0.59,22.1299991607666,85.89588479735865,87.5518540597852,85.82724202418959,86.35063171386719,14989900.0,0.0,0.01267862562416977,0.22366097644409313,0.0,84.0889175415039,84.19059562683105,0.016698657731776922,0.05357142857142838,0.45999999999999996,0.35,0.10999999999999999,-0.0036019778029610094,24.90099992752075,0.17386144782065976,0.5032529675039024,0.5,0.5013011870015609
2020-08-11,0.15,0.27,0.64,24.030000686645508,89.11347636841204,91.0869143271604,88.81317229976888,89.07915496826172,17115350.0,0.0,0.03159818521578184,0.24756210742337256,0.0,85.5080780029297,84.4312702178955,0.14179214004096097,0.23076923076923084,0.49,0.37,0.12000000000000002,0.08585637586680717,24.626499938964844,0.08899608016597825,0.4305395504774028,0.5,0.4722158201909611
2020-08-12,0.13,0.3,0.69,22.280000686645508,91.08691484869355,91.3185761183625,87.26874252336457,88.32410430908203,19240800.0,0.0,-0.008476176715514483,0.24601361842307606,0.0,86.49136199951172,84.56898231506348,0.12418384666395954,0.2545454545454544,0.5599999999999999,0.38999999999999996,0.16999999999999998,-0.07282563254243057,24.352499961853027,-0.14833548889872866,0.4975123807952687,0.5,0.4990049523181075
2020-08-13,0.14,0.32,0.71,22.1299991607666,87.51755397906415,88.68445522247593,87.20866797074122,87.83502197265625,13598600.0,0.0,-0.005537359707767697,0.24729476830198796,0.0,87.37168884277344,84.6702278137207,-0.29324144526215123,0.2909090909090908,0.57,0.38999999999999996,0.18,-0.006732563790665225,24.058999919891356,-0.3951446197670074,0.5032529675039024,0.5,0.5013011870015609
2020-08-14,0.13,0.29,0.71,22.049999237060547,87.08854202208673,88.64154742545092,87.01989923562712,87.86933898925781,12134400.0,0.0,0.0003906985599917423,0.2360921290860667,0.0,87.891650390625,84.8525562286377,-0.10767284867559901,0.2456140350877194,0.58,0.42,0.15999999999999998,-0.0036149989489328016,23.877499866485596,-0.4660847642572447,0.506314579684364,0.5,0.5025258318737456
2020-08-17,0.13,0.29,0.69,21.350000381469727,87.08853648072578,87.51754404959635,85.39824561199397,85.55268859863281,14988000.0,0.0,-0.026364718538604448,0.254508569101928,0.0,87.73206176757813,84.95594635009766,0.23516613924050622,0.1694915254237288,0.5599999999999999,0.39999999999999997,0.15999999999999998,-0.0317459809438132,23.72199993133545,-0.4460518345332357,0.5331036680147551,0.5,0.513241467205902
2020-08-18,0.13,0.27,0.67,21.51000022888184,85.72430158509563,85.72430158509563,84.1884535949463,84.36005401611328,13246500.0,0.0,-0.013940351870351253,0.24808279748092846,0.0,86.78824157714844,84.909183883667,-0.11619295436349075,0.046875,0.54,0.4,0.14,0.007494137918188537,23.555499935150145,-0.4144755593719499,0.5269804436538317,0.5,0.5107921774615327
2020-08-19,0.13,0.29,0.68,22.540000915527344,84.87487266817463,86.30775666098708,84.37722221862651,84.55741119384766,13533000.0,0.0,0.0023394624391384067,0.24692451992335632,0.0,86.03490295410157,84.90317764282227,0.02162835465972135,-0.014492753623188248,0.55,0.39000000000000007,0.15999999999999998,0.047884736201095235,23.466499996185302,-0.40371250831488537,0.48756212296012047,0.5,0.4950248491840482
2020-08-20,0.12,0.26,0.65,22.71999931335449,83.4505473232501,84.11121604512566,83.05586117761678,83.54492950439453,13672600.0,0.0,-0.011973896494205771,0.2502570896392442,0.0,85.17688446044922,84.83410720825195,0.010315525012931426,-0.08450704225352101,0.53,0.39,0.14,0.007985731611179547,23.298499965667723,-0.42424073752311287,0.4806735503000261,0.5,0.49226942012001046
2020-08-21,0.13,0.27,0.64,22.540000915527344,83.45911079446549,84.57453284108003,83.17597083776384,83.50201416015625,12228300.0,0.0,-0.000513679818666013,0.24912322826186054,0.0,84.30341949462891,84.79292068481445,-0.10563462691806969,-0.09859154929577463,0.51,0.37,0.14,-0.00792246493252946,23.133500003814696,-0.4220703786218952,0.48756212296012047,0.5,0.4950248491840482
2020-08-24,0.14,0.28,0.65,22.3700008392334,84.47159936915277,85.98170805324621,83.5878447024947,85.8530044555664,17898300.0,0.0,0.028154893256837843,0.2630567733922468,0.0,84.36348266601563,84.92848739624023,0.463678516228748,-0.05797101449275355,0.51,0.37,0.14,-0.007542150372178313,23.01500005722046,-0.3984405342892751,0.4940680579679254,0.5,0.4976272231871702
2020-08-25,0.13,0.3,0.69,22.030000686645508,86.89119093774978,87.50038745188773,85.62991417213621,86.23052215576172,13648900.0,0.0,0.004397256713254638,0.26306514323823404,0.0,84.73757629394531,85.06491279602051,-0.23741919623651409,0.02985074626865658,0.5599999999999999,0.38999999999999996,0.16999999999999998,-0.015198933385446534,22.844500064849854,-0.3866172926137363,0.5070799279835353,0.5,0.5028319711934142
2020-08-26,0.12,0.28,0.69,23.270000457763672,85.7500395788142,86.03317961445435,84.98640658878882,85.02072143554688,12052400.0,0.0,-0.014029843377609708,0.2545747833705042,0.0,84.83023834228516,85.03960151672364,-0.1169691330436885,0.014705882352941124,0.57,0.4099999999999999,0.16000000000000003,0.0562868693812546,22.803000068664552,-0.4180999056437566,0.4596249026890842,0.5,0.48384996107563366
2020-08-27,0.13,0.31,0.74,24.46999931335449,84.94351355725165,88.07527066934745,84.94351355725165,87.81786346435547,22163900.0,0.0,0.032899532979487445,0.26007953036483783,0.0,85.68482513427735,85.26826400756836,0.8389615346321064,0.1384615384615384,0.61,0.43,0.18,0.051568492994612525,22.788500022888183,-0.2069138153486955,0.4137007199821602,0.5,0.46548028799286406
2020-08-28,0.12,0.28,0.74,22.959999084472656,88.4956829923547,88.59006518355349,87.35452125959557,88.17821502685547,13756700.0,0.0,0.0041033970570949485,0.2588861966800608,0.0,86.62006530761718,85.53124465942383,-0.3793195240909768,0.15625,0.62,0.45999999999999996,0.16000000000000003,-0.061708225224908375,22.713500022888184,-0.0876225913569128,0.4714887137586411,0.5,0.48859548550345644
2020-08-31,0.12,0.28,0.72,26.40999984741211,87.6205002722512,87.67197908108109,85.81866340958055,85.96453094482422,14219400.0,0.0,-0.025104659709397126,0.27635792598138814,0.0,86.64237060546876,85.7067081451416,0.03363451990666366,0.10769230769230753,0.6,0.43999999999999995,0.16000000000000003,0.15026136326253647,22.819999980926514,0.06737550360108548,0.33945653336272585,0.5,0.43578261334509033
2020-09-01,0.12,0.26,0.68,26.1200008392334,85.41539751238228,86.54797707233482,84.97780802104253,85.92162322998047,11595600.0,0.0,-0.0004991327745542673,0.27498279889949667,0.0,86.5805908203125,85.90362167358398,-0.18452255369424875,-0.014492753623188248,0.56,0.42000000000000004,0.14,-0.010980651641583683,22.938000011444093,0.14409078615080234,0.35055485014392707,0.5,0.4402219400575708
2020-09-02,0.13,0.26,0.66,26.56999969482422,85.75861723122568,87.46607220458269,85.42399182453767,87.21724700927734,14475700.0,0.0,0.015079135269930433,0.27345219992049974,0.0,87.0198959350586,86.09409980773925,0.24837869536720825,-0.04347826086956508,0.53,0.4,0.13,0.01722813327459405,23.117000007629393,0.21050213213961289,0.3333333090018026,0.5,0.433333323600721
2020-09-03,0.12,0.24,0.63,33.599998474121094,88.65012096669412,90.08300463034531,86.35064020840574,86.94267272949219,23281200.0,0.0,-0.0031481649467329786,0.2740733483543982,0.0,86.84485778808593,86.26956405639649,0.60829528105722,-0.14864864864864868,0.51,0.39,0.12,0.2645840745216983,23.664499950408935,0.19223337291339798,0.06429392878428597,0.5,0.3257175715137144
2020-09-04,0.13,0.3,0.72,30.75,89.27647745851311,90.27177161160525,86.97699663375218,88.82172393798828,22694900.0,0.0,0.021612530987429546,0.27369833533893023,0.0,86.9735595703125,86.44717369079589,-0.025183409789873323,-0.027027027027027084,0.59,0.42,0.16999999999999998,-0.0848213870103649,24.091499996185302,0.30754421913813457,0.17336390833485105,0.5,0.3693455633339404
2020-09-08,0.15,0.28,0.69,31.459999084472656,88.35841853937335,88.86464442460029,85.3553649871617,85.7328872680664,22108600.0,0.0,-0.034775689245554076,0.30012241134517326,0.0,86.92723083496094,86.41628646850586,-0.02583399794667529,-0.04166666666666674,0.5399999999999999,0.4099999999999999,0.13000000000000003,0.02308940112106206,24.557999992370604,0.23069130817046374,0.1461921093575782,0.5,0.3584768437430313
2020-09-09,0.14,0.28,0.71,28.809999465942383,86.487943342289,87.25157642221126,85.42399967572152,86.54800415039062,13434000.0,0.0,0.009507633631602008,0.27855920482642105,0.0,87.05250701904296,86.2897289276123,-0.3923631528002678,0.04411764705882337,0.57,0.42999999999999994,0.14,-0.08423393819608227,24.79699993133545,0.26300748216624,0.24760809495428526,0.5,0.3990432379817141
2020-09-10,0.15,0.26,0.68,29.709999084472656,87.00273844521845,87.87791102723325,85.4926299322279,85.65565490722656,15922800.0,0.0,-0.010310454318663065,0.27926168164303833,0.0,86.74018859863281,86.15630645751953,0.18526127735596254,0.030303030303030276,0.53,0.42000000000000004,0.11000000000000001,0.03123914041005804,25.168499851226805,0.2948889926886418,0.21316493967544414,0.5,0.38526597587017763
2020-09-11,0.13,0.26,0.67,26.8700008392334,85.77578144265348,86.96842205879878,85.4497314738903,86.71959686279297,13784300.0,0.0,0.012421152540585512,0.2829716175501441,0.0,86.69557342529296,86.10053520202636,-0.13430426809355134,0.06349206349206349,0.54,0.41000000000000003,0.13,-0.09559065408128964,25.405499935150146,0.36878282976648974,0.32185220857912744,0.5,0.42874088343165095
2020-09-14,0.14,0.27,0.68,25.850000381469727,87.09709807214068,88.77022458053632,86.97697650467302,87.92079162597656,19017400.0,0.0,0.013851480018802542,0.2875232598003918,0.0,86.51538696289063,86.10310783386231,0.3796420565425882,-0.05555555555555547,0.54,0.41000000000000003,0.13,-0.03796056665075909,25.595499992370605,0.44222666676162115,0.3608878186259571,0.5,0.44435512745038286
2020-09-15,0.13,0.27,0.68,25.59000015258789,88.14391054203219,88.24686818370681,85.06363235457347,85.18375396728516,23683000.0,0.0,-0.031130721278477824,0.2937897259923934,0.0,86.40556030273437,86.08466110229492,0.24533322115536293,-0.014492753623188248,0.55,0.41000000000000003,0.14,-0.010058035785106334,25.807499980926515,0.4339466200660535,0.37083807646110534,0.5,0.44833523058444213
2020-09-16,0.12,0.28,0.69,26.040000915527344,85.31245954329883,86.77108290069103,84.73759087683202,85.54412078857422,19270600.0,0.0,0.00423046419658224,0.28944582471564273,0.0,86.2047836303711,86.14386444091797,-0.18631085588818985,-0.028169014084507116,0.57,0.4099999999999999,0.16000000000000003,0.017585023847447978,26.03400001525879,0.3836652533179303,0.3536164623243887,0.5,0.44144658492975547
2020-09-17,0.12,0.28,0.69,26.459999084472656,84.68610825268944,85.23523752593394,83.8366749309733,84.56598663330078,18290100.0,0.0,-0.011434265105031982,0.2926211280516515,0.0,85.98684997558594,86.14429321289063,-0.050880616067999984,0.014705882352941124,0.57,0.4099999999999999,0.16000000000000003,0.01612896137399411,26.229999923706053,0.3257628667018587,0.33754305312290944,0.5,0.43501722124916375
2020-09-18,0.13,0.29,0.7,25.82999992370605,83.99110937752566,85.36393242055033,83.60500514690945,84.38579559326172,20121600.0,0.0,-0.0021307744072143198,0.28927138037449923,0.0,85.52008972167968,86.18633651733398,0.10013613922285836,0.04477611940298498,0.57,0.41,0.15999999999999998,-0.02380949291628298,26.385499954223633,0.24920621534236845,0.36165323991972054,0.5,0.44466129596788817
2020-09-21,0.12,0.27,0.68,27.780000686645508,81.68304547643004,82.4123636427579,80.49898684174781,81.77742767333984,19689300.0,0.0,-0.030910035291889293,0.3102661679972016,0.0,84.29141693115234,86.10010719299316,-0.021484375,0.0,0.56,0.41000000000000003,0.15000000000000002,0.07549364183891472,26.64749994277954,0.048050866140996046,0.28702634265340454,0.5,0.41481053706136184
2020-09-22,0.12,0.27,0.68,26.86000061035156,81.47712629855616,82.07774089345457,80.3702858548639,80.88509368896484,19257000.0,0.0,-0.010911739458710157,0.2922780180481916,0.0,83.43168487548829,85.85171165466309,-0.021956087824351322,0.0,0.56,0.41000000000000003,0.15000000000000002,-0.03311735253974324,26.87199993133545,0.031129414808160602,0.3222349192260091,0.5,0.42889396769040367
2020-09-23,0.13,0.28,0.68,28.57999992370605,81.32267063106949,81.81173897923374,79.50368279740248,79.57231903076172,19952700.0,0.0,-0.016230118533969495,0.29468923667581737,0.0,82.23732452392578,85.51880149841308,0.036127122604767026,-0.014492753623188248,0.55,0.4,0.15000000000000002,0.0640357138596499,27.199499893188477,-0.027722920075753377,0.2564102208487884,0.5,0.40256408833951535
2020-09-24,0.12,0.27,0.67,28.51000022888184,79.21196405109902,80.91083704989596,78.405427657655,79.50369262695312,18366500.0,0.0,-0.0008624406658559458,0.2923510396959592,0.0,81.22486572265625,85.24295005798339,-0.07949801280027269,-0.02898550724637672,0.55,0.4,0.15000000000000002,-0.0024492545490228945,27.461499881744384,-0.08960885572318973,0.25908912238236803,0.5,0.40363564895294723
2020-09-25,0.12,0.26,0.66,26.3799991607666,78.98031214887212,80.41319614994251,78.82586913074769,80.19869232177734,13293100.0,0.0,0.008741728489081613,0.2640028574307648,0.0,80.38744506835937,84.86199150085449,-0.27623118177115946,-0.05714285714285705,0.54,0.4,0.14,-0.07471066471467291,27.55699987411499,0.015842885079367923,0.34060466530337097,0.5,0.4362418661213484
2020-09-28,0.12,0.26,0.67,26.190000534057617,81.56290734807196,83.16739782437455,80.95371745714688,82.50672912597656,20894100.0,0.0,0.02877898301556825,0.28797937786463784,0.0,80.53330535888672,84.57841720581055,0.5718004077303263,-0.014705882352941235,0.55,0.41000000000000003,0.14,-0.007202374251457866,27.71849994659424,0.18141198210637446,0.3478759486103472,0.5,0.43915037944413887
2020-09-29,0.12,0.24,0.66,26.270000457763672,82.39519526410395,82.39519526410395,80.9365721017657,81.8117446899414,12848200.0,0.0,-0.008423366716840852,0.27699902379166014,0.0,80.71863555908203,84.3707778930664,-0.38507999865990883,-0.02941176470588236,0.54,0.42000000000000004,0.12,0.0030545980173624088,27.711499977111817,0.2262457301451244,0.34481433642988557,0.5,0.4379257345719542
2020-09-30,0.12,0.28,0.69,26.3700008392334,81.81175514277037,83.39908209191942,81.73453691018432,82.60112762451172,16400600.0,0.0,0.009648772771708947,0.2802108052112294,0.0,81.32439727783203,84.20475311279297,0.27649009199732255,0.014705882352941124,0.57,0.4099999999999999,0.16000000000000003,0.0038066379797176975,27.723999977111816,0.2676608383569813,0.3409873029556605,0.5,0.4363949211822642
2020-10-01,0.12,0.27,0.68,26.700000762939453,83.33043240048289,83.88813700221205,82.39519249785315,83.20172882080078,15778700.0,0.0,0.007271101661217916,0.2752928995792237,0.0,82.06400451660156,84.00397720336915,-0.03791934441422873,0.014925373134328401,0.56,0.41000000000000003,0.15000000000000002,0.012514217413868156,27.73050003051758,0.3147561710545154,0.3283581435869324,0.5,0.431343257434773
2020-10-02,0.12,0.28,0.7,27.6299991607666,81.72593718644389,84.5917044401279,81.58865163012733,83.99109649658203,15149600.0,0.0,0.009487395117490749,0.2783585456936938,0.0,82.8224853515625,83.85639839172363,-0.03987020476972125,0.06060606060606055,0.58,0.41999999999999993,0.16000000000000003,0.03483139967239324,27.432000064849852,0.2119585155798622,0.2927669293620382,0.5,0.41710677174481525
2020-10-05,0.12,0.33,0.78,27.959999084472656,85.14283781654082,85.9481964963485,84.45871535890818,85.76634216308594,13871900.0,0.0,0.02113611728567144,0.27783675810895364,0.0,83.47440795898437,83.70362930297851,-0.0843388604319586,0.16417910447761197,0.66,0.45,0.21000000000000002,0.011943537232336876,27.292500019073486,0.037259002955970635,0.2801377699933101,0.5,0.41205510799732403
2020-10-06,0.14,0.32,0.76,29.479999542236328,86.65830421909564,87.34242673213562,84.44140556905764,84.88304901123047,19220400.0,0.0,-0.010298832031053307,0.2514025589663152,0.0,84.08866882324219,83.66113739013672,0.38556362142172307,0.15151515151515138,0.62,0.44,0.18,0.05436339440396454,27.19350004196167,-0.054840819629029695,0.22196706556994727,0.5,0.3887868262279789
2020-10-07,0.13,0.35,0.81,28.059999465942383,85.69707045154912,86.90077777495594,85.44593636586924,86.36387634277344,16358500.0,0.0,0.01744550117829835,0.2570579610211007,0.0,84.84121856689453,83.65193099975586,-0.14889908638738003,0.17391304347826098,0.68,0.4600000000000001,0.21999999999999997,-0.048168252996730776,27.15600004196167,-0.09729784871286118,0.276310736519085,0.5,0.410524294607634
2020-10-08,0.13,0.33,0.78,26.36000061035156,87.03934939426283,88.26037351850523,86.51110290011651,88.1391372680664,15659000.0,0.0,0.02055559570122889,0.26386742958593395,0.0,85.82870025634766,83.77610511779785,-0.04276064431335391,0.1470588235294117,0.65,0.45,0.2,-0.060584422236151014,26.988500118255615,-0.2562870512903746,0.34137001360254227,0.5,0.4365480054410169
2020-10-09,0.15,0.34,0.79,25.0,88.32966328284414,88.42492129140551,86.69296710938896,87.63687896728516,13689100.0,0.0,-0.005698470808191414,0.26180784597084733,0.0,86.55785675048828,83.82196922302246,-0.1257998595057156,0.12857142857142878,0.64,0.45,0.19000000000000003,-0.05159334517683911,26.895000076293947,-0.3525658376568957,0.3934174936649818,0.5,0.45736699746599274
2020-10-12,0.14,0.325,0.765,25.06999969482422,87.55026558826357,89.1956230632331,87.33377135752757,88.71067810058594,16058000.0,0.0,0.012252822623927795,0.26079871244238373,0.0,87.14672393798828,83.86146354675293,0.17305009094827262,-0.019230769230769273,0.625,0.44,0.185,0.00279998779296875,26.85600004196167,-0.4021798844657547,0.39073859213140183,0.5,0.45629543685256074
2020-10-13,0.13,0.31,0.74,26.06999969482422,89.1956406768616,89.38615669463158,86.82286528936496,87.2731704711914,21697300.0,0.0,-0.01620444866585946,0.2413903166091816,0.0,87.62474822998047,83.96593437194824,0.3511832108606303,-0.02631578947368418,0.61,0.43,0.18,0.03988831320993014,26.880000019073485,-0.4126747274505186,0.35246840337833574,0.5,0.4409873613513343
2020-10-14,0.13,0.3,0.73,26.399999618530277,87.48964719903985,88.26902774867001,86.68428839890196,86.7882080078125,15204100.0,0.0,-0.005556833340195744,0.2423245913246348,0.0,87.70961456298828,84.02813873291015,-0.29926304194531117,-0.09876543209876554,0.6,0.43,0.16999999999999998,0.01265822506977532,26.897999954223632,-0.41003780780319093,0.3398392440096073,0.5,0.4359356976038429
2020-10-15,0.12,0.32,0.74,26.96999931335449,85.81830411751538,88.13912232907842,85.7663476209565,88.08716583251953,17171200.0,0.0,0.014966985199073468,0.24271947417556677,0.0,87.6992202758789,84.20419769287109,0.12937957524615062,-0.05128205128205132,0.62,0.42,0.2,0.02159089784320023,26.923499965667723,-0.3864360205959465,0.3180252480994945,0.5,0.4272100992397978
2020-10-16,0.12,0.32,0.76,27.40999984741211,87.81872284303157,88.61542002572669,87.22119665257043,87.90531921386719,13275000.0,0.0,-0.00206439402305314,0.24270404994448397,0.0,87.7529083251953,84.38017387390137,-0.22690318673127097,-0.03797468354430378,0.64,0.44,0.2,0.01631444365071788,27.002499961853026,-0.355801424309619,0.30118634460965954,0.5,0.4204745378438638
2020-10-19,0.13,0.34,0.78,29.18000030517578,87.98327730914899,88.21709484000885,86.21668312649771,86.42452239990234,11725700.0,0.0,-0.016845360749582983,0.22149771202472657,0.0,87.2956771850586,84.61252861022949,-0.11670809792843695,0.019607843137254832,0.65,0.44,0.21000000000000002,0.06457498969781228,27.07249994277954,-0.2507378734452131,0.23344809299803027,0.5,0.3933792371992121
2020-10-20,0.13,0.34,0.81,29.350000381469727,86.86616584557996,88.13049169238417,86.70163467967728,86.91812896728516,11257100.0,0.0,0.0057114179364370354,0.2155703249149358,0.0,87.22466888427735,84.9141803741455,-0.03996349898087104,0.09459459459459474,0.68,0.47000000000000003,0.21000000000000002,0.005825910709938986,27.196999931335448,-0.19145781904116235,0.22694215799022532,0.5,0.3907768631960901
2020-10-21,0.13,0.36,0.83,28.649999618530277,86.90947009715615,87.45503334072166,86.017514661076,86.05215454101562,10730500.0,0.0,-0.009963104780999932,0.20893491474883957,0.0,87.07745819091797,85.2381721496582,-0.046779365911291504,0.1369863013698629,0.7,0.47,0.22999999999999998,-0.02385011086341926,27.20049991607666,-0.08201566630833387,0.2537313193152083,0.5,0.40149252772608335
2020-10-22,0.13,0.38,0.87,28.11000061035156,86.0088442569213,89.40347286179636,86.00018263610045,89.09172058105469,14837200.0,0.0,0.03532236997727112,0.23554294164892106,0.0,87.278369140625,85.71757354736329,0.3827128279204137,0.17567567567567566,0.74,0.49,0.25,-0.018848133171682768,27.180499935150145,0.08408607763751677,0.2743971832846763,0.5,0.4097588733138705
2020-10-23,0.12,0.37,0.85,27.549999237060547,89.62861347124304,90.45128892315472,89.13500687872008,89.89706420898438,15087600.0,0.0,0.009039488997151013,0.23559440878777346,0.0,87.67671813964844,86.20249214172364,0.016876499609090656,0.11842105263157898,0.73,0.48,0.25,-0.01992178445861681,27.238999938964845,0.03325178955640204,0.2958285415424998,0.5,0.4183314166169999
2020-10-26,0.12,0.35,0.81,32.459999084472656,88.89253951865194,88.93583440410852,86.81419341721296,87.6715087890625,12410700.0,0.0,-0.024756708570016328,0.24294965840180355,0.0,87.92611541748047,86.46073112487792,-0.17742384474667938,0.03846153846153855,0.6900000000000001,0.4600000000000001,0.22999999999999998,0.17822141500487332,27.552499866485597,0.05699479085921499,0.107921920604512,0.5,0.3431687682418048
2020-10-27,0.12,0.34,0.79,33.349998474121094,87.03935501277253,87.39440216715352,85.87028731843039,86.01750183105469,10391700.0,0.0,-0.018865957491245533,0.25219984332737816,0.0,87.74598999023438,86.6710189819336,-0.16268220164857738,-0.024691358024691357,0.67,0.45,0.22000000000000003,0.02741834302990398,27.906499767303465,-0.07595595576931755,0.07386147597255255,0.5,0.329544590389021
2020-10-28,0.12,0.34,0.79,32.71999867757162,84.43276234578512,85.12554662829763,83.19441490043837,83.60142517089844,16389500.0,0.0,-0.02808819843317023,0.27298603754638523,0.0,87.25584411621094,86.72103385925293,0.5771721662480633,-0.04819277108433728,0.67,0.45,0.22000000000000003,-0.018890549486481834,28.223999659220375,-0.3364102034341432,0.09797168710089432,0.5,0.33918867484035775
2020-10-29,0.12,0.38,0.85,32.08999888102213,83.23771598150633,84.84843381448493,82.47565195315828,84.14698791503906,14208800.0,0.0,0.00652575889735596,0.27276234106043973,0.0,86.26689758300782,86.76829681396484,-0.13305469965526706,-0.02298850574712641,0.73,0.47,0.26,-0.019254273288871637,28.493499565124512,-0.5281030384502815,0.12208189822923643,0.5,0.34883275929169455
2020-10-30,0.13,0.38,0.88,31.459999084472656,84.78780836789743,85.22945186597667,83.33296679292587,84.90038299560547,15194500.0,0.0,0.00895332202891308,0.2725407663895861,0.0,85.26756134033204,86.81376113891602,0.06937250154833619,0.03529411764705892,0.75,0.5,0.25,-0.01963227854526528,28.684999561309816,-0.6338979635263912,0.1461921093575782,0.5,0.3584768437430313
2020-11-02,0.13,0.38,0.87,30.829999287923176,86.06946054547956,87.35976453115316,84.74451668414535,86.81420135498047,15011600.0,0.0,0.02254192845601244,0.2739822276575653,0.0,85.09609985351562,86.86615409851075,-0.012037250320839799,0.07407407407407396,0.74,0.49,0.25,-0.020025423232145623,28.828499571482336,-0.6430607540825714,0.1703023204859201,0.5,0.36812092819436804
2020-11-03,0.14,0.39,0.9,30.1999994913737,89.21293736900353,90.70241869473918,88.92717001311007,89.55067443847656,17482600.0,0.0,0.03152103043955612,0.2912853414804773,0.0,85.802734375,87.09953536987305,0.16460603799728202,0.139240506329114,0.76,0.51,0.25,-0.020434635455741423,28.86449956893921,-0.5681145227357136,0.19441253161426186,0.5,0.3777650126457047
2020-11-04,0.12,0.33,0.78,29.56999969482422,87.46368415813494,88.39027935969341,85.67111188570384,86.81420135498047,18886500.0,0.0,-0.030557816573186347,0.30867972004512245,0.0,86.4452896118164,87.1220516204834,0.08030270097125136,-0.012658227848101222,0.66,0.45,0.21000000000000002,-0.02086092076688384,28.9399995803833,-0.5812800452267072,0.21852274274260386,0.5,0.3874090970970415
2020-11-05,0.12,0.33,0.79,27.57999992370605,87.51563514131313,91.0141830795205,87.4636786345438,90.3647003173828,17837400.0,0.0,0.04089767465445493,0.3336940526011972,0.0,87.68883209228515,87.23332977294922,-0.055547613374632654,-0.07058823529411762,0.67,0.46,0.21000000000000002,-0.06729793005261642,29.000999546051027,-0.5684814076058975,0.2946804096018546,0.5,0.41787216384074183
2020-11-06,0.12,0.36,0.83,24.86000061035156,90.9535443483566,91.014162461482,88.66736607208534,89.16097259521484,12552800.0,0.0,-0.01332077368640816,0.3369428212158679,0.0,88.54095001220703,87.30953445434571,-0.29626515075066995,-0.05681818181818188,0.71,0.47,0.24,-0.09862216536906332,28.993999576568605,-0.6211264585951414,0.3987752967321416,0.5,0.45951011869285663
2020-11-09,0.12,0.44,0.96,25.75,97.99396707375948,102.96467353772564,95.56056704762446,101.23271942138672,16546050.0,0.0,0.13539272256457813,0.5840376846726087,0.0,91.42465362548828,87.93563652038574,0.31811627684659993,0.10344827586206895,0.84,0.52,0.32,0.035800457272629815,29.027999591827392,-0.5556288988521048,0.3647148521001822,0.5,0.4458859408400728
2020-11-10,0.12,0.46,0.98,24.799999237060547,101.62239558472504,101.70899195990305,99.3189002919666,100.90363311767578,20539300.0,0.0,-0.003250789918436303,0.5789309472154649,0.0,93.69524536132812,88.61715965270996,0.2413415890801731,0.0888888888888888,0.86,0.52,0.34,-0.03689323351221174,28.96449956893921,-0.6624963138036586,0.40107156061343185,0.5,0.46042862424537273
2020-11-11,0.125,0.43000000000000005,0.9299999999999999,23.450000762939453,101.2240550277732,101.28467315590918,98.68674205257297,99.39684295654295,14443400.0,0.0,-0.014932962417473883,0.58276126788717,0.0,96.21177368164061,89.24759140014649,-0.29679200362232405,0.1923076923076923,0.8049999999999999,0.4999999999999999,0.30500000000000005,-0.054435424018226874,28.816999626159667,-0.766245535334481,0.45273625703439757,0.5,0.48109450281375904
2020-11-12,0.13,0.4,0.88,25.350000381469727,97.44839524784152,98.6867426792372,97.04138498196676,98.17581939697266,22063000.0,0.0,-0.012284329393682403,0.5860939153333184,0.0,97.7739974975586,89.75202407836915,0.5275489150753978,0.11392405063291133,0.75,0.48,0.27,0.08102343525434108,28.73599967956543,-0.8026581255582872,0.38002291300249025,0.5,0.4520091652009961
2020-11-13,0.12,0.41,0.89,23.100000381469727,99.32754320952084,99.46610267843715,98.34899173609614,98.79064178466795,11847900.0,0.0,0.006262462503208388,0.5853098978554152,0.0,99.69993133544922,90.29629020690918,-0.4629968725921225,0.07228915662650603,0.77,0.48000000000000004,0.29,-0.08875739511407266,28.52049970626831,-0.8412275732341105,0.4661308376968891,0.5,0.4864523350787556
2020-11-16,0.12,0.41,0.91,22.450000762939453,102.0034360905535,102.71353699738056,100.21952550662029,101.57910919189452,19858600.0,0.0,0.028226027859040936,0.5833645631854836,0.0,99.76920928955079,91.05401954650878,0.6761282590163658,-0.05208333333333326,0.79,0.5,0.29,-0.028138511160012314,28.183999729156493,-0.8687067701424624,0.4910064457874638,0.5,0.4964025783149855
2020-11-17,0.12,0.39,0.87,22.709999084472656,99.92508710665268,100.83436561401146,99.22364783958638,100.54859161376952,14553200.0,0.0,-0.010144975539982726,0.587151650011912,0.0,99.69820098876953,91.73554267883301,-0.2671588128065423,-0.11224489795918369,0.75,0.48,0.27,0.011581216601222133,27.85199966430664,-0.8830705787303916,0.4810562609469077,0.5,0.49242250437876306
2020-11-18,0.11,0.4,0.88,23.84000015258789,101.6137525429646,102.71354719012604,99.76056202644494,99.80386352539062,12571200.0,0.0,-0.007406648630540413,0.586187935944817,0.0,99.77960510253907,92.42312812805176,-0.1361899788362697,-0.053763440860215006,0.77,0.48,0.29000000000000004,0.04975786497886037,27.61149969100952,-0.8987756768157573,0.43781090677897117,0.5,0.4751243627115885
2020-11-19,0.11,0.39,0.86,23.11000061035156,98.8772352306176,100.2974367106923,98.3403272147342,100.07228088378906,10202500.0,0.0,0.0026894485736030926,0.5774335497465404,0.0,100.15889739990234,92.97215614318847,-0.1884227440498918,-0.022727272727272707,0.75,0.47,0.28,-0.030620785971643083,27.36149969100952,-0.9078918981523622,0.46574812705000757,0.5,0.486299250820003
2020-11-20,0.11,0.38,0.83,23.700000762939453,99.0937448319858,100.15023779132032,98.79930922693325,99.21498107910156,12718900.0,0.0,-0.0085668058838696,0.5797523979919765,0.0,100.24376525878907,93.43805198669433,0.2466454300416565,-0.0674157303370787,0.72,0.44999999999999996,0.27,0.02553007948963959,27.168999767303468,-0.9153850829815405,0.443168709846131,0.5,0.4772674839384524
2020-11-23,0.1,0.39,0.86,22.65999984741211,100.4966303041643,102.33249725751205,100.08095845032558,102.0727081298828,13209200.0,0.0,0.028803382510377507,0.573769729903216,0.0,100.34248504638671,94.15811195373536,0.03854893111825719,-0.05494505494505497,0.76,0.47,0.29000000000000004,-0.043881893757304447,26.678999805450438,-0.9224338607533882,0.4829697411867241,0.5,0.49318789647468964
2020-11-24,0.11,0.39,0.88,21.63999938964844,103.9778568879945,106.94815822691189,103.66610464315512,106.7922821044922,20121600.0,0.0,0.0462373739374482,0.5795174143603925,0.0,101.59122314453126,95.19685096740723,0.5233019410713744,0.011494252873563315,0.77,0.49,0.28,-0.04501325969250425,26.093499851226806,-0.9274114688056685,0.5220053512335536,0.5,0.5088021404934214
2020-11-25,0.11,0.39,0.88,21.25,105.10360675694731,105.9782385693467,104.3242263143668,105.6751480102539,11715600.0,0.0,-0.01046081301217272,0.5667947387229608,0.0,102.7654800415039,96.300537109375,-0.4177600190839694,0.0,0.77,0.49,0.28,-0.01802215344955127,25.519999917348223,-0.9227136844785222,0.5369307014889801,0.5,0.5147722805955921
2020-11-27,0.11,0.37,0.84,20.84000015258789,105.64916995561836,105.95226051526284,104.85247288258752,104.97370910644533,5983600.0,0.0,-0.006637690289683973,0.5705045489076074,0.0,103.74576568603516,97.34187316894531,-0.4892621803407422,-0.023255813953488413,0.73,0.47,0.26,-0.01929411046645224,24.957499980926514,-0.914008934068361,0.5526214730381699,0.5,0.521048589215268
2020-11-30,0.11,0.36,0.84,20.56999969482422,103.91724113113608,104.54074563502374,101.98610949308848,102.08136749267578,14411800.0,0.0,-0.027553009590588595,0.5873036585536906,0.0,104.31904296875,98.20092239379883,1.4085500367671635,0.012048192771084265,0.73,0.48,0.25,-0.01295587599744541,24.41300001144409,-0.887162442563034,0.5629544415201999,0.5,0.52518177660808
2020-12-01,0.12,0.42,0.92,20.770000457763672,104.21166248280552,105.28547865251528,103.59681964413352,103.69207763671876,12668900.0,0.0,0.015778688938101748,0.5858575201484937,0.0,104.64291687011719,99.04481620788575,-0.1209356221984762,0.06976744186046524,0.8,0.5,0.3,0.009722934657591553,23.910000069936114,-0.8635605500956676,0.5553003745717497,0.5,0.5221201498286999
2020-12-02,0.11,0.42,0.95,21.170000076293945,103.65741826557787,105.91761819739249,103.285047984673,105.68380737304688,10811300.0,0.0,0.019208118708027522,0.5813416992819793,0.0,104.42122192382813,99.85147285461426,-0.14662677896265663,0.07954545454545459,0.84,0.53,0.31,0.019258527188946495,23.458500099182128,-0.8505360009330625,0.5399923136694418,0.5,0.5159969254677768
2020-12-03,0.1,0.4,0.92,21.280000686645508,105.51928955646947,105.5539294271376,104.22898575676108,104.99104309082033,12904400.0,0.0,-0.006555065524666448,0.5657582426364853,0.0,104.28440093994143,100.76031494140625,0.19360298946472665,0.045454545454545414,0.8200000000000001,0.52,0.30000000000000004,0.005196060933166491,23.044000148773193,-0.7833189364741202,0.5357825695483349,0.5,0.514313027819334
2020-12-04,0.11,0.42,0.97,20.790000915527344,106.06486162789808,106.76630085566175,105.380739032415,105.94361877441406,13583700.0,0.0,0.009072923323275583,0.5539501668852729,0.0,104.47838287353515,101.53926086425781,0.052640959672669796,0.15476190476190488,0.86,0.55,0.31,-0.023026304290754473,22.704500198364258,-0.7124495044942348,0.5545349532779864,0.5,0.5218139813111946
2020-12-07,0.1,0.4,0.94,21.299999237060547,104.9131133263112,105.79640694627558,104.0990928440977,105.54527282714844,9724300.0,0.0,-0.0037599805620556204,0.5499740426370844,0.0,105.1711639404297,102.3584758758545,-0.28411993786670786,0.11904761904761907,0.84,0.5399999999999999,0.30000000000000004,0.024530942716423976,22.526500129699706,-0.7622439106267311,0.5350172212491637,0.5,0.5140068884996655
2020-12-08,0.1,0.39,0.92,20.68000030517578,104.81787083096768,105.9349821025542,104.57539829577952,105.64920806884766,9592100.0,0.0,0.000984745587511382,0.2819286336349153,0.0,105.56259002685547,102.57930030822754,-0.013594808880844855,0.0,0.8200000000000001,0.53,0.29000000000000004,-0.029107932117012014,22.273000144958495,-0.8307766948027911,0.558744697399093,0.5,0.5234978789596372
2020-12-09,0.1,0.41,0.95,22.270000457763672,106.6623976776661,106.77497892891826,104.29828389770408,104.82653045654295,13073900.0,0.0,-0.0077868791195159215,0.2835651109522589,0.0,105.3911346435547,102.7754451751709,0.36298620739983956,0.0,0.85,0.54,0.30999999999999994,0.07688588632128535,22.146500205993654,-0.8412658774480527,0.4978950914421505,0.5,0.4991580365768602
2020-12-10,0.1,0.39,0.92,22.520000457763672,103.90855903638032,104.5926815318492,103.53618873142582,104.15103149414062,13668400.0,0.0,-0.006443969474715816,0.27837197106103906,0.0,105.22313232421875,103.01315460205078,0.04547227682634869,0.0,0.8200000000000001,0.53,0.29000000000000004,0.011225864160808507,22.100000190734864,-0.8177396936508726,0.4883275442538839,0.5,0.4953310177015536
2020-12-11,0.1,0.37,0.9,23.309999465942383,102.9993303586348,103.9345807140987,102.50572361854375,103.5362319946289,9981600.0,0.0,-0.005902961215955904,0.27478045161443565,0.0,104.74165496826171,103.28117523193359,-0.26973164379151915,-0.07216494845360821,0.8,0.53,0.27,0.03507988419717645,21.998000144958496,-0.7437364066784917,0.45809413309614955,0.5,0.4832376532384598
2020-12-14,0.1,0.37,0.9,24.71999931335449,105.07764793230255,105.14692767922207,102.28054587095028,102.44508361816406,12112400.0,0.0,-0.010538807096258318,0.27842218162473276,0.0,104.12161712646484,103.46389732360839,0.21347278993347762,-0.04255319148936165,0.8,0.53,0.27,0.060489055328903696,22.079000091552736,-0.6775543629767824,0.4041331727938936,0.5,0.46165326911755744
2020-12-15,0.09,0.37,0.92,22.88999938964844,103.30239595348644,104.69661943625484,102.72219295570534,104.19435119628906,12590200.0,0.0,0.01707517351096044,0.26705242073349683,0.0,103.83064575195313,103.59465942382812,0.03944717809847753,0.0,0.8300000000000001,0.55,0.28,-0.07402912518356852,22.101000022888183,-0.6598346203327934,0.47416761529222085,0.5,0.4896670461168883
2020-12-16,0.09,0.37,0.92,22.5,104.1770444937154,104.85250555335388,103.7960124675067,104.49745178222656,11169400.0,0.0,0.002908992497745899,0.26356174556668527,0.0,103.76483001708985,103.79210243225097,-0.11284967673269686,-0.03157894736842093,0.8300000000000001,0.55,0.28,-0.017037981653455603,22.09050006866455,-0.6510680376956987,0.48909296554764736,0.5,0.49563718621905895
2020-12-17,0.09,0.38,0.94,21.93000030517578,105.00837664159565,105.17290778482672,103.55353496506574,103.6314697265625,11618000.0,0.0,-0.008287111703630612,0.26399923558669924,0.0,103.66091766357422,103.98348274230958,0.04016330331083129,0.021739130434782483,0.85,0.5599999999999999,0.29000000000000004,-0.025333319769965224,21.995000076293945,-0.5949868834872778,0.5109069614577604,0.5,0.5043627845831041
2020-12-18,0.09,0.39,0.95,21.56999969482422,103.17250094024254,103.81332208080546,102.41909855943352,103.12054443359376,11674733.333333334,0.0,-0.004930213711306419,0.26512351138208967,0.0,103.5777801513672,104.13589591979981,0.004883227176220917,0.05555555555555558,0.86,0.5599999999999999,0.30000000000000004,-0.016415896276417152,21.91800003051758,-0.5515422241271707,0.5246842527671336,0.5,0.5098737011068535
2020-12-21,0.09,0.39,0.95,25.15999984741211,106.66238721384208,108.24712673489216,104.8611534393222,106.99146270751952,11731466.666666666,0.0,0.03753779904079635,0.2908609803767631,0.0,104.48705596923828,104.5247200012207,0.004859497147686298,0.05555555555555558,0.86,0.5599999999999999,0.30000000000000004,0.16643487266480217,21.99099998474121,-0.0966424844526472,0.38729426930405864,0.5,0.45491770772162343
2020-12-22,0.09,0.37,0.93,24.229999542236328,106.85288458155765,106.96545919525484,105.31144682274136,105.3634033203125,11788200.0,0.0,-0.01521672240015648,0.2828080191889294,0.0,104.72086639404297,104.68925476074219,0.0048359966358284545,0.010869565217391353,0.8400000000000001,0.56,0.28,-0.03696344637583293,22.069499969482422,-0.004705642546057737,0.42288555652354487,0.5,0.46915422260941797
2020-12-23,0.09,0.38,0.96,23.309999465942383,106.3246437161052,109.56339550237206,105.95227338135862,108.30773162841795,14973200.0,0.0,0.02794450649201674,0.25020592629272786,0.0,105.48292236328125,104.76502723693848,0.2701854396769652,0.04347826086956519,0.87,0.58,0.29000000000000004,-0.03796946321399031,22.15299997329712,0.1282886028878617,0.45809413309614955,0.5,0.4832376532384598
2020-12-24,0.1,0.37,0.94,21.530000686645508,108.3250427052436,108.7233978765857,107.00876077949124,107.83143615722656,4164900.0,0.0,-0.004397612839178167,0.2474905372085473,0.0,106.32291564941406,104.8728416442871,-0.7218430262068228,0.0,0.84,0.57,0.27,-0.07636202574339757,22.167000007629394,0.09208988227731428,0.5262150223600683,0.5,0.5104860089440273
2020-12-28,0.11,0.38,0.94,21.700000762939453,108.95722153307727,109.6759840000812,108.06526631572828,108.5415496826172,8072600.0,0.0,0.0065854035770722685,0.24643827116091396,0.0,107.40711669921875,105.05123367309571,0.9382458162260798,-0.010526315789473717,0.83,0.5599999999999999,0.27,0.007895962418588809,22.210000038146973,0.04751198205082211,0.5197090873522634,0.5,0.5078836349409054
2020-12-29,0.11,0.37,0.94,23.07999992370605,109.2862834826687,109.35556322117266,108.1518558439042,108.25577545166016,8389200.0,0.0,-0.0026328556372436918,0.2217255303607741,0.0,107.65997924804688,105.35995407104492,0.03921908678740427,-0.010526315789473717,0.83,0.57,0.26,0.0635944291358479,22.335500049591065,-0.013322007285877385,0.4668962589906528,0.5,0.4867585035962611
2020-12-30,0.12,0.37,0.93,22.770000457763672,108.67144303055888,108.98319525372216,108.16051981346772,108.55886840820312,7398000.0,0.0,0.002799785556737433,0.21655557067511708,0.0,108.299072265625,105.60329360961914,-0.11815190959805466,0.0,0.81,0.56,0.25,-0.013431519365993183,22.435500049591063,-0.05030380243089125,0.47875999706561734,0.5,0.49150399882624696
2020-12-31,0.1,0.36,0.93,22.75,108.32505088380172,110.26484396183136,108.09124001998477,110.03968811035156,8580200.0,0.0,0.01364070687049046,0.2116651173451099,0.0,108.64546356201171,105.82108764648437,0.15979994593133284,-0.03124999999999989,0.8300000000000001,0.5700000000000001,0.26,-0.0008783687905835613,22.514500045776366,-0.02303688242485424,0.4795254183593808,0.5,0.4918101673437523
2021-01-04,0.1,0.36,0.93,26.96999931335449,110.41208200395768,110.72383429346053,108.05662319743897,109.00054168701172,16819900.0,0.0,-0.009443378486294396,0.21347301824192025,0.0,108.87928466796875,106.02156257629395,0.9603156103587329,-0.010638297872340274,0.8300000000000001,0.5700000000000001,0.26,0.18549447531228513,22.798999977111816,0.16313484173589857,0.3180252480994945,0.5,0.4272100992397978
2021-01-05,0.1,0.38,0.96,25.34000015258789,109.01796382384546,110.1605680372547,107.9538622859878,109.5936279296875,13731200.0,0.0,0.00544113114941025,0.21225391194284135,0.0,109.0897003173828,106.20406303405761,-0.18363367201945313,0.02127659574468077,0.86,0.58,0.28,-0.06043749359531825,23.026499938964843,0.264627022664472,0.3804056236493719,0.5,0.45216224945974876
2021-01-06,0.11,0.43,1.04,25.06999969482422,113.28308262291291,115.80377886043698,111.53864913808526,114.73967742919922,17835800.0,0.0,0.04695573635734829,0.2645912607290913,0.0,110.38648071289063,106.66378326416016,0.29892507573992066,0.1063829787234043,0.93,0.6100000000000001,0.32,-0.010655108766291721,23.214999961853028,0.36534364982278356,0.39073859213140183,0.5,0.45629543685256074
2021-01-07,0.11,0.46,1.08,22.3700008392334,118.35066784929406,120.53120189233088,117.6790596375401,118.50765991210938,21940400.0,0.0,0.032839402788413796,0.2828078008976921,0.0,112.37623901367188,107.30670585632325,0.23013265454871656,0.16129032258064524,0.9700000000000001,0.6200000000000001,0.35000000000000003,-0.10769840001825937,23.299499988555908,0.17512589927859712,0.4940680579679254,0.5,0.4976272231871702
2021-01-08,0.1,0.49,1.13,21.559999465942383,118.5948830575821,118.92632848108629,116.98128259032814,118.63849639892578,12035100.0,0.0,0.0011040340085479716,0.2788306970349123,0.0,114.09600067138672,107.99730415344239,-0.451463966017028,0.21505376344086002,1.0299999999999998,0.6399999999999999,0.39,-0.03620926879315989,23.263999938964844,-0.014340244927861751,0.5250669634140155,0.5,0.5100267853656062
2021-01-11,0.1,0.5,1.15,24.07999992370605,117.38249849087649,120.53990721133162,116.97255706697048,120.4090805053711,15937900.0,0.0,0.01492419543561696,0.276128105996055,0.0,116.3777084350586,108.81020660400391,0.32428480029247786,0.23655913978494603,1.0499999999999998,0.6499999999999999,0.4,0.11688314101048247,23.34199991226196,0.026280973247167334,0.4286260702375865,0.5,0.47145042809503457
2021-01-12,0.11,0.5,1.15,23.32999992370605,121.6214172857941,123.55773175876294,121.08936667279062,122.30174255371094,18033500.0,0.0,0.01571859896609218,0.27293894226687704,0.0,118.91933135986328,109.74848213195801,0.13148532742707641,0.19791666666666652,1.0399999999999998,0.6499999999999999,0.39,-0.03114617950067544,23.342999935150146,0.021483150203002708,0.4573287118023862,0.5,0.4829314847209545
2021-01-13,0.12,0.48,1.1,22.209999084472656,120.88004189946584,122.79890855874366,120.45266588657402,122.41514587402344,14816800.0,0.0,0.0009272420649502067,0.2652565970983756,0.0,120.45442504882813,110.74698524475097,-0.17837358249923752,0.05769230769230771,0.9800000000000001,0.6200000000000001,0.36,-0.048006894251865884,23.217499923706054,0.010584807456759224,0.5001913553234407,0.5,0.5000765421293762
2021-01-14,0.1,0.49,1.15,23.25,122.53728752154213,124.50848537087764,122.10989808702536,123.13038635253906,18565600.0,0.0,0.005842744975786518,0.2637555755770197,0.0,121.37897033691407,111.69378700256348,0.2530100966470492,0.06481481481481466,1.0499999999999998,0.6599999999999999,0.39,0.046825797316417894,23.235499954223634,-0.0008647898112554535,0.4603903239828476,0.5,0.48415612959313903
2021-01-15,0.1,0.46,1.11,24.34000015258789,119.86829894015384,123.54904109841344,119.50197085492847,120.9236831665039,19204700.0,0.0,-0.0179216784045253,0.2795191900177937,0.0,121.83600769042968,112.51509857177734,0.034423880725643174,-0.017699115044247593,1.01,0.6500000000000001,0.36,0.046881726993027506,23.32749996185303,0.016541529995237874,0.4186758124024381,0.5,0.46747032496097524
2021-01-19,0.1,0.45,1.1,23.239999771118164,121.98778752588562,122.72044371308672,120.2084777414083,120.40035247802734,19843800.0,0.0,-0.004327776617223722,0.27689965225655583,0.0,121.83426208496094,113.35354270935059,0.03327831207985543,-0.04347826086956508,1.0,0.6500000000000001,0.35,-0.04519311317065755,23.392999935150147,-0.05872865872663287,0.4607730346297294,0.5,0.48430921385189174
2021-01-20,0.1,0.45,1.1,21.57999992370605,120.20846409808344,120.51373082030904,118.1325918276968,118.59486389160156,16028800.0,0.0,-0.014995708478139802,0.2851563078836167,0.0,121.09288635253907,114.12725868225098,-0.19225148409074877,-0.04347826086956508,1.0,0.6500000000000001,0.35,-0.07142856556630006,23.39349994659424,-0.22139762573067254,0.5243015421202522,0.5,0.5097206168481009
2021-01-21,0.1,0.45,1.12,21.31999969482422,118.35066728892642,118.76060875179024,117.15573889785554,117.6005630493164,13411700.0,0.0,-0.008384012676923125,0.26624894938389937,0.0,120.12996978759766,114.65771369934082,-0.1632748552605311,0.0181818181818183,1.02,0.6700000000000002,0.35,-0.01204820341988122,23.201499938964844,-0.1837945286362283,0.5342517999554002,0.5,0.51370071998216
2021-01-22,0.1,0.44,1.1,21.90999984741211,115.73400882600497,117.22548642426482,115.30661942946256,116.69343566894533,12933200.0,0.0,-0.007713631268845833,0.2599999087455893,0.0,118.8425796508789,115.22421531677246,-0.035677803708702105,-0.04347826086956508,1.0,0.6600000000000001,0.33999999999999997,0.02767355351938039,23.085499954223632,-0.14466267986236395,0.5116723827515237,0.5,0.5046689531006094
2021-01-25,0.1,0.42,1.05,23.190000534057617,115.25430255141536,116.15268147895432,113.44009669814476,115.23685455322266,14212800.0,0.0,-0.012482116987753589,0.25268635303688597,0.0,117.70521392822266,115.5706714630127,0.09893916432128158,-0.05405405405405406,0.9500000000000001,0.6300000000000001,0.31999999999999995,0.05842084416064908,23.079500007629395,-0.1406129847084123,0.4626865148695458,0.5,0.4850746059478183
2021-01-26,0.09,0.42,1.05,23.020000457763672,115.78632668489418,116.15265470897371,114.55650261974998,114.76583862304688,11307800.0,0.0,-0.004087372325476291,0.25256461215480613,0.0,116.57831115722657,115.91739158630371,-0.20439322301024432,-0.045454545454545525,0.9600000000000001,0.6300000000000001,0.32999999999999996,-0.007330749132337333,23.153999996185302,-0.24087908827785026,0.46919244987735076,0.5,0.4876769799509403
2021-01-27,0.09,0.41,1.04,26.614999771118164,113.03013522453246,113.25691923409184,111.07637900414969,111.52120971679688,17603900.0,0.0,-0.02827173090162416,0.2756890033654326,0.0,115.16358032226563,116.06637458801269,0.5567926563964698,-0.054545454545454564,0.9500000000000001,0.6300000000000001,0.31999999999999995,0.15616851615404936,23.399749946594238,-0.40143257219384065,0.33161114758813093,0.5,0.4326444590352524
2021-01-28,0.08,0.42,1.07,30.209999084472656,113.3005176807772,115.28044586624236,112.50681358513378,113.4836883544922,13761800.0,0.0,0.017597357871914632,0.2809716788987052,0.0,114.34020538330078,116.3277702331543,-0.21825277353313755,-0.044642857142857206,0.9900000000000001,0.6500000000000001,0.33999999999999997,0.1350741816370662,23.75624990463257,-0.41957745278824393,0.19402984529891099,0.5,0.3776119381195644
2021-01-29,0.1,0.45,1.11,33.09000015258789,114.42568860595634,114.88796068578534,111.80904816514844,112.22770690917967,14808100.0,0.0,-0.011067506383729664,0.2850628333989353,0.0,113.44705963134766,116.51121215820312,0.07602929849292961,0.009090909090909038,1.01,0.6600000000000001,0.35,0.0953327095463401,24.27224988937378,-0.5092576058995057,0.08381166081310865,0.5,0.33352466432524347
2021-02-01,0.08,0.42,1.09,30.239999771118164,112.86442452131465,113.44881929341398,112.06198967744794,113.05631256103516,11080700.0,0.0,0.007383253874428952,0.28247342201202413,0.0,113.01095123291016,116.6620433807373,-0.25171358918429776,0.03809523809523818,1.01,0.6700000000000002,0.33999999999999997,-0.08612875093162653,24.646749877929686,-0.6075173923995293,0.19288171335826587,0.5,0.37715268534330637
2021-02-02,0.08,0.45,1.12,25.559999465942383,115.07986574593548,117.21678642703728,114.45187088249575,116.53646087646484,12253600.0,0.0,0.030782432547062477,0.2974901245785105,0.0,113.36507568359374,117.03883934020996,0.10585071340258279,0.06666666666666665,1.04,0.6700000000000002,0.37,-0.15476191602506528,24.576249885559083,-0.6006729368272444,0.37198620840175056,0.5,0.4487944833607002
2021-02-03,0.08,0.46,1.15,22.90999984741211,116.57134569858532,118.41171698033808,116.44923632339945,117.8709487915039,10600800.0,0.0,0.011451248004293646,0.29876891283575346,0.0,114.63502349853516,117.45270538330078,-0.134882809949729,0.10576923076923062,1.0699999999999998,0.69,0.38,-0.1036776085250426,24.454749870300294,-0.6438691769960102,0.4734021939984575,0.5,0.489360877599383
2021-02-04,0.07,0.46,1.15,21.770000457763672,118.158751512268,120.94111441476456,118.158751512268,120.58350372314452,12419500.0,0.0,0.023012921839109968,0.2628417806171852,0.0,116.05498657226562,117.74489669799804,0.17156252358312574,0.0747663551401867,1.0799999999999998,0.69,0.39,-0.049759903851645415,24.289749908447266,-0.6593072648112144,0.5170301858186835,0.5,0.5068120743274734
2021-02-05,0.06,0.47,1.19,20.8700008392334,121.57784676628552,121.6650734452593,119.82470231386276,120.3480224609375,10051300.0,0.0,-0.0019528480674079196,0.23758192701333383,0.0,117.67904968261719,117.83691482543945,-0.19068400499214944,0.072072072072072,1.13,0.72,0.41,-0.0413412769685686,24.214749908447267,-0.6710888329589587,0.5514733410975248,0.5,0.52058933643901
2021-02-08,0.07,0.48,1.19,21.239999771118164,120.53990589871856,122.37155961575382,120.5224579018064,122.23200225830078,10136400.0,0.0,0.015654430865075453,0.24331133105121414,0.0,119.51418762207031,118.0165901184082,0.00846656651378419,0.09174311926605494,1.1199999999999999,0.71,0.41,0.017728745424351322,24.198749923706053,-0.6906300317584569,0.5373134121358618,0.5,0.5149253648543447
2021-02-09,0.07,0.48,1.18,21.6299991607666,121.6127131606884,122.09243321293326,120.83644373393612,121.7435531616211,8614800.0,0.0,-0.003996081939715679,0.2388010785419629,0.0,120.55560607910157,118.0833137512207,-0.15011246596424765,0.05357142857142838,1.1099999999999999,0.7,0.41,0.01836155338281853,24.076249885559083,-0.7079319126406739,0.5223880618804355,0.5,0.5089552247521743
2021-02-10,0.07,0.46,1.15,21.989999771118164,122.10991156982408,122.8687331900094,121.27258060599009,121.81336212158205,10323200.0,0.0,0.0005734099108170021,0.23208998678076,0.0,121.34408874511719,118.05889472961425,0.19830988531364624,0.0,1.0799999999999998,0.69,0.39,0.016643579487721327,24.009249877929687,-0.726516199772808,0.5086107705710622,0.5,0.5034443082284249
2021-02-11,0.07,0.46,1.16,21.25,121.81334542432612,122.58961493768642,120.5573558051988,121.47318267822266,9201000.0,0.0,-0.002792628308049272,0.23224743779157722,0.0,121.52202453613282,118.01179656982421,-0.1087066026038438,0.008695652173912993,1.0899999999999999,0.7,0.39,-0.033651649787194926,23.961249923706056,-0.736747960427749,0.5369307014889801,0.5,0.5147722805955921
2021-02-12,0.06,0.5,1.2,19.96999931335449,121.28131265448224,123.51417750514284,121.23769930949253,123.20018005371094,8324600.0,0.0,0.0142171081502247,0.23703097046927474,0.0,122.0924560546875,118.01528625488281,-0.09525051624823389,0.008403361344537785,1.14,0.7,0.44,-0.06023532643037699,23.79724988937378,-0.7812733283032042,0.5859165693709583,0.5,0.5343666277483833
2021-02-16,0.08,0.57,1.3,21.459999084472656,125.20626819088656,126.75009002944726,124.20321453950332,126.16569519042967,12130600.0,0.0,0.02407070456736249,0.2414327927756161,0.0,122.87919464111329,118.2773868560791,0.4571991447036494,0.09243697478991608,1.22,0.7300000000000001,0.48999999999999994,0.07461190898097647,23.65324983596802,-0.7711654698042479,0.5288939968882405,0.5,0.5115575987552962
2021-02-17,0.07,0.57,1.29,21.5,125.55514340930344,126.8024157615632,124.83120453374012,126.55819702148438,10810100.0,0.0,0.0031110028004226464,0.24019223994705838,0.0,123.84212341308594,118.58527908325195,-0.1088569402997378,0.09322033898305104,1.22,0.7200000000000001,0.49999999999999994,0.0018639756399749796,23.56624984741211,-0.7513236301071313,0.5273631543007136,0.5,0.5109452617202854
2021-02-18,0.06,0.56,1.29,22.489999771118164,125.59874886101451,127.16000523051382,125.07541541719137,126.98556518554688,10587800.0,0.0,0.003376850920133956,0.2310138269054545,0.0,124.8765640258789,119.00481414794922,-0.020564102089712377,0.1217391304347828,1.23,0.73,0.5,0.04604650098224017,23.611749839782714,-0.723912242387311,0.48947567619452903,0.5,0.4957902704778116
2021-02-19,0.07,0.59,1.34,22.049999237060547,127.22104217920088,129.82023428506037,127.22104217920088,129.1050262451172,11969800.0,0.0,0.01669056680949077,0.23101709903358159,0.0,126.4029327392578,119.58003730773926,0.13052758835641032,0.15517241379310365,1.27,0.7500000000000001,0.52,-0.019564274723678277,23.64824981689453,-0.7145441041332843,0.506314579684364,0.5,0.5025258318737456
2021-02-22,0.06,0.61,1.37,23.450000762939453,128.1020137371397,130.99776942580252,128.03223504849342,130.31744384765625,11488400.0,0.0,0.009390940366931888,0.22668828190079945,0.0,127.82638549804688,120.2612377166748,-0.04021788166886664,0.14166666666666683,1.31,0.7600000000000001,0.55,0.0634921348897759,23.7252498626709,-0.6819106756385711,0.45273625703439757,0.5,0.48109450281375904
2021-02-23,0.08,0.59,1.37,23.11000061035156,132.14907687709675,132.84685041429984,130.47442837316328,131.3640899658203,16234400.0,0.0,0.00803151203140251,0.21640785178329253,0.0,128.866064453125,121.06759948730469,0.4131123568120887,0.05384615384615388,1.29,0.7800000000000001,0.51,-0.014498939937146349,23.721249866485596,-0.6625941940282929,0.46574812705000757,0.5,0.486299250820003
2021-02-24,0.08,0.62,1.38,21.34000015258789,130.92797816328596,134.1115523371047,130.92797816328596,133.67544555664062,15061400.0,0.0,0.017595033706865548,0.21581302014761303,0.0,130.28951416015624,122.01307983398438,-0.07225397920465182,0.06976744186046502,1.2999999999999998,0.7599999999999999,0.54,-0.0765902384689181,23.637249851226805,-0.6864600073641515,0.5334863786616368,0.5,0.5133945514646547
2021-02-25,0.09,0.81,1.54,28.88999938964844,134.55637095463845,135.10585637111618,131.34661857863202,131.86122131347656,18127700.0,0.0,-0.013571858583372731,0.18776218287640206,0.0,131.2646453857422,123.03008041381835,0.20358665197126435,0.193798449612403,1.45,0.73,0.7200000000000001,0.3537956505658677,23.75099983215332,-0.5010774983732805,0.2445464827738234,0.5,0.3978185931095294
2021-02-26,0.08,0.75,1.44,27.950000762939453,131.09372647510756,131.59088138130332,127.78802898050928,128.3636932373047,19829200.0,0.0,-0.026524311251881483,0.2216078566962111,0.0,131.1163787841797,123.77408065795899,0.09386187988547912,0.07462686567164178,1.3599999999999999,0.69,0.67,-0.03253716325953948,23.63799991607666,-0.3464367098205529,0.2805204076455996,0.5,0.4122081630582398
2021-03-01,0.08,0.71,1.45,23.350000381469727,130.41337712539013,132.03569490307837,129.50626755672417,131.2681427001953,14845500.0,0.0,0.022626720918049514,0.21890006026389403,0.0,131.3065185546875,124.72610244750976,-0.2513313698989369,0.058394160583941535,1.3699999999999999,0.74,0.63,-0.1645796155959014,23.15099992752075,-0.0927231983415564,0.45656329050862265,0.5,0.48262531620344906
2021-03-02,0.08,0.67,1.42,24.100000381469727,130.90180535261874,132.38456565981377,130.69246931872738,130.8407440185547,14221700.0,0.0,-0.0032559208414852936,0.22249773545163318,0.0,131.20184936523438,125.61532402038574,-0.04201946717860627,0.03649635036496335,1.3399999999999999,0.7499999999999999,0.5900000000000001,0.03211991382215107,22.84399995803833,0.2943672439899955,0.4278606489438229,0.5,0.47114425957752915
2021-03-03,0.08,0.73,1.47,26.670000076293945,131.90485252595272,135.1756533653807,131.54725508228984,133.37017822265625,14324100.0,0.0,0.019332160047506708,0.20991103715267262,0.0,131.1407958984375,126.4570098876953,0.007200264384707777,0.0652173913043479,1.39,0.74,0.65,0.10663898979853403,22.89949998855591,0.5350129983459477,0.3295062755275775,0.5,0.431802510211031
2021-03-04,0.08,0.77,1.54,28.56999969482422,133.10847452775562,134.6522958217246,129.62833860987126,131.3204345703125,20093900.0,0.0,-0.015368830421158997,0.22328006578924406,0.0,131.0326385498047,127.12948417663574,0.4028036665479855,0.0,1.46,0.77,0.6900000000000001,0.0712410803560184,23.182499980926515,0.6062121226793356,0.2567929314956702,0.5,0.40271717259826806
2021-03-05,0.08,0.79,1.56,24.65999984741211,133.6405743082141,133.87607571631926,129.0614527214214,131.62576293945312,18465100.0,0.0,0.002325063651667625,0.21364006654552373,0.0,131.68505249023437,127.68159713745118,-0.08105942599495364,0.08333333333333348,1.48,0.77,0.7100000000000001,-0.1368568389631607,23.326999950408936,0.6109764128264265,0.4064293636805917,0.5,0.4625717454722367
2021-03-08,0.09,0.86,1.59,25.46999931335449,132.98640212806907,135.5943254552518,131.4861937450043,133.37017822265625,17133300.0,0.0,0.013252840813584132,0.21438753959803153,0.0,132.10545959472657,128.33270492553712,-0.0721252525033712,0.09655172413793123,1.5,0.7300000000000001,0.77,0.03284669387487371,23.55699987411499,0.601838710672891,0.37543053122909387,0.5,0.4501722124916375
2021-03-09,0.1,0.83,1.55,24.030000686645508,132.14036005435398,134.53894744807985,130.67504759847006,132.42819213867188,16238800.0,0.0,-0.007062943879491357,0.21491148270075647,0.0,132.42294921875,128.84251441955567,-0.05220827277874085,0.09154929577464799,1.45,0.7200000000000001,0.73,-0.05653705007969734,23.69649991989136,0.5717678205125478,0.4305395504774028,0.5,0.4722158201909611
2021-03-10,0.08,0.8,1.53,22.559999465942383,132.49795942926417,136.20486690078857,132.14906603482623,135.30648803710938,14342200.0,0.0,0.021734766985442855,0.22136495866329983,0.0,132.81021118164062,129.5206611633301,-0.11679434440968539,0.04081632653061229,1.45,0.73,0.7200000000000001,-0.06117358213477153,23.742999935150145,0.47946893186037226,0.48679677466094917,0.5,0.49471870986437966
2021-03-11,0.08,0.78,1.54,21.90999984741211,134.41683539572196,136.19614524365193,133.76267521048072,134.60000610351562,11771500.0,0.0,-0.0052213455824822175,0.22397667346788988,0.0,133.46612548828125,130.15999336242675,-0.17924028391739066,0.0,1.46,0.76,0.7000000000000001,-0.028812040510530323,23.738999938964845,0.3904785591025985,0.5116723827515237,0.5,0.5046689531006094
2021-03-12,0.09,0.85,1.64,20.690000534057617,136.81544458903156,137.48705287962366,135.25418788687213,136.1961669921875,12849500.0,0.0,0.01185854989816515,0.2231673157078041,0.0,134.3802062988281,130.896142578125,0.09157711421654002,0.0512820512820511,1.5499999999999998,0.7899999999999999,0.76,-0.05568230588091916,23.710999965667725,0.18939946654206338,0.5583619867522114,0.5,0.5233447947008846
2021-03-15,0.08,0.84,1.62,20.030000686645508,136.37057156834047,136.8677262899118,134.28598205704515,135.5157928466797,12101100.0,0.0,-0.0049955454733674465,0.22400992184594473,0.0,134.8093292236328,131.51192321777344,-0.05824351142067785,0.018867924528301883,1.54,0.7800000000000001,0.76,-0.0318994601438356,23.714000034332276,-0.0991969158220621,0.5836203054896678,0.5,0.5334481221958671
2021-03-16,0.07,0.83,1.62,19.790000915527344,134.39942504407122,134.8442626123489,132.74222410083289,133.89353942871094,12805600.0,0.0,-0.011970954704918713,0.2195240001410862,0.0,135.10239868164064,131.8983154296875,0.05821784796423457,0.04516129032258065,1.55,0.7900000000000001,0.76,-0.011982015121855594,23.63050012588501,-0.25266577756367903,0.5928051420310525,0.5,0.537122056812421
2021-03-17,0.07,0.8,1.63,19.229999542236328,135.48969041597758,136.83290713999222,133.49232664162864,135.27163696289062,13952400.0,0.0,0.010292487151058127,0.22101778604569033,0.0,135.09542846679688,132.3339874267578,0.08955456987567945,0.065359477124183,1.5599999999999998,0.8299999999999998,0.73,-0.028297187841544558,23.517000102996825,-0.4472615341122111,0.6142365002888761,0.5,0.5456946001155505
2021-03-18,0.08,0.86,1.71,21.57999992370605,137.46085553771454,141.02820562641497,137.03346612337486,137.50445556640625,21898500.0,0.0,0.016506184545753255,0.22583943429976186,0.0,135.676318359375,132.85993194580078,0.5695149221639288,0.11038961038961026,1.63,0.85,0.78,0.12220491094179375,23.47150011062622,-0.5717053796684486,0.5243015421202522,0.5,0.5097206168481009
2021-03-19,0.07,0.9,1.74,20.950000762939453,135.6379002441203,136.0129589245504,131.86994529894545,135.315185546875,20921650.0,0.0,-0.01592144785791294,0.23129593265596007,0.0,135.5001220703125,133.17043991088866,-0.04460807817887069,0.060975609756097615,1.67,0.84,0.8300000000000001,-0.02919365908220095,23.416500186920167,-0.6787366162703882,0.5484117289170631,0.5,0.5193646915668253
2021-03-22,0.06,0.87,1.69,18.8799991607666,133.27423777670813,134.29472606893358,131.3640879057773,131.67808532714844,19944800.0,0.0,-0.02687872913174716,0.2517888793083408,0.0,134.73258056640626,133.23847198486328,-0.0466908680720689,0.043209876543209846,1.63,0.82,0.81,-0.09880675545533557,23.188000106811522,-0.6060501377046571,0.6276310809513677,0.5,0.551052432380547
2021-03-23,0.08,0.83,1.63,20.299999237060547,131.1198290143136,132.68108498953984,129.92490103368374,130.3610076904297,17076300.0,0.0,-0.010002253856034815,0.2529013663267991,0.0,134.02607421875,133.18831787109374,-0.1438219485780755,0.006172839506172645,1.5499999999999998,0.7999999999999999,0.75,0.07521187179100952,23.04750003814697,-0.5205994360389646,0.5732874100022299,0.5,0.529314964000892
2021-03-24,0.07,0.83,1.62,21.200000762939453,130.83203458361805,133.60566732850776,130.70992521703022,131.372802734375,13079800.0,0.0,0.007761485292811177,0.24600691344688205,0.0,133.24630737304688,133.07318572998048,-0.23403781849698124,-0.006134969325153228,1.55,0.7900000000000001,0.76,0.04433505220216083,23.04050006866455,-0.4829142467416515,0.5388441817287966,0.5,0.5155376726915186
2021-03-25,0.07,0.82,1.63,19.809999465942383,130.8320205907127,133.4224956631225,130.24763916247807,133.05616760253906,15608300.0,0.0,0.012813648130562294,0.2456017973188275,0.0,132.35664978027344,133.1329330444336,0.19331335341518985,-0.04678362573099415,1.5599999999999998,0.8099999999999999,0.75,-0.06556609655538248,22.586500072479247,-0.4669261162622968,0.5920397937318813,0.5,0.5368159174927525
2021-03-26,0.06,0.85,1.67,18.86000061035156,134.58259390706348,135.58563446769293,133.0562197354547,135.27163696289062,16754400.0,0.0,0.016650632588258052,0.22974522770449524,0.0,132.34794006347656,133.47833023071288,0.07342888078778609,-0.04022988505747127,1.6099999999999999,0.82,0.79,-0.04795552151447935,22.132000064849855,-0.36313090566700545,0.6283964292505391,0.5,0.5513585717002156
2021-03-29,0.06,0.89,1.73,20.739999771118164,132.68114862126544,134.08541326180676,131.7391561938596,133.16958618164062,17570300.0,0.0,-0.015539479143189983,0.2258028118503125,0.0,132.646240234375,133.57340240478516,0.048697655541231066,0.02366863905325456,1.67,0.84,0.8300000000000001,0.09968181865989667,22.001500034332274,-0.3422137040855816,0.556448506512395,0.5,0.5225794026049579
2021-03-30,0.06,0.9,1.73,19.61000061035156,134.7221282974397,135.951939447985,134.21624277562398,134.73956298828125,13184300.0,0.0,0.011789304537593193,0.22850414044491205,0.0,133.5219512939453,133.7683433532715,-0.24962578897343812,0.06134969325153383,1.67,0.83,0.8400000000000001,-0.05448404885424374,21.77700004577637,-0.31988189660709965,0.5996937876857393,0.5,0.5398775150742957
2021-03-31,0.07,0.92,1.74,19.399999618530277,133.69286528130098,134.74824932275993,132.68109457044977,132.77703857421875,16736700.0,0.0,-0.014565316752832236,0.22520822132437365,0.0,133.80279846191405,133.73868637084962,0.26944168442769056,0.07407407407407396,1.67,0.82,0.8500000000000001,-0.010708872273590297,21.413500022888183,-0.2999846748951929,0.607730565281071,0.5,0.5430922261124284
2021-04-01,0.06,0.9,1.69,17.329999923706055,132.48921464172892,134.13769749142878,132.18394792670048,134.06793212890625,16561500.0,0.0,0.009722264998145214,0.22024243317155215,0.0,134.0051513671875,133.8760612487793,-0.010468013407661014,0.036809815950920255,1.63,0.7899999999999999,0.8400000000000001,-0.1067010172952283,20.851500034332275,-0.1412440809369942,0.6869498443207834,0.5,0.5747799377283134
2021-04-05,0.06,0.94,1.73,17.90999984741211,135.46294270440302,135.9367195792239,133.88372215449144,134.7786102294922,13508000.0,0.0,0.005300880600609403,0.2207098643959844,0.0,133.90654602050782,134.03370361328126,-0.1843733961295776,0.03592814371257491,1.67,0.79,0.8799999999999999,0.033467970355421706,20.514000034332277,-0.04801464127731869,0.6647531377637887,0.5,0.5659012551055155
2021-04-06,0.06,0.88,1.67,18.1200008392334,134.05039233758836,135.3576495515458,133.23446270516737,133.8310546875,13071600.0,0.0,-0.007030459361309305,0.21783649826559295,0.0,134.0388397216797,134.05674743652344,-0.032306781166716037,-0.034682080924855474,1.6099999999999999,0.7899999999999999,0.8200000000000001,0.011725348610297948,20.14650011062622,0.014777682432219535,0.6567163601684569,0.5,0.5626865440673827
2021-04-07,0.06,0.87,1.68,17.15999984741211,134.32242295273247,136.1911711941242,133.9276043531442,135.92796325683594,16903500.0,0.0,0.01566832581744415,0.22259036409140961,0.0,134.27651977539062,134.23173599243165,0.2931469751216378,-0.028901734104046284,1.6199999999999999,0.8099999999999999,0.81,-0.05298018473281174,19.803000068664552,0.05504395002699907,0.6934557793285884,0.5,0.5773823117314354
2021-04-08,0.05,0.85,1.64,16.950000762939453,135.111991370403,136.43678594687682,133.62926672573258,136.09461975097656,12335500.0,0.0,0.0012260648224804438,0.20924353269645402,0.0,134.94003601074218,134.271142578125,-0.2702398911468039,-0.05747126436781613,1.5899999999999999,0.7899999999999999,0.7999999999999999,-0.012237708994171426,19.522500133514406,-0.10584781751332237,0.701492483929328,0.5,0.5805969935717312
2021-04-09,0.06,0.87,1.67,16.690000534057617,136.69999461158375,137.7791320993026,135.96302332179076,137.1123504638672,12122400.0,0.0,0.00747811129310505,0.2095955574251692,0.0,135.54891967773438,134.3967597961426,-0.01727534352073279,-0.01183431952662728,1.6099999999999999,0.7999999999999999,0.81,-0.015339245851263672,19.26150016784668,-0.25049364957923587,0.7114427417644763,0.5,0.5845770967057905
2021-04-12,0.06,0.89,1.69,16.90999984741211,136.49821474598244,137.96338871440565,136.48944605897694,136.8228302001953,12273400.0,0.0,-0.0021115549598004213,0.20583606215217756,0.0,135.957763671875,134.42809295654297,0.012456279284630112,-0.023121387283236983,1.63,0.7999999999999999,0.8300000000000001,0.01318150427290643,19.072500133514403,-0.3821211607473734,0.703023326516855,0.5,0.581209330606742
2021-04-13,0.06,0.85,1.64,16.649999618530273,135.76998776147846,136.16479280287132,133.73452820725734,135.19093322753906,16113600.0,0.0,-0.01192708095767725,0.20964095156360946,0.0,136.2297393798828,134.41184997558594,0.312888034285528,-0.017964071856287456,1.5799999999999998,0.7899999999999999,0.79,-0.015375531119335095,18.903500080108643,-0.41613119545494887,0.7129735843520032,0.5,0.5851894337408012
2021-04-14,0.06,0.87,1.64,16.989999771118164,132.8922908973456,134.96283876227747,132.41851409625977,132.6641845703125,19939600.0,0.0,-0.01869022276052945,0.2159752223577922,0.0,135.5769836425781,134.35038223266602,0.23743918180915502,-0.023809523809523836,1.5799999999999998,0.7699999999999999,0.81,0.020420430052712657,18.763500022888184,-0.33963147429875346,0.6999617143363933,0.5,0.5799846857345573
2021-04-15,0.06,0.81,1.56,16.56999969482422,132.6993085964531,133.53278917959676,131.00602797713154,133.5064697265625,17694100.0,0.0,0.00634900187249543,0.21383540332388717,0.0,135.05935363769532,134.26212387084962,-0.11261509759473609,-0.04878048780487798,1.5,0.75,0.75,-0.024720428602236777,18.630500030517577,-0.30865349175126117,0.7160351965324648,0.5,0.5864140786129859
2021-04-16,0.06,0.84,1.59,16.25,134.99794670260198,135.55945061002498,133.96267931188518,134.49786376953125,13773400.0,0.0,0.007425812734013881,0.20652206048757552,0.0,134.5364562988281,134.11179428100587,-0.22158233535472271,-0.0479041916167664,1.53,0.7500000000000001,0.78,-0.019311991594313294,18.364000034332275,-0.5414029370027282,0.7282816452543113,0.5,0.5913126581017245
2021-04-19,0.08,0.85,1.61,17.290000915527344,134.6031302528563,135.00671742768907,133.55031218835987,133.9275665283203,11900200.0,0.0,-0.00424019553342625,0.1993853958036463,0.0,133.95740356445313,134.04241333007812,-0.13600127782537352,-0.047337278106508784,1.53,0.7600000000000001,0.77,0.06400005634014416,18.18100004196167,-0.6446649641357064,0.6884806139137181,0.5,0.5753922455654872
2021-04-20,0.07,0.81,1.58,18.68000030517578,133.1291692251854,133.1379379107246,130.4181460152865,130.9621124267578,13716700.0,0.0,-0.02214222343041994,0.19161261194521445,0.0,133.11163940429688,134.0066146850586,0.1526444933698594,-0.03658536585365846,1.51,0.77,0.74,0.08039325136184017,18.17100009918213,-0.6247421465645935,0.6352850749052256,0.5,0.5541140299620902
2021-04-21,0.07,0.81,1.57,17.5,129.6635958620668,132.1377301514407,128.7862455558723,132.07630920410156,12236700.0,0.0,0.008507779514986602,0.19031825667178778,0.0,132.9940643310547,134.09237976074218,-0.10789767218062651,-0.04268292682926822,1.5,0.76,0.74,-0.06316918018726325,18.0310001373291,-0.5173541361814766,0.6804439093129785,0.5,0.5721775637251914
2021-04-22,0.06,0.81,1.57,18.709999084472656,131.80437395241248,131.86579491895148,129.19864165749425,129.29515075683594,15256100.0,0.0,-0.021057209003075728,0.20323496928700216,0.0,132.15180053710938,133.98849716186524,0.24674953214510453,0.0064102564102563875,1.51,0.76,0.75,0.06914280482700885,17.90650005340576,-0.41603832079586656,0.6341370159591726,0.5,0.553654806383669
2021-04-23,0.07,0.83,1.58,17.329999923706055,129.1284383155156,132.5939834507485,128.69854514454585,131.76927185058594,14041900.0,0.0,0.01913545155613039,0.20994592740130621,0.0,131.6060821533203,133.92415237426758,-0.07958783699634897,-0.0062893081761006275,1.51,0.7500000000000001,0.76,-0.07375730776554967,17.782500076293946,-0.3663517455917034,0.6869498443207834,0.5,0.5747799377283134
2021-04-26,0.06,0.85,1.58,17.639999389648438,132.28689022635731,133.7608458373082,131.93595542662374,132.0938720703125,10799100.0,0.0,0.002463398447664078,0.2004886448032169,0.0,131.23934326171874,133.76526412963867,-0.2309374087552254,-0.018633540372670843,1.52,0.7300000000000001,0.79,0.017888024657076285,17.72150001525879,-0.4035808521399981,0.6750861062458187,0.5,0.5700344424983275
2021-04-27,0.06,0.88,1.63,17.559999465942383,132.04126682754392,132.980038406312,131.69910062507782,132.69927978515625,12821200.0,0.0,0.004583162756569781,0.193898255570495,0.0,131.58677673339844,133.74174880981445,0.18724708540526525,0.03164556962025311,1.5699999999999998,0.7499999999999999,0.8200000000000001,-0.004535143224154603,17.5625,-0.4520634682702602,0.6781477184262803,0.5,0.5712590873705121
2021-04-28,0.05,0.86,1.63,17.280000686645508,133.7345342001312,134.13812133234876,132.83086422968807,133.55906677246094,8943700.0,0.0,0.006479213667901718,0.19046342213131412,0.0,131.88332824707032,133.68272399902344,-0.30242878981686583,0.03821656050955413,1.5799999999999998,0.7699999999999999,0.8099999999999999,-0.015945261264952326,17.446000003814696,-0.6030344208006663,0.6888633245605998,0.5,0.5755453298242399
2021-04-29,0.05,0.86,1.65,17.610000610351562,134.7084301048687,136.2350252501555,134.410134058748,136.15606689453125,12976900.0,0.0,0.019444581224086432,0.19505154929140045,0.0,133.25551147460936,133.85167541503907,0.4509543030289478,0.05095541401273884,1.5999999999999999,0.7899999999999999,0.8099999999999999,0.019097217048208215,17.35650005340576,-0.616772843419703,0.6762341651918717,0.5,0.5704936660767487
2021-04-30,0.05,0.86,1.65,18.61000061035156,135.19972113132627,135.54188730026488,134.2433988856152,134.94528198242188,11705100.0,0.0,-0.008892625497527562,0.19561913834994485,0.0,133.89071350097657,133.89554290771486,-0.0980049164284228,0.04430379746835422,1.5999999999999999,0.7899999999999999,0.8099999999999999,0.05678591512439657,17.420500087738038,-0.5149167069682703,0.6379639764388056,0.5,0.5551855905755223
2021-05-03,0.06,0.84,1.63,18.309999465942383,135.85774857346306,136.41047035952002,134.3487044392825,134.5504913330078,11801100.0,0.0,-0.002925560965262086,0.19506348351729255,0.0,134.3820373535156,133.88413696289064,0.008201553169131515,0.03164556962025311,1.5699999999999998,0.7899999999999999,0.78,-0.016120426360561435,17.44050006866455,-0.4964483763387877,0.6494450768614807,0.5,0.5597780307445923
2021-05-04,0.06,0.82,1.61,19.479999542236328,134.1205459216314,136.55081017945983,133.48008390406576,136.41043090820312,12977700.0,0.0,0.013823357735588182,0.1991162597871455,0.0,135.124267578125,134.0131057739258,0.09970257009939743,-0.012269938650306678,1.55,0.7900000000000001,0.76,0.06389951449590203,17.508500003814696,-0.26502642050799435,0.6046689531006095,0.5,0.5418675812402438
2021-05-05,0.06,0.8,1.59,19.149999618530277,136.86667982146287,138.86703791709974,135.66471390440475,138.20025634765625,10506700.0,0.0,0.013120883993523735,0.19682446525647251,0.0,136.05250549316406,134.1267204284668,-0.19040353837737045,-0.024539877300613355,1.53,0.79,0.74,-0.016940448226939075,17.607999992370605,-0.04495407991147521,0.6172981124693375,0.5,0.546919244987735
2021-05-06,0.05,0.81,1.58,18.38999938964844,138.682806437872,141.09552042555404,137.88441423263083,140.98146057128906,13542400.0,0.0,0.020124450541078698,0.20833182222352026,0.0,137.01758422851563,134.3710624694824,0.28892992090761127,-0.042424242424242364,1.53,0.77,0.76,-0.03968669681572368,17.679999923706056,0.0940655482702464,0.6463834646810189,0.5,0.5585533858724075
2021-05-07,0.05,0.77,1.6,16.690000534057617,137.9370665099327,141.6921261187515,137.76159906216986,141.46401977539062,14257800.0,0.0,0.00342285575809842,0.20737323371001123,0.0,138.3213317871094,134.5886459350586,0.052826677693761814,-0.030303030303030165,1.55,0.8300000000000001,0.72,-0.0924414851556622,17.679999923706056,0.003546094059436458,0.7114427417644763,0.5,0.5845770967057905
2021-05-10,0.05,0.8,1.63,19.65999984741211,141.6921139924855,143.6486019728522,141.3587164991532,141.4464569091797,14014300.0,0.0,-0.00012415076454652674,0.20701546552594896,0.0,139.70052490234374,134.8198272705078,-0.01707837113720212,0.0,1.5799999999999998,0.8299999999999998,0.75,0.1779508219483823,17.817499923706055,0.22689574902876314,0.5977803074459228,0.5,0.5391121229783691
2021-05-11,0.05,0.8,1.64,21.84000015258789,141.32364726184613,142.4729744953953,138.65649373321543,139.0951690673828,15451700.0,0.0,-0.016623165352997127,0.2117457949965072,0.0,140.2374725341797,135.0150390625,0.10256666405029158,0.01863354037267073,1.5899999999999999,0.8399999999999999,0.75,0.11088506216152072,18.076999950408936,0.3544811475197199,0.5143512842851037,0.5,0.5057405137140415
2021-05-12,0.05,0.87,1.69,27.59000015258789,140.03395103557267,141.06044978674913,137.77038453785931,138.1388702392578,14381700.0,0.0,-0.006875140485013809,0.20066008772259888,0.0,140.2251953125,135.28877334594728,-0.06924804390455419,0.06289308176100628,1.64,0.82,0.82,0.26327838643896095,18.606999969482423,0.3302024233328914,0.29429769895497293,0.5,0.41771907958198917
2021-05-13,0.05,0.84,1.66,23.1299991607666,138.77928307385477,142.52557311743217,138.34060786365194,141.6920928955078,15395000.0,0.0,0.025722105951031526,0.21720272773660695,0.0,140.36732177734376,135.69805450439452,0.07045759541639729,0.05063291139240489,1.6099999999999999,0.82,0.7899999999999999,-0.1616528077982975,18.93499994277954,0.41052162878699117,0.46498277875083616,0.5,0.4859931115003345
2021-05-14,0.06,0.82,1.63,18.809999465942383,142.4729530073966,144.28029296961097,142.12201814791476,143.89425659179688,10584000.0,0.0,0.015541895467046762,0.22123528633241443,0.0,140.853369140625,136.16787414550782,-0.3125040597596622,0.018749999999999822,1.5699999999999998,0.8099999999999999,0.76,-0.18677042159827906,19.06299991607666,0.35635489766910117,0.6303099824849475,0.5,0.552123992993979
2021-05-17,0.06,0.84,1.64,19.71999931335449,143.3327085790455,144.6311966107369,143.0344127017526,144.4732666015625,9886800.0,0.0,0.00402385768188207,0.2193499485026616,0.0,141.45873107910157,136.6951591491699,-0.06587301587301586,0.006134969325153339,1.5799999999999998,0.7999999999999999,0.78,0.04837851532424353,19.18449983596802,0.3343021544396527,0.5954841165592248,0.5,0.53819364662369
2021-05-18,0.06,0.83,1.64,21.34000015258789,144.48212763149976,145.20156173488712,142.34140286093103,142.4379119873047,11098100.0,0.0,-0.01408810544770922,0.2082560143659506,0.0,142.12727966308594,137.26894912719726,0.12251689120847997,0.0,1.5799999999999998,0.8099999999999999,0.77,0.08215014683780075,19.317499828338622,0.36758809458373387,0.5334863786616368,0.5,0.5133945514646547
2021-05-19,0.05,0.87,1.68,22.18000030517578,141.253435974127,141.41135264433993,139.1828881783929,141.34994506835938,13278900.0,0.0,-0.007638183569008472,0.21177581043551755,0.0,142.76949462890624,137.73263092041014,0.19650210396374157,-0.00591715976331364,1.63,0.8099999999999999,0.82,0.0393627060253805,19.551499843597412,0.3693471705645617,0.5013394142694938,0.5,0.5005357657077976
2021-05-20,0.05,0.83,1.63,20.670000076293945,141.1042938232422,142.00796383963726,139.95496671815567,141.1042938232422,10426000.0,0.0,-0.0017378941675455506,0.19229043681124955,0.0,142.6519348144531,138.32308807373047,-0.2148446030921236,-0.01807228915662651,1.5799999999999998,0.7999999999999999,0.7799999999999999,-0.06807936014903804,19.649499893188477,0.3840070016356535,0.5591274080459748,0.5,0.5236509632183899
2021-05-21,0.04,0.84,1.63,20.149999618530277,141.5517448892659,143.20116832798425,141.20080999849125,142.70985412597656,10249000.0,0.0,0.011378536111350535,0.1863111253318288,0.0,142.41505432128906,138.8701171875,-0.01697678879723763,0.0,1.5899999999999999,0.7899999999999999,0.7999999999999999,-0.025157254757828817,19.790499877929687,0.3344341193741153,0.5790279237162712,0.5,0.5316111694865084
2021-05-24,0.04,0.82,1.61,18.399999618530277,143.32403212904322,144.08732306722894,142.23611228037512,143.48194885253906,9440300.0,0.0,0.005410241158826601,0.18626957893394,0.0,142.21679077148437,139.43952102661132,-0.07890525904966339,-0.018292682926829174,1.57,0.7900000000000001,0.7799999999999999,-0.08684863687990696,19.82849988937378,0.2349890465913978,0.6460007540341373,0.5,0.558400301613655
2021-05-25,0.04,0.79,1.56,18.84000015258789,143.75393871894195,145.37702972057068,141.74479782318528,141.99923706054688,12609100.0,0.0,-0.010333786262660904,0.19326615062730096,0.0,142.12905578613282,139.90451889038087,0.33566729870872747,-0.04878048780487798,1.52,0.77,0.75,0.02391307299889811,19.892499923706055,0.14405220284077516,0.6291618505443024,0.5,0.5516647402177209
2021-05-26,0.04,0.8,1.58,17.360000610351562,143.50823848075424,143.65738647047058,141.52541763407373,141.9816436767578,13058300.0,0.0,-0.00012389773461640718,0.19332049016261704,0.0,142.2553955078125,140.3256477355957,0.035625064437588616,-0.05952380952380942,1.54,0.78,0.76,-0.07855623833596592,19.896499919891358,0.0030803696285713394,0.6858017123801383,0.5,0.5743206849520553
2021-05-27,0.04,0.81,1.61,16.739999771118164,143.84160244960327,144.54348548145074,142.63086794165437,144.1925506591797,15707500.0,0.0,0.015571780444064487,0.18943610207154776,0.0,142.873046875,140.72747192382812,0.20287479993567303,-0.012269938650306678,1.57,0.8,0.77,-0.035714332801561,19.852999877929687,-0.150333544942897,0.7095292615246599,0.5,0.583811704609864
2021-05-28,0.05,0.79,1.58,16.760000228881836,144.48207706021694,144.71019676306028,143.23624092956538,144.09605407714844,10291300.0,0.0,-0.0006692203001480435,0.1848167222246414,0.0,143.15028686523436,141.18501052856445,-0.34481617061913095,-0.030674846625766805,1.53,0.79,0.74,0.0011947704920629576,19.7604998588562,-0.286282561708561,0.7087638402308964,0.5,0.5835055360923586
2021-06-01,0.04,0.81,1.62,17.899999618530273,145.5261214641034,146.4385734704176,145.18395530856208,145.68405151367188,9445400.0,0.0,0.01102040889803435,0.1851654097189999,0.0,143.59070739746093,141.74168853759767,-0.08219564097830201,0.006211180124223503,1.58,0.81,0.77,0.06801905573270361,19.739999866485597,-0.47444129466041135,0.6651358484106704,0.5,0.5660543393642682
2021-06-02,0.05,0.8,1.59,17.479999542236328,146.74562789564962,146.9035579342258,145.2278154023332,145.69281005859375,10498600.0,0.0,6.012013553213791e-05,0.18194477019000088,0.0,144.3294219970703,142.2058074951172,0.11150401253520226,0.019230769230769162,1.54,0.79,0.75,-0.023463691913108042,19.639999866485596,-0.5947173783531738,0.6812093306067419,0.5,0.5724837322426968
2021-06-03,0.04,0.84,1.63,18.040000915527344,145.12258594737304,146.7369080607674,144.4645729067418,145.78936767578125,13354400.0,0.0,0.0006627479911236467,0.1784195869461662,0.0,145.090966796875,142.58526306152345,0.27201722134379813,0.03164556962025311,1.5899999999999999,0.7899999999999999,0.7999999999999999,0.03203669267484277,19.58449993133545,-0.679560901363178,0.6597779723489184,0.5,0.5639111889395674
2021-06-04,0.05,0.78,1.56,16.420000076293945,145.82447345274696,146.22804729920617,144.78919261057115,146.02626037597656,8510800.0,0.0,0.001624896959030231,0.1661712290468299,0.0,145.45770874023438,142.8375030517578,-0.3626969388366381,-0.03105590062111807,1.51,0.78,0.73,-0.089800485422317,19.485999965667723,-0.7372668161552368,0.7217757102465063,0.5,0.5887102840986025
2021-06-07,0.05,0.79,1.57,16.420000076293945,146.51758104262677,146.60532147601964,144.88570804761767,145.34193420410156,7267200.0,0.0,-0.004686322652604047,0.16761497710165232,0.0,145.706884765625,143.03139877319336,-0.1461202237157494,-0.006329113924050667,1.52,0.78,0.74,0.0,19.472499942779542,-0.8166456222337763,0.7217757102465063,0.5,0.5887102840986025
2021-06-08,0.05,0.77,1.53,17.06999969482422,144.3154191288462,145.42964486096648,143.14854111023757,144.7628631591797,10370700.0,0.0,-0.003984198009286843,0.1686392000787815,0.0,145.52264709472655,143.19721908569335,0.4270558124174373,-0.05555555555555558,1.48,0.76,0.72,0.039585847473210256,19.342999935150146,-0.8309388000337057,0.6969001021559318,0.5,0.5787600408623728
2021-06-09,0.05,0.75,1.5,17.889999389648438,144.00833875876384,144.0785284189971,142.37646597344016,142.9555206298828,12377400.0,0.0,-0.012484849289762567,0.16339225553940911,0.0,144.97518920898438,143.39023666381837,0.19349706384332777,-0.05660377358490576,1.45,0.75,0.7,0.048037475658119,19.145499897003173,-0.8290372102003699,0.6655185590575521,0.5,0.5662074236230208
2021-06-10,0.05,0.73,1.45,16.100000381469727,144.20133426786262,144.97340702152871,140.64806192858512,140.72702026367188,12119400.0,0.0,-0.015588767445928964,0.17196219781337121,0.0,143.9627197265625,143.51964416503907,-0.02084444228998017,-0.11042944785276065,1.4,0.72,0.6799999999999999,-0.10005584512285925,18.570999908447266,-0.5152683245840949,0.7340221589683528,0.5,0.5936088635873411
2021-06-11,0.05,0.76,1.47,15.649999618530272,140.7533675039224,141.42893129678694,139.55140131922167,140.6305389404297,13683800.0,0.0,-0.0006855920281791938,0.14501326312505902,0.0,142.88357543945312,143.46656646728516,0.12908229780352154,-0.05769230769230771,1.42,0.71,0.71,-0.02795035728430062,18.196999931335448,-0.28549522284505136,0.7512437731050695,0.5,0.6004975092420278
2021-06-14,0.05,0.8,1.51,16.389999389648438,140.50769339474135,140.66562346432084,137.44574836513888,138.244140625,19917900.0,0.0,-0.016969275190224176,0.14371274005198115,0.0,141.46401672363282,143.1840606689453,0.45558251362925506,-0.03821656050955413,1.46,0.71,0.75,0.04728433157544454,18.07599992752075,-0.1221403354463867,0.7229238421871516,0.5,0.5891695368748606
2021-06-15,0.08,0.79,1.51,17.020000457763672,137.48083926200746,137.67385746909093,135.22605513352613,136.1472625732422,19667280.0,0.0,-0.01516793436798014,0.14915422619989716,0.0,139.74089660644532,142.76776046752929,-0.012582651785579824,-0.013071895424836666,1.43,0.72,0.7100000000000001,0.0384381385952417,17.94099998474121,-0.054888805853057734,0.6988135823957482,0.5,0.5795254329582993
2021-06-16,0.08,0.89,1.57,18.149999618530277,135.75243418357306,138.2879765009441,134.33113070915846,137.1035614013672,19416660.0,0.0,0.007024003347922969,0.14700154831960333,0.0,138.57050476074218,142.50104293823242,-0.01274299242193122,0.046666666666666634,1.49,0.68,0.81,0.06639242834163128,17.78149995803833,-0.06490021888503665,0.6555683012224037,0.5,0.5622273204889615
2021-06-17,0.08,0.9,1.52,17.75,137.831775319218,138.14762204940885,132.6992693004434,133.14671325683594,19166040.0,0.0,-0.028860287100403448,0.17473897830433457,0.0,137.054443359375,142.09088134765625,-0.01290747224290889,0.048275862068965614,1.44,0.62,0.8200000000000001,-0.022038546938695114,17.55999994277954,-0.027245589818859606,0.6708763621247119,0.5,0.5683505448498848
2021-06-18,0.09,0.89,1.45,20.700000762939453,130.98847357492173,131.3394085305065,129.46187840477612,129.77772521972656,18915420.0,0.0,-0.02530282539239781,0.19180012777409972,0.0,134.88388061523438,141.52455291748046,-0.013076253623596767,-0.013605442176870763,1.3599999999999999,0.5599999999999999,0.8,0.166197226081096,17.561499977111815,-0.3437303447812708,0.5579792761053297,0.5,0.5231917104421319
2021-06-21,0.09,0.9,1.5,17.889999389648438,130.7954127508809,132.6553915070968,130.74277386341154,131.97982788085938,18664800.0,0.0,0.016968263678565965,0.19868776365702825,0.0,133.63101806640626,140.9880516052246,-0.013249507544638162,-0.0066225165562914245,1.41,0.6,0.81,-0.13574885360979994,17.448499965667725,-0.42139086798401254,0.6655185590575521,0.5,0.5662074236230208
2021-06-22,0.09,0.87,1.48,16.65999984741211,132.12897030603023,132.45358565709896,130.42690845619205,131.78680419921875,14251200.0,0.0,-0.0014625241200865169,0.19592903356741093,0.0,132.75892639160156,140.4032943725586,-0.23646650379323642,-0.019867549668874163,1.39,0.61,0.78,-0.06875347032979973,17.361499977111816,-0.3624593940517028,0.7125908737051214,0.5,0.5850363494820485
2021-06-23,0.08,0.9,1.5,16.31999969482422,131.77804421363103,133.39236594261897,131.68153512182707,132.585205078125,12733300.0,0.0,0.006058276348361202,0.19772046359085982,0.0,131.85525512695312,139.9325927734375,-0.10651032895475465,-0.04458598726114649,1.42,0.6,0.8200000000000001,-0.020408172611160347,17.235499954223634,-0.31685054124452183,0.7256027437207313,0.5,0.5902410974882926
2021-06-24,0.08,0.9,1.49,15.970000267028809,133.2870996427108,134.33991767021917,132.67295690893988,133.8047332763672,13733200.0,0.0,0.009198071515774231,0.20244997807508366,0.0,131.9868591308594,139.52374725341798,0.07852638357692032,-0.019736842105263164,1.41,0.59,0.8200000000000001,-0.021446043770847023,17.165999937057496,-0.24326981511564288,0.7389972878859269,0.5,0.5955989151543708
2021-06-25,0.09,0.92,1.54,15.619999885559082,133.87493070772467,135.55067364011308,133.06776972683014,135.15586853027344,15484900.0,0.0,0.010097813588668458,0.19668181614019578,0.0,133.06248779296874,139.07191314697266,0.12755220924474986,0.0620689655172415,1.45,0.62,0.8300000000000001,-0.021916116193956947,17.10999994277954,-0.1700202236665425,0.7523918685484186,0.5,0.6009567474193674
2021-06-28,0.08,0.9,1.49,15.760000228881836,134.8487542201632,135.5330864632982,133.46253897739354,135.4014892578125,14125800.0,0.0,0.0018173145584428063,0.19729610992731658,0.0,133.74682006835937,138.63718490600587,-0.08776937532693141,-0.00666666666666671,1.41,0.59,0.8200000000000001,0.008962890163154658,17.05999994277954,-0.11880063695320058,0.7470340289839627,0.5,0.598813611593585
2021-06-29,0.08,0.89,1.49,16.020000457763672,135.9893855689314,137.1387130727376,134.76986838867668,135.23486328125,14528700.0,0.0,-0.0012306066755679579,0.19039392974168756,0.0,134.43643188476562,138.11472549438477,0.028522278384233157,0.006756756756756799,1.41,0.6,0.81,0.01649747621230091,16.96599998474121,-0.14959964078068444,0.7370837711488143,0.5,0.5948335084595258
2021-06-30,0.07,0.87,1.45,15.829999923706056,134.89268275598818,136.93691168488138,134.8575946151187,136.463134765625,12531000.0,0.0,0.009082506201234075,0.19535204250337562,0.0,135.21201782226564,137.65324172973632,-0.13750025810981026,-0.033333333333333326,1.38,0.58,0.8,-0.011860207779553211,16.883500003814696,-0.1786676453532559,0.7443551274503827,0.5,0.5977420509801531
2021-07-01,0.09,0.89,1.48,15.479999542236328,137.0947751962971,137.8668478689065,136.35780403824558,137.814208984375,10479400.0,0.0,0.009900653543321258,0.20045670674074115,0.0,136.0139129638672,137.254483795166,-0.16372196951560136,-0.006711409395973145,1.39,0.59,0.8,-0.02210994208190664,16.755499935150148,-0.2858084450972814,0.7577497081128743,0.5,0.6030998832451497
2021-07-02,0.08,0.86,1.44,15.06999969482422,137.61126012814032,137.93775961576466,136.87886128161767,137.68185424804688,11424000.0,0.0,-0.0009603852701656201,0.1999206826050181,0.0,136.51911010742188,136.83726348876954,0.09013874840162606,-0.06493506493506496,1.3599999999999999,0.58,0.78,-0.02648577903981497,16.68799991607666,-0.2876519224686916,0.7734404796620641,0.5,0.6093761918648257
2021-07-06,0.07,0.81,1.37,16.440000534057617,137.46127888466538,137.46127888466538,134.43463115406732,135.36997985839844,15083400.0,0.0,-0.016791423984480747,0.20591369924064368,0.0,136.51280822753907,136.3386657714844,0.3203256302521009,-0.08053691275167774,1.3,0.56,0.74,0.09090914843906206,16.688999938964844,-0.29608623486946933,0.7210102889527429,0.5,0.5884041155810972
2021-07-07,0.08,0.79,1.33,16.200000762939453,134.13458963201415,136.13765589444844,133.7286902353244,135.52879333496094,12271800.0,0.0,0.001173180912995786,0.2065547131194106,0.0,136.57159423828125,135.87696228027343,-0.18640359600620549,-0.10738255033557043,1.25,0.54,0.7100000000000001,-0.014598525749495717,16.645499992370606,-0.38545939529964807,0.7301951254941277,0.5,0.592078050197651
2021-07-08,0.07,0.74,1.3,19.0,133.78165571077588,134.5934681096737,132.39627098373637,133.19044494628906,17834600.0,0.0,-0.017253517360643955,0.2100587979333896,0.0,135.91705627441405,135.38870849609376,0.45329943447579013,-0.10344827586206895,1.23,0.56,0.6699999999999999,0.17283945093793274,16.701000022888184,-0.6101015640531401,0.6230386261833791,0.5,0.5492154504733516
2021-07-09,0.08,0.79,1.37,16.18000030517578,135.05229204995146,137.7877436054317,134.6375599960046,137.4524383544922,13694500.0,0.0,0.03199924296312573,0.23944257264864802,0.0,135.8447021484375,135.22497940063477,-0.23213865183407534,-0.07432432432432423,1.29,0.5800000000000001,0.7100000000000001,-0.14842103656969574,16.705000019073488,-0.6346701716060973,0.7309605467878911,0.5,0.5923842187151565
2021-07-12,0.08,0.81,1.38,16.170000076293945,136.1994338040977,140.44380645180723,135.83764394709274,139.4202117919922,19940400.0,0.0,0.014316031501929949,0.24560259422257413,0.0,136.19237365722657,135.1644630432129,0.45608821059549465,-0.04166666666666674,1.2999999999999998,0.5699999999999998,0.7300000000000001,-0.000618061105884915,16.73100004196167,-0.6189899008800419,0.7313432574347729,0.5,0.5925373029739092
2021-07-13,0.08,0.85,1.42,17.1200008392334,137.6995282734453,138.88194967688793,135.4493891484468,137.3465576171875,22671700.0,0.0,-0.014873411452698604,0.2438242285584998,0.0,136.5876892089844,135.11958389282228,0.1369731800766283,0.03649635036496335,1.3399999999999999,0.57,0.77,0.058750819941689736,16.767500114440917,-0.6011833017828108,0.694986548921523,0.5,0.5779946195686092
2021-07-14,0.08,0.8,1.37,16.329999923706055,137.61128999670092,138.78489224903154,134.96407051565717,136.87889099121094,14622800.0,0.0,-0.0034050116296328037,0.2377550104918427,0.0,136.8577087402344,135.1561653137207,-0.35501969415615064,0.03007518796992481,1.29,0.5700000000000001,0.7200000000000001,-0.04614491102809537,16.733000087738038,-0.6107593063611904,0.7252200330738496,0.5,0.5900880132295399
2021-07-15,0.07,0.78,1.31,17.010000228881836,135.80232885745897,138.1230618149447,135.62585028427628,137.17889404296875,11539300.0,0.0,0.0021917408125191606,0.23657842577436913,0.0,137.6553985595703,135.1599319458008,-0.21086932735180675,0.007692307692307665,1.24,0.53,0.71,0.041641170137951544,16.676000118255615,-0.6632378584649686,0.6991962930426299,0.5,0.579678517217052
2021-07-16,0.08,0.79,1.31,18.450000762939453,137.62012039289783,137.90248346466916,133.261030232208,134.04637145996094,14002700.0,0.0,-0.022835310088056282,0.227580735452804,0.0,136.97418518066405,135.20491485595704,0.21347915384815375,-0.04379562043795626,1.23,0.52,0.7100000000000001,0.08465611491366087,16.711000156402587,-0.6499147317110292,0.6440872007997287,0.5,0.5576348803198915
2021-07-19,0.07,0.7,1.19,22.5,131.08145943847524,132.2021192170501,128.5754287611085,129.687255859375,22172900.0,0.0,-0.03251945989368299,0.23953307349274872,0.0,135.02759399414063,135.20039138793945,0.5834731873138752,-0.1376811594202898,1.1199999999999999,0.49,0.6299999999999999,0.21951214469301195,16.801000118255615,-0.6609748091058418,0.48909296554764736,0.5,0.49563718621905895
2021-07-20,0.08,0.69,1.23,19.729999542236328,129.2901485659692,133.34920864223605,129.1224892487361,132.1050262451172,15385200.0,0.0,0.018643083853697062,0.24116801987064762,0.0,133.97928771972656,135.20665130615234,-0.3061259465383418,-0.13380281690140838,1.15,0.54,0.61,-0.12311113145616315,16.89300012588501,-0.6891438495874117,0.595101405912343,0.5,0.5380405623649371
2021-07-21,0.07,0.74,1.3,17.90999984741211,134.16988134329307,135.5817233523606,133.56101883864355,134.88462829589844,12356700.0,0.0,0.02104085007048684,0.25214231096485346,0.0,133.58043518066407,135.36154251098634,-0.1968450198892442,-0.051094890510948954,1.23,0.56,0.6699999999999999,-0.09224529838067741,16.95550012588501,-0.7397819207293971,0.6647531377637887,0.5,0.5659012551055155
2021-07-22,0.07,0.71,1.27,17.690000534057617,134.9023135995332,135.39645909830062,132.3345073850934,133.18161010742188,9913300.0,0.0,-0.012625739567155292,0.25613929744274366,0.0,132.78097839355468,135.39136276245117,-0.1977388785031602,-0.03053435114503822,1.2,0.56,0.6399999999999999,-0.012283602190330645,17.02400016784668,-0.7942397512847726,0.6731725530114101,0.5,0.569269021204564
2021-07-23,0.07,0.72,1.3,17.200000762939453,133.6669231306897,134.8669964220075,132.581566984656,132.9257049560547,9666100.0,0.0,-0.0019214751282912168,0.25407659982363257,0.0,132.55684509277344,135.34741134643554,-0.024936196826485624,-0.007633587786259555,1.23,0.5800000000000001,0.6499999999999999,-0.027699251346815612,17.08550019264221,-0.8142660736753289,0.6919249367410615,0.5,0.5767699746964245
2021-07-26,0.08,0.73,1.29,17.579999923706055,132.528634358016,134.09049763269448,132.5109824579729,133.8169403076172,8208000.0,0.0,0.006704763024255822,0.2525320395653228,0.0,133.38278198242188,135.28046493530275,-0.15084677377639377,0.0840336134453783,1.21,0.56,0.65,0.02209297348319761,17.18350019454956,-0.831854125665136,0.6773822971325169,0.5,0.5709529188530067
2021-07-27,0.07,0.71,1.25,19.36000061035156,132.71389736117442,134.5581366948297,132.1844616788865,133.6404266357422,11218700.0,0.0,-0.0013190682096693163,0.25241590126798935,0.0,133.6898620605469,135.19241180419922,0.36680068226120865,0.016260162601626105,1.18,0.54,0.6399999999999999,0.10125146156828091,17.36350021362305,-0.8461382733119936,0.6092613348740059,0.5,0.5437045339496024
2021-07-28,0.07,0.72,1.26,18.309999465942383,134.38165471372804,134.8052194485583,133.137472015464,133.8610382080078,9217300.0,0.0,0.0016507847050424296,0.2525176567243896,0.0,133.48514404296876,135.12372055053712,-0.17839856667884868,-0.03076923076923077,1.19,0.54,0.6499999999999999,-0.05423559459227256,17.478000164031982,-0.8610968040407866,0.6494450768614807,0.5,0.5597780307445923
2021-07-29,0.08,0.73,1.28,17.700000762939453,135.13171506791187,135.77586796753158,134.0463589698904,135.0081787109375,9063500.0,0.0,0.008569636977916906,0.252268925664423,0.0,133.85045776367187,135.05097274780275,-0.016686014342594868,0.007874015748031482,1.2,0.55,0.65,-0.0333150584814359,17.57150020599365,-0.8605845704713424,0.6727898423645284,0.5,0.5691159369458114
2021-07-30,0.07,0.69,1.24,18.239999771118164,134.6375684289838,135.59938816137955,133.4198433037231,133.931640625,9805200.0,0.0,-0.007973873110624252,0.2505470490624473,0.0,134.05164489746093,134.856844329834,0.08183372869200634,-0.04615384615384621,1.17,0.55,0.6199999999999999,0.03050841722613762,17.709500217437743,-0.8497372411418939,0.6521239783950605,0.5,0.5608495913580243
2021-08-02,0.07,0.66,1.2,19.459999084472656,134.15219557479304,136.2876166775866,133.3050932761294,133.39332580566406,10203200.0,0.0,-0.004019325208172275,0.25072574261163066,0.0,133.9669219970703,134.64241790771484,0.040590706971810775,-0.06976744186046513,1.13,0.5399999999999999,0.5900000000000001,0.0668859281065497,17.929000186920167,-0.8363514626289865,0.6054343743943729,0.5,0.5421737497577491
2021-08-03,0.07,0.65,1.19,18.040000915527344,134.0816685262622,135.29057461904614,131.93742713752215,134.9111328125,10394800.0,0.0,0.011378432898863089,0.2478054181985056,0.0,134.22106323242187,134.6194755554199,0.01877842245570016,-0.04800000000000004,1.1199999999999999,0.5399999999999999,0.5800000000000001,-0.07297010461209863,18.00900020599365,-0.8424353884730785,0.6597779723489184,0.5,0.5639111889395674
2021-08-04,0.07,0.67,1.19,17.969999313354492,133.46397363611462,135.3346709744882,133.1639586789139,133.4551544189453,10155000.0,0.0,-0.010792129331374078,0.2506431190831394,0.0,134.13988647460937,134.51579360961915,-0.023069226921152874,-0.05555555555555558,1.1199999999999999,0.5199999999999999,0.6000000000000001,-0.003880354690702914,18.097500133514405,-0.8454244083383202,0.6624569468770906,0.5,0.5649827787508362
2021-08-05,0.08,0.72,1.23,17.280000686645508,134.37285936753747,135.61705575127223,134.1346058449287,135.1405487060547,9151500.0,0.0,0.01262891863898008,0.24680736907300657,0.0,134.1663604736328,134.61329879760743,-0.09881831610044312,-0.0390625,1.15,0.51,0.64,-0.03839725392733928,18.01150016784668,-0.8416415579218874,0.6888633245605998,0.5,0.5755453298242399
2021-08-06,0.09,0.77,1.31,16.149999618530273,136.94063230161038,139.2613651190781,136.8700381837061,138.97898864746094,13328800.0,0.0,0.02840331771743254,0.2410493988850803,0.0,135.175830078125,134.68962631225585,0.45646068950445273,0.056451612903225756,1.22,0.54,0.68,-0.06539357773223542,18.010000133514403,-0.840184274824364,0.7321086787285364,0.5,0.5928434714914146
2021-08-09,0.08,0.79,1.33,16.719999313354492,138.9966846687459,139.90556234556138,137.56717689016415,138.8290252685547,9516900.0,0.0,-0.0010790363375478007,0.23561666722756544,0.0,136.26296997070312,134.660066986084,-0.2859897365104136,0.10833333333333339,1.25,0.54,0.7100000000000001,0.035294099584386895,18.03750009536743,-0.826671775207491,0.7102946828184233,0.5,0.5841178731273693
2021-08-10,0.08,0.82,1.36,16.790000915527344,138.3084039610328,141.16739249274676,137.92896215270906,140.5320587158203,8667000.0,0.0,0.01226712817417841,0.23273594607201414,0.0,137.38715515136718,134.81934204101563,-0.08930429026258546,0.14285714285714302,1.28,0.5400000000000001,0.74,0.004186698866484928,18.021000099182128,-0.7945285345192099,0.7076157082902512,0.5,0.5830462833161005
2021-08-11,0.08,0.81,1.35,16.170000076293945,141.18499321421328,142.50860252559653,140.3731811189656,142.20858764648438,9156500.0,0.0,0.011929868145277078,0.23502276890942353,0.0,139.137841796875,135.0858268737793,0.056478596977039386,0.13445378151260523,1.27,0.54,0.7300000000000001,-0.03692679007897037,18.013000106811525,-0.7903457476021333,0.7313432574347729,0.5,0.5925373029739092
2021-08-12,0.09,0.83,1.36,15.59000015258789,142.84395317663672,143.27632369791723,141.6703510420337,142.7645263671875,8844200.0,0.0,0.003909318908961623,0.23511884802107066,0.0,140.66263732910156,135.36510848999023,-0.03410691858242776,0.10569105691056913,1.27,0.5300000000000001,0.74,-0.0358688881242718,17.942000102996825,-0.8138608738534236,0.7535399639917676,0.5,0.6014159855967071
2021-08-13,0.08,0.79,1.29,15.449999809265137,142.76452710451028,143.0910266319355,140.80559726222518,141.16737365722656,8980900.0,0.0,-0.011187321883120216,0.2220029042656336,0.0,141.10031433105468,135.7211585998535,0.015456457339273255,-0.01526717557251911,1.21,0.5,0.7100000000000001,-0.0089801373927193,17.79200005531311,-0.8347505188443507,0.7588978035562235,0.5,0.6035591214224894
2021-08-16,0.08,0.75,1.26,16.1200008392334,140.24966214819074,140.32907548523525,138.34366127241137,140.24082946777344,8755800.0,0.0,-0.006563444267957408,0.18312727719062008,0.0,141.38267517089844,136.24883728027345,-0.02506430313220276,-0.052631578947368474,1.18,0.51,0.67,0.04336576299285588,17.47300009727478,-0.856828621898409,0.7332567376745893,0.5,0.5933026950698357
2021-08-17,0.07,0.77,1.26,17.90999984741211,139.04075915149508,140.17905728862203,137.01122208541403,138.54660034179688,9347200.0,0.0,-0.012080855000689228,0.18297817557060558,0.0,140.98558349609374,136.57091598510743,0.06754379953859146,-0.07352941176470595,1.19,0.49,0.7,0.1110421163144204,17.382000112533568,-0.8220311644133214,0.6647531377637887,0.5,0.5659012551055155
2021-08-18,0.07,0.79,1.27,21.56999969482422,137.92894294435325,139.42903113923518,137.07300765476205,137.2847900390625,8065500.0,0.0,-0.009107479358002823,0.17338600628481657,0.0,140.00082397460938,136.69092407226563,-0.13712127695994525,-0.059259259259259345,1.2,0.48,0.72,0.20435510209906327,17.565000104904176,-0.5978399439480062,0.5246842527671336,0.5,0.5098737011068535
2021-08-19,0.06,0.78,1.24,21.670000076293945,135.14940418454063,137.26717473429835,135.0170351098953,136.1376953125,9517700.0,0.0,-0.00835558495763522,0.16957595137866247,0.0,138.6754577636719,136.83872833251954,0.1800508337982767,-0.08823529411764708,1.18,0.45999999999999996,0.72,0.004636086364605774,17.76400008201599,-0.5432908645913654,0.5208572192929086,0.5,0.5083428877171634
2021-08-20,0.06,0.8,1.26,18.559999465942383,136.19942338803534,136.6847361014185,135.14935769356958,136.52590942382812,6974100.0,0.0,0.0028516283490549466,0.16927464441451004,0.0,137.74716491699218,137.01873855590821,-0.2672494405160911,-0.023255813953488413,1.2,0.45999999999999996,0.74,-0.1435164097555205,17.832000017166138,-0.5905410869339176,0.6398775296732141,0.5,0.5559510118692856
2021-08-23,0.07,0.78,1.25,17.149999618530273,137.0642091582506,138.6172398178698,136.9847958013028,138.27310180664062,7934600.0,0.0,0.012797515066451881,0.17314870434701937,0.0,137.35361938476564,137.24154663085938,0.1377238640111269,-0.007936507936507908,1.18,0.47,0.71,-0.07596982155088206,17.81050000190735,-0.619601134982171,0.6938384899754702,0.5,0.5775353959901881
2021-08-24,0.06,0.8,1.29,17.219999313354492,138.53780239950194,139.90553498869335,138.4230852608647,139.12901306152344,7670900.0,0.0,0.006190005458037051,0.17346610447920416,0.0,137.47010192871093,137.51597595214844,-0.033234189499155575,0.023809523809523725,1.23,0.49,0.74,0.004081614949343004,17.703499937057494,-0.5999347742456352,0.6911595884418902,0.5,0.576463835376756
2021-08-25,0.07,0.84,1.35,16.790000915527344,139.87022366767383,142.75569616047386,139.24372270833126,141.996826171875,11335000.0,0.0,0.020612617363162,0.18549806711003852,0.0,138.41250915527343,137.9227653503418,0.4776623342762909,0.06299212598425208,1.28,0.5100000000000001,0.77,-0.024970871949668183,17.627500009536742,-0.6049885510124234,0.7076157082902512,0.5,0.5830462833161005
2021-08-26,0.07,0.84,1.34,18.84000015258789,143.1792551972781,144.56463968480463,142.1997835712516,142.72923278808594,11027500.0,0.0,0.005157908355813756,0.18453687063234595,0.0,139.73081665039064,138.3088180541992,-0.02712836347595937,0.08064516129032273,1.27,0.5000000000000001,0.77,0.12209643390577263,17.684499979019165,-0.5233085028521763,0.6291618505443024,0.5,0.5516647402177209
2021-08-27,0.07,0.79,1.31,16.389999389648438,142.72919681030018,143.97339273111905,142.29681294339483,143.87632751464844,8780200.0,0.0,0.008036859052312106,0.18079688075413333,0.0,141.20090026855468,138.80605239868163,-0.2037905236907731,0.039682539682539764,1.24,0.52,0.72,-0.13004250228750225,17.591999959945678,-0.5451712448277892,0.7229238421871516,0.5,0.5891695368748606
2021-08-30,0.08,0.77,1.29,16.190000534057617,144.01754199136514,144.2646146848037,141.07912731820102,141.57327270507812,7937600.0,0.0,-0.01600718373448773,0.19218921735411248,0.0,141.86093444824218,139.21504974365234,-0.09596592332748688,0.03200000000000003,1.21,0.52,0.6900000000000001,-0.012202493168921968,17.428500032424928,-0.5167111974579583,0.7305778361410094,0.5,0.5922311344564037
2021-08-31,0.07,0.77,1.3,16.479999542236328,141.57331424840362,142.39394590717697,140.61149430496306,141.14093017578125,12340800.0,0.0,-0.0030538428690387587,0.19071590908102973,0.0,142.26331787109376,139.52653961181642,0.5547268695827454,0.007751937984496138,1.23,0.53,0.7,0.01791222968576589,17.350499963760377,-0.5288811972414335,0.7194795193598081,0.5,0.5877918077439233
2021-09-01,0.07,0.78,1.31,16.110000610351562,141.3791762905091,141.85566989564083,140.2761681203887,140.93797302246094,8729900.0,0.0,-0.0014379751718197609,0.18498532017933864,0.0,142.05154724121093,139.9006805419922,-0.29259853494100874,-0.029629629629629672,1.24,0.53,0.71,-0.022451392121492608,17.25750002861023,-0.5725520047358671,0.733639448321471,0.5,0.5934557793285884
2021-09-02,0.07,0.78,1.29,16.40999984741211,141.20272704822102,142.6057505009924,140.68209685064025,141.5909881591797,8813300.0,0.0,0.00463335127300768,0.1814924285958488,0.0,141.8238983154297,140.22320251464845,0.009553374036357809,-0.03731343283582089,1.22,0.51,0.71,0.018621925865588196,17.21399998664856,-0.6494845725662713,0.722158420893388,0.5,0.5888633683573552
2021-09-03,0.08,0.78,1.33,16.40999984741211,141.52917632397418,141.9703795687605,140.43498742970053,140.73501586914062,7959700.0,0.0,-0.0060453867945095,0.15532716291827006,0.0,141.1956359863281,140.3110038757324,-0.0968536189622502,0.01526717557251911,1.25,0.55,0.7000000000000001,0.0,17.22699999809265,-0.6823426763976195,0.722158420893388,0.5,0.5888633683573552
2021-09-07,0.08,0.82,1.38,18.13999938964844,141.1762215532433,142.40276605636393,140.2673439304358,140.48794555664062,9285600.0,0.0,-0.001755570999684486,0.1554469163530518,0.0,140.97857055664062,140.39394989013672,0.1665766297724789,0.06976744186046502,1.2999999999999998,0.5599999999999999,0.74,0.10542349532740292,17.298000001907347,-0.6986461627873332,0.6559510118692855,0.5,0.5623804047477142
2021-09-08,0.08,0.81,1.35,17.959999084472656,140.20554235180816,140.81440487866988,139.45549157955347,139.8614044189453,7852700.0,0.0,-0.004459750160149545,0.15009965255306668,0.0,140.72266540527343,140.36041717529298,-0.15431420694408549,0.03846153846153855,1.27,0.54,0.7300000000000001,-0.0099228396489639,17.356499910354614,-0.7004368428592869,0.6628396575239723,0.5,0.565135863009589
2021-09-09,0.07,0.79,1.3,18.799999237060547,139.65844844234337,141.91740640909688,139.49078909154576,140.4702606201172,7904300.0,0.0,0.004353282477759901,0.1442775333130423,0.0,140.62912292480468,140.27350082397462,0.006570988322487814,-0.007633587786259555,1.23,0.51,0.72,0.04677061221646239,17.487999868392944,-0.6760674704324694,0.6306926931318293,0.5,0.5522770772527317
2021-09-10,0.08,0.82,1.35,20.950000762939453,141.67918204737174,141.82037031541444,138.73194764036526,138.85548400878906,8311600.0,0.0,-0.01149550519946052,0.14823430783090866,0.0,140.08202209472657,140.0780487060547,0.05152891464139775,0.04651162790697683,1.27,0.5300000000000001,0.74,0.11436178793244811,17.755999898910524,-0.6468751107042976,0.5484117289170631,0.5,0.5193646915668253
2021-09-13,0.07,0.81,1.33,19.3700008392334,139.8878907482811,141.22915229650678,139.48199132918947,141.06149291992188,10052800.0,0.0,0.015887085244636,0.15537537278020758,0.0,140.1473175048828,140.07275466918946,0.2094903508349777,0.0,1.26,0.52,0.74,-0.07541765470963968,17.951999950408936,-0.6061237507870384,0.608878624227124,0.5,0.5435514496908496
2021-09-14,0.07,0.79,1.28,19.459999084472656,141.582087728084,142.36742879420936,137.88480318758363,138.5995635986328,11685600.0,0.0,-0.017452880090292666,0.16593306978597602,0.0,139.76964111328124,139.9906913757324,0.16242240967690602,-0.0724637681159419,1.21,0.49,0.72,0.004646269558077121,18.118999862670897,-0.6303189158962738,0.6054343743943729,0.5,0.5421737497577491
2021-09-15,0.07,0.81,1.31,18.18000030517578,138.2907490993314,140.02909099835918,138.07014747219037,139.56141662597656,11691500.0,0.0,0.006939798382981532,0.1620729549207148,0.0,139.7096435546875,140.04143218994142,0.0005048949133976688,-0.029629629629629672,1.24,0.5,0.74,-0.06577589103373593,18.13249988555908,-0.6434813982136148,0.6544201692817586,0.5,0.5617680677127035
2021-09-16,0.07,0.84,1.34,18.690000534057617,140.66444754958064,141.9351152820763,138.73197482844824,139.49966430664062,10880900.0,0.0,-0.0004424741510143937,0.15819310776335652,0.0,139.5155242919922,140.1521759033203,-0.06933242098960779,0.030769230769230882,1.27,0.5000000000000001,0.77,0.0280528173993837,17.988499927520753,-0.5928220746436437,0.6349023642583438,0.5,0.5539609457033375
2021-09-17,0.07,0.88,1.37,20.809999465942383,138.8731062673003,140.31141936457183,138.53778756838295,139.1378173828125,13350400.0,0.0,-0.0025938910005742777,0.155037885126554,0.0,139.57199096679688,140.30218200683595,0.22695732889742581,0.014814814814814836,1.3,0.4900000000000001,0.81,0.11342958112931156,17.945499897003174,-0.46431708041441605,0.553769604978815,0.5,0.521507841991526
2021-09-20,0.07,0.83,1.31,25.709999084472656,135.79353194974257,136.38474267247824,132.79335531940697,134.972900390625,15819900.0,0.0,-0.029933752523431445,0.1899684644673185,0.0,138.3542724609375,140.2245315551758,0.1849757310642377,-0.015037593984962405,1.24,0.4800000000000001,0.76,0.2354637070774368,18.302999877929686,-0.736489956240963,0.36624569468770907,0.5,0.4464982778750836
2021-09-21,0.07,0.84,1.33,24.36000061035156,135.4758658077096,136.37592418742636,134.63758234453573,134.99053955078125,8999900.0,0.0,0.00013068667936444456,0.1834133978738083,0.0,137.6324676513672,140.0604034423828,-0.4311025986257815,0.0390625,1.26,0.4900000000000001,0.77,-0.05250869397877256,18.663499927520753,-0.8504355610414633,0.4179103911086748,0.5,0.4671641564434699
2021-09-22,0.08,0.86,1.32,20.8700008392334,136.94948947355948,138.75842553591713,136.86125690006335,137.5760040283203,11236200.0,0.0,0.01915293091014325,0.19564545052870336,0.0,137.23538513183593,139.98275299072264,0.24848053867265185,0.007633587786259444,1.24,0.4600000000000001,0.78,-0.1432676389028955,18.846000003814698,-0.8781544388150189,0.5514733410975248,0.5,0.52058933643901
2021-09-23,0.08,0.94,1.41,18.6299991607666,139.42021143051676,142.6939451042889,139.1290157023009,142.22625732421875,12336100.0,0.0,0.03380134005739244,0.21874887347030117,0.0,137.78070373535155,139.99422454833984,0.09788896602054065,0.05223880597014907,1.3299999999999998,0.47,0.86,-0.10733117337761822,18.93799991607666,-0.8559597724940835,0.6371986281396342,0.5,0.5548794512558537
2021-09-24,0.08,0.97,1.47,17.75,142.4557113515801,144.35287999190146,141.90862361546894,143.8675537109375,10102400.0,0.0,0.011540037807345582,0.2218300816900754,0.0,138.72665100097657,140.05114059448243,-0.18107019236225386,0.07299270072992692,1.39,0.5,0.89,-0.04723559851896364,18.883499908447266,-0.8571156452760703,0.6708763621247119,0.5,0.5683505448498848
2021-09-27,0.09,0.98,1.48,18.76000022888184,145.5970318922224,147.71480151578345,145.25289399178246,147.3441925048828,13220900.0,0.0,0.02416555160818734,0.23604057342399165,0.0,141.20090942382814,140.22453384399415,0.3086890243902438,0.1297709923664121,1.39,0.5,0.89,0.05690142134545573,19.001999950408937,-0.6917546876785655,0.6322234627247638,0.5,0.5528893850899055
2021-09-28,0.09,1.02,1.54,23.25,147.9795274047677,149.3913828093689,146.1794245551296,146.55003356933594,13387900.0,0.0,-0.005389821763898572,0.2286092462507825,0.0,143.51280822753907,140.47337188720704,0.0126315152523655,0.1578947368421053,1.45,0.52,0.93,0.23933900406917963,19.354999923706053,-0.4114649409739585,0.4603903239828476,0.5,0.48415612959313903
2021-09-29,0.09,1.01,1.55,22.559999465942383,146.66479808898353,147.2736472962202,145.632370580359,146.43536376953125,7777100.0,0.0,-0.0007824617778093845,0.22810766290920545,0.0,145.28468017578126,140.73809356689452,-0.4190948543087415,0.1742424242424243,1.46,0.54,0.92,-0.029677442325058756,19.658999919891357,-0.26210300113435236,0.48679677466094917,0.5,0.49471870986437966
2021-09-30,0.09,0.98,1.52,23.13999938964844,147.2912543236252,147.35302922602833,143.6469120864748,144.4410858154297,13161200.0,0.0,-0.013618827466023053,0.23450866009959012,0.0,145.72764587402344,140.91324920654296,0.6923017577246018,0.07801418439716312,1.43,0.54,0.89,0.025709217084940672,20.0104998588562,-0.18522770158255877,0.46460006810395427,0.5,0.4858400272415817
2021-10-01,0.09,0.93,1.48,21.100000381469727,144.7146565444162,148.50900693938615,144.36169935326012,147.47659301757812,11285000.0,0.0,0.021015538515317456,0.24456209459234474,0.0,146.44945373535157,141.2075294494629,-0.14255539008601037,0.006802721088435382,1.39,0.5499999999999999,0.8400000000000001,-0.08815899144281303,20.244999885559082,-0.13321308377610186,0.5426712152030216,0.5,0.5170684860812087
2021-10-04,0.09,0.95,1.49,22.959999084472656,147.33535514001994,150.39730554099538,146.24116667277897,147.3177032470703,14120000.0,0.0,-0.001077389755599234,0.24298453412154752,0.0,146.44415588378905,141.5366638183594,0.2512184315463004,0.006756756756756799,1.4,0.54,0.86,0.08815159570501252,20.57249984741211,-0.060710426793720025,0.4714887137586411,0.5,0.48859548550345644
2021-10-05,0.09,0.98,1.54,21.299999237060547,148.4362533330147,151.03727670256924,147.95687505445758,149.72344970703125,12292900.0,0.0,0.016330328310415032,0.24732505257591203,0.0,147.07883911132814,141.9984390258789,-0.12939801699716713,0.0,1.45,0.56,0.89,-0.07229964780507026,20.730499839782716,-0.04679843428672941,0.5350172212491637,0.5,0.5140068884996655
2021-10-06,0.1,0.99,1.53,21.0,149.1287059952723,150.11407982266005,147.36213099429037,150.04306030273438,8692600.0,0.0,0.002134672934189785,0.24568194813847063,0.0,147.80037841796874,142.50752182006835,-0.2928763757941576,-0.012903225806451646,1.43,0.54,0.89,-0.014084471727988102,20.88249988555908,-0.07222050424940062,0.5464982486772467,0.5,0.5185992994708987
2021-10-07,0.1,1.02,1.58,19.540000915527344,151.9782784060651,152.25347055621103,150.50465397141386,150.99290466308594,10195400.0,0.0,0.006330478453552724,0.24585898987985447,0.0,149.1107421875,143.0336540222168,0.17288268182131938,0.03947368421052633,1.48,0.56,0.92,-0.06952376592726939,20.919499969482423,-0.14485928975739806,0.6023726892193191,0.5,0.5409490756877277
2021-10-08,0.09,1.05,1.61,18.770000457763672,150.93076488021697,152.1025529467074,150.2916028273725,151.10830688476562,8190100.0,0.0,0.0007642890368735333,0.23955863096713512,0.0,149.8370849609375,143.64629516601562,-0.19668674107931028,0.08783783783783794,1.52,0.56,0.9600000000000001,-0.039406367537669684,20.810499954223634,-0.20716035988045325,0.6318407520778823,0.5,0.5527363008311529
2021-10-11,0.095,1.065,1.6,20.0,151.62315402083323,152.05812980214418,147.7704378531969,147.9302215576172,12154700.0,0.0,-0.021031837313695956,0.2515131309708594,0.0,149.95958862304687,143.9897315979004,0.48407223355026185,0.0738255033557047,1.5050000000000001,0.5350000000000001,0.97,0.06553007523916032,20.84199991226196,-0.24007745198798602,0.5847684374303129,0.5,0.5339073749721251
2021-10-12,0.1,1.08,1.59,19.850000381469727,147.1402180836766,147.97468061295385,146.27025256288522,146.79400634765625,13032600.0,0.0,-0.007680751086541093,0.2434957037925352,0.0,149.3736999511719,144.39945373535156,0.0722272042913441,0.032467532467532534,1.49,0.51,0.9800000000000001,-0.007499980926513716,20.861499977111816,-0.2949217352639124,0.5905089511443544,0.5,0.5362035804577417
2021-10-13,0.11,1.09,1.56,18.63999938964844,145.64887244783066,146.83841926922085,142.56846931120322,142.92355346679688,22753500.0,0.0,-0.026366559351836738,0.26415122205315933,0.0,147.94979858398438,144.56756057739258,0.7458910731550112,0.019607843137254832,1.45,0.47,0.9800000000000001,-0.06095722763566491,20.884499931335448,-0.3518035895598851,0.6368159174927523,0.5,0.554726366997101
2021-10-14,0.1,1.05,1.52,16.860000610351562,143.5893098167956,145.59556052113143,142.089054582482,145.11619567871094,15176800.0,0.0,0.015341363678194941,0.2686558550404861,0.0,146.7744567871094,144.8483871459961,-0.3329905289296152,-0.03797468354430378,1.42,0.47,0.9500000000000001,-0.09549349987025135,20.792999935150146,-0.4008573146643271,0.7049368067566714,0.5,0.5819747227026686
2021-10-15,0.12,1.13,1.59,16.299999237060547,146.78509865931744,148.40074852337628,145.71094717266894,147.90362548828125,14267400.0,0.0,0.019208261328333753,0.2746704330308269,0.0,146.1335205078125,145.28667755126952,-0.05992040482842231,-0.012422360248447228,1.4700000000000002,0.4600000000000002,1.0099999999999998,-0.033214789621489715,20.567499923706055,-0.4302170786601677,0.7263681650144949,0.5,0.590547266005798
2021-10-18,0.11,1.16,1.59,16.309999465942383,147.7882251588793,149.67908081294712,147.28222973680852,147.85037231445312,12672900.0,0.0,-0.0003600532012134616,0.245905892110606,0.0,146.1175506591797,145.93055114746093,-0.11175827410740569,-0.006249999999999978,1.48,0.43000000000000016,1.0499999999999998,0.0006135110030618396,20.097499942779542,-0.2678745909500453,0.7259854543676131,0.5,0.5903941817470453
2021-10-19,0.11,1.17,1.65,15.699999809265137,148.60493659348077,149.71459117839504,147.8770102294829,149.64358520507812,8053900.0,0.0,0.012128565268751057,0.24664849542471898,0.0,146.68746643066407,146.66320343017577,-0.364478532932478,0.037735849056603765,1.5399999999999998,0.48,1.0599999999999998,-0.037400348047283094,19.66449990272522,-0.09106556656499303,0.7493302563679569,0.5,0.5997321025471828
2021-10-20,0.1,1.16,1.65,15.489999771118164,149.40390956297952,151.68535255263262,148.65822486527424,151.65872192382812,8185600.0,0.0,0.013466241910659704,0.24320834373268727,0.0,148.43450012207032,147.36733932495116,0.016352326202212497,0.05769230769230771,1.5499999999999998,0.49,1.0599999999999998,-0.013375798770586256,19.395499849319457,-0.1515605437245154,0.7573669974659927,0.5,0.602946798986397
2021-10-21,0.12,1.23,1.68,15.010000228881836,151.58770430673212,152.09371335156658,149.7412372613683,150.46917724609375,8415200.0,0.0,-0.007843562590035713,0.22176912301773624,0.0,149.50509643554688,147.77948532104492,0.028049257232212632,0.10526315789473673,1.56,0.44999999999999996,1.1099999999999999,-0.03098770492762115,19.21449990272522,-0.27855324455136843,0.7757366705487623,0.5,0.610294668219505
2021-10-22,0.13,1.22,1.66,15.43000030517578,150.9396628134963,152.76837150680382,150.64671236084186,152.49317932128906,8817900.0,0.0,0.013451273624531357,0.22285624914494395,0.0,150.42300720214843,148.2107666015625,0.04785388344899699,0.04402515723270439,1.5299999999999998,0.43999999999999995,1.0899999999999999,0.02798135042568428,19.098499917984007,-0.4309420022143468,0.7596631883526909,0.5,0.6038652753410764
2021-10-25,0.14,1.19,1.64,15.239999771118164,153.31875694687224,153.54068785849694,151.33912346235658,151.7474822998047,10159200.0,0.0,-0.004890035244876523,0.20975276519435027,0.0,151.20242919921876,148.4309310913086,0.152111046847889,0.03144654088050314,1.5,0.44999999999999996,1.0499999999999998,-0.012313709027852893,18.922499895095825,-0.4841387134134054,0.7669345446542593,0.5,0.6067738178617037
2021-10-26,0.14,1.2,1.63,15.979999542236328,151.8007539480115,153.12346714829795,151.3923950825952,152.1558380126953,8015100.0,0.0,0.0026910213382245196,0.2081586585312482,0.0,151.7048797607422,148.71122131347656,-0.21105008268367587,-0.012121212121212088,1.4899999999999998,0.42999999999999994,1.06,0.04855641615694517,18.558999872207643,-0.49342337248619256,0.7386146137363413,0.5,0.5954458454945365
2021-10-27,0.12,1.16,1.54,16.979999542236328,151.197131583494,151.5344574331487,148.55170477604668,148.9866943359375,9847000.0,0.0,-0.02082827526140263,0.22327495423326868,0.0,151.17047424316405,148.8387878417969,0.2285561003605694,-0.06666666666666654,1.42,0.3800000000000001,1.04,0.0625782245710913,18.279999876022337,-0.4612559278274717,0.7003444249832751,0.5,0.58013776999331
2021-10-28,0.15,1.18,1.57,16.530000686645508,149.40389638735192,151.3657581127488,149.10207359045828,151.23260498046875,7212900.0,0.0,0.015074571957863103,0.2216537439361055,0.0,151.32315979003906,149.17836380004883,-0.2675027927287499,-0.06547619047619035,1.4200000000000002,0.3900000000000001,1.03,-0.026501700101433157,17.949499940872194,-0.3712484906614955,0.7175659661253995,0.5,0.5870263864501598
2021-10-29,0.15,1.18,1.55,16.260000228881836,151.96054156249457,152.9015400943602,150.37152204624095,150.8153839111328,8140100.0,0.0,-0.002758803694413836,0.2109688683238547,0.0,150.98760070800782,149.34530334472657,0.1285474635722108,-0.06626506024096379,1.4000000000000001,0.3700000000000001,1.03,-0.01633396530841069,17.707499933242797,-0.3563126128445128,0.7278989346074296,0.5,0.5911595738429718
2021-11-01,0.15,1.2,1.58,16.40999984741211,152.7239658757041,152.98141331145612,150.0341643863311,150.7354736328125,7435500.0,0.0,-0.0005298549541034037,0.21089927207372783,0.0,150.7851989746094,149.51619186401368,-0.08655913318018205,-0.03658536585365846,1.4300000000000002,0.3800000000000001,1.05,0.009225068660444258,17.379999971389772,-0.31558946233494095,0.722158420893388,0.5,0.5888633683573552
2021-11-02,0.15,1.15,1.56,16.030000686645508,150.73547277416088,152.413269867337,149.95427165713926,151.3302459716797,7173800.0,0.0,0.003945802036725787,0.20359485305246497,0.0,150.62008056640624,149.5965316772461,-0.03519601909757242,-0.04294478527607348,1.4100000000000001,0.41000000000000014,0.9999999999999999,-0.023156560895795986,17.116500043869017,-0.37938615469002446,0.7367010605019326,0.5,0.594680424200773
2021-11-03,0.17,1.19,1.6,15.100000381469728,151.02843035912286,151.91615401764597,150.15845142094682,151.38351440429688,8402700.0,0.0,0.0003520012293323216,0.20351638346849876,0.0,151.0994445800781,149.6635543823242,0.17130391145557455,0.038961038961039085,1.4300000000000002,0.41000000000000014,1.02,-0.05801623614093521,16.821500062942505,-0.4833221922507352,0.772292347721419,0.5,0.6089169390885676
2021-11-04,0.14,1.1,1.53,15.4399995803833,150.91301764530465,151.09055966282864,147.79711256915726,149.39500427246094,9574200.0,0.0,-0.013135579126041796,0.20783345395937902,0.0,150.73192443847657,149.58365936279296,0.1394194723124711,-0.02547770700636942,1.3900000000000001,0.42999999999999994,0.9600000000000001,0.022516502670477445,16.616499996185304,-0.5704006916074409,0.7592805142031052,0.5,0.6037122056812421
2021-11-05,0.14,1.04,1.45,16.479999542236328,149.93650269353003,150.99289588896477,148.61380326864656,149.18194580078125,7975600.0,0.0,-0.0014261418761440936,0.20780913965327755,0.0,150.40523681640624,149.48734130859376,-0.16696956403668195,-0.06451612903225812,1.31,0.4099999999999999,0.9,0.06735751231330078,16.501999950408937,-0.6623428077893492,0.7194795193598081,0.5,0.5877918077439233
2021-11-08,0.16,1.13,1.51,17.219999313354492,150.06967988635157,151.72971871249374,149.7944877328828,150.07855224609375,6413700.0,0.0,0.006010153846027988,0.1941994048354606,0.0,150.2738525390625,149.5947578430176,-0.195834796128191,-0.044303797468354444,1.35,0.3800000000000001,0.9699999999999999,0.044902899980162614,16.36299991607666,-0.6954795207634736,0.6911595884418902,0.5,0.576463835376756
2021-11-09,0.14,1.08,1.46,17.780000686645508,148.56057654512898,149.5548228210101,147.89478372561797,148.94229125976562,7990300.0,0.0,-0.007571108391723591,0.19413633512720457,0.0,149.7962615966797,149.70217208862306,0.2458175468138517,-0.06410256410256421,1.3199999999999998,0.3799999999999999,0.9400000000000001,0.03252040624976815,16.259499931335448,-0.7044438883256723,0.6697282301840668,0.5,0.5678912920736268
2021-11-10,0.17,1.23,1.56,18.729999542236328,148.6493357838505,149.98092137799472,148.3297546994323,148.8002471923828,6999200.0,0.0,-0.0009536852574335564,0.1658743509880517,0.0,149.27960815429688,149.99600677490236,-0.12403789594883796,-0.025000000000000022,1.3900000000000001,0.33000000000000007,1.06,0.05343075471894454,16.263999938964844,-0.4895548542463131,0.6333715946654092,0.5,0.5533486378661636
2021-11-11,0.17,1.2349999999999999,1.57,17.65999984741211,148.7115051980653,149.74125458363417,148.16110719246393,148.79139709472656,5815300.0,0.0,-5.947636393910383e-05,0.15836841840534255,0.0,149.15888671875,150.1797668457031,-0.16914790261744195,0.026143790849673332,1.4000000000000001,0.3350000000000002,1.065,-0.057127587879079234,16.30399990081787,-0.5526441876576429,0.6743206849520553,0.5,0.5697282739808222
2021-11-12,0.17,1.24,1.58,16.290000915527344,148.8268449476939,148.90675036034077,147.11354503021204,148.12554931640625,8113400.0,0.0,-0.0044750421820181074,0.14455607747679772,0.0,148.947607421875,150.19086303710938,0.395181675923856,0.08965517241379328,1.4100000000000001,0.3400000000000001,1.07,-0.07757638412921752,16.30349998474121,-0.5590455477083975,0.7267508026667844,0.5,0.5907003210667138
2021-11-15,0.18,1.26,1.63,16.489999771118164,148.43629676330428,148.95116462708512,147.36214504717802,147.85926818847656,6492500.0,0.0,-0.001797671834187664,0.14470865115658124,0.0,148.50375061035157,150.19130783081056,-0.1997806098553011,0.07947019867549665,1.45,0.3699999999999999,1.08,0.012277399898743102,16.3125,-0.5750102488231739,0.7190968087129264,0.5,0.5876387234851705
2021-11-16,0.17,1.27,1.63,16.3700008392334,148.3031340804221,148.31201998749316,146.5809477618014,146.79400634765625,9706100.0,0.0,-0.007204565894796788,0.13947016525273145,0.0,148.0740936279297,150.04882888793946,0.4949711205236811,0.11643835616438358,1.46,0.3599999999999999,1.1,-0.007277072986680122,16.346000051498415,-0.5259461592582283,0.7236891904863227,0.5,0.5894756761945291
2021-11-17,0.18,1.24,1.6,17.110000610351562,146.6608419388863,146.97153711395157,145.04517826442645,146.00392150878906,9909600.0,0.0,-0.005382269062103262,0.1293574863469818,0.0,147.51482849121095,149.7660888671875,0.020966196515593394,0.025641025641025772,1.4200000000000002,0.3600000000000001,1.06,0.04520462633970257,16.427000093460084,-0.5117873650188405,0.6953692595684048,0.5,0.5781477038273619
2021-11-18,0.18,1.22,1.59,17.59000015258789,145.93289363536465,146.34125248380784,144.30835769306057,144.74334716796875,8122500.0,0.0,-0.008633838925651283,0.12987118620634844,0.0,146.70521850585936,149.47979736328125,-0.18034027609590697,0.01273885350318471,1.4100000000000001,0.3700000000000001,1.04,0.028053741970408108,16.556000089645387,-0.5580146857234802,0.6769995864856351,0.5,0.570799834594254
2021-11-19,0.18,1.22,1.54,17.90999984741211,143.18983261989092,143.90888663503773,141.54753838990771,142.8524932861328,12193600.0,0.0,-0.013063494238817586,0.12216102097282007,0.0,145.65060729980468,148.99776306152344,0.5012126808248691,-0.025316455696202556,1.36,0.32000000000000006,1.04,0.01819213712611245,16.680000066757202,-0.5744259946522148,0.6647531377637887,0.5,0.5659012551055155
2021-11-22,0.2,1.33,1.63,19.170000076293945,145.72871498582677,147.34436495575113,144.69007995967803,145.8973846435547,14549900.0,0.0,0.021314933239022782,0.1497433648116147,0.0,145.25823059082032,148.70525817871095,0.19324071644141183,0.0,1.43,0.2999999999999998,1.1300000000000001,0.07035177217290145,16.87650008201599,-0.5783689012211142,0.6165326911755742,0.5,0.5466130764702297
2021-11-23,0.21,1.33,1.67,19.3799991607666,146.91828319036003,149.63471574549772,146.80287476625622,149.3861541748047,12354400.0,0.0,0.02391248849164418,0.1751971613272092,0.0,145.77666015625,148.5667739868164,-0.15089450786603342,0.024539877300613577,1.46,0.33999999999999986,1.12,0.010954568786483598,17.046500062942506,-0.4442670250230881,0.6084959865748345,0.5,0.5433983946299338
2021-11-24,0.24,1.34,1.64,18.57999992370605,149.54591023199765,150.4158754893731,147.75270492772154,148.21432495117188,9629800.0,0.0,-0.007844296080221635,0.16106195636569415,0.0,146.21874084472657,148.5281555175781,-0.22053681279544135,0.02499999999999991,1.4,0.2999999999999998,1.1,-0.04127963218285846,17.12650008201599,-0.4345875788836447,0.6391121083794508,0.5,0.5556448433517803
2021-11-26,0.2,1.16,1.48,28.6200008392334,143.93551239964296,144.38824658577076,140.98827691858202,143.74908447265625,13619300.0,0.0,-0.030126915734944415,0.1826383227226742,0.0,146.01988830566407,148.1539794921875,0.414286901077904,-0.06918238993710701,1.28,0.32000000000000006,0.96,0.5403660364237894,17.731000089645384,-0.5442973178319572,0.2548793782612615,0.5,0.4019517513045046
2021-11-29,0.21,1.18,1.52,22.959999084472656,144.97413697643654,146.27909173433054,141.8759903237604,143.12767028808594,12104400.0,0.0,-0.004322908816080218,0.1827553215681485,0.0,146.07492370605468,147.76959381103515,-0.11123185479429931,-0.012987012987012991,1.31,0.3400000000000001,0.97,-0.19776385705068866,18.066000032424927,-0.6081275134236248,0.4714887137586411,0.5,0.48859548550345644
2021-11-30,0.24,1.14,1.43,27.190000534057617,141.29012761252096,142.5950827223778,140.5177986717218,140.99717712402344,18922600.0,0.0,-0.014885264042754698,0.18768853585541162,0.0,145.09488220214843,147.2826789855957,0.5632827732064374,-0.12269938650306744,1.19,0.29000000000000004,0.8999999999999999,0.1842335199588756,18.605000066757203,-0.7122874115155241,0.309605759857281,0.5,0.4238423039429124
2021-12-01,0.25,1.15,1.43,31.1200008392334,142.92349479520567,144.93863109222534,140.08278207982204,140.1626739501953,12253400.0,0.0,-0.005918580718067057,0.18591828732224097,0.0,143.25018615722655,146.72430038452148,-0.35244628116643595,-0.14371257485029942,1.18,0.28,0.8999999999999999,0.14453844163236207,19.359500074386595,-0.7859652505473519,0.15920390637859594,0.5,0.36368156255143835
2021-12-02,0.27,1.21,1.44,27.950000762939453,141.88487656937767,144.9208899117364,140.97052226797672,143.1099395751953,12969900.0,0.0,0.021027464316550226,0.20544415876787117,0.0,142.22930908203125,146.3106216430664,0.05847356652031266,-0.12195121951219512,1.17,0.22999999999999998,0.94,-0.10186375291794603,20.002000093460083,-0.7878630462371348,0.2805204076455996,0.5,0.4122081630582398
2021-12-03,0.26,1.13,1.35,30.670000076293945,143.36735991705172,143.660310327492,139.54127340792155,140.51776123046875,12681800.0,0.0,-0.01811319571806913,0.20950857335466114,0.0,141.58304443359376,145.86675949096679,-0.02221297003060929,-0.08783783783783772,1.09,0.2200000000000002,0.8699999999999999,0.09731660962818656,20.763500118255614,-0.8135363804912762,0.17642552051531257,0.5,0.370570208206125
2021-12-06,0.28,1.21,1.43,27.18000030517578,142.93238291823403,144.35274620536836,141.55642206920868,142.17782592773438,11186500.0,0.0,0.011813913648559327,0.21597875004393519,0.0,141.39307556152343,145.51655349731445,-0.11790912961882383,-0.05921052631578949,1.15,0.21999999999999997,0.9299999999999999,-0.11379197138690988,21.29850015640259,-0.8176630150822758,0.30998847050416267,0.5,0.42399538820166505
2021-12-07,0.31,1.26,1.48,21.88999938964844,143.7047139755295,145.0451718589263,143.06555184084783,144.31724548339844,9851600.0,0.0,0.015047490997305513,0.2228707093703614,0.0,142.05708923339844,145.22848815917968,-0.11933133687927411,0.034965034965035,1.17,0.21999999999999997,0.95,-0.19462843473625668,21.532000160217287,-0.81565975398614,0.512437804045287,0.5,0.5049751216181149
2021-12-08,0.29,1.27,1.52,19.899999618530277,144.3971505477642,144.93866258504497,142.18671350137106,142.6660919189453,11705700.0,0.0,-0.011441138298631581,0.22460224606061185,0.0,142.55777282714843,144.91467819213867,0.18820293150351208,0.06293706293706292,1.23,0.25,0.98,-0.0909090829878787,21.638000106811525,-0.7827958161440703,0.5885954709045378,0.5,0.5354381883618151
2021-12-09,0.28,1.26,1.49,21.57999992370605,141.72510042855387,142.8613858183416,140.8373766211828,142.4441680908203,11189600.0,0.0,-0.001555547118029188,0.22457325222160407,0.0,142.42461853027345,144.59687423706055,-0.044089631547024055,0.03472222222222232,1.21,0.22999999999999998,0.98,0.08442212750654576,21.78050012588501,-0.7727424286164175,0.5243015421202522,0.5,0.5097206168481009
2021-12-10,0.27,1.25,1.48,18.690000534057617,143.20756181522762,143.54488753492038,141.2634451789516,141.8759765625,10405400.0,0.0,-0.003988871822102502,0.2245362444708228,0.0,142.69626159667968,144.25110321044923,-0.07008293415314215,0.0962962962962961,1.21,0.22999999999999998,0.98,-0.1339202687611557,21.832000160217284,-0.7137712356773813,0.6349023642583438,0.5,0.5539609457033375
2021-12-13,0.27,1.21,1.42,20.309999465942383,141.59188995158678,141.84932379144144,139.62114281344142,140.1892852783203,12069000.0,0.0,-0.011888491096564535,0.22702489460727757,0.0,142.29855346679688,143.85429000854492,0.15987852461222052,-0.006993006993006978,1.15,0.20999999999999996,0.94,0.08667730795045947,22.03300008773804,-0.6261328595570422,0.5729046993553482,0.5,0.5291618797421392
2021-12-14,0.26,1.23,1.44,21.88999938964844,139.77209068487107,142.82586231088433,139.6389375511274,141.2634735107422,12563600.0,0.0,0.007662413217167652,0.22996181929907492,0.0,141.68779907226562,143.5245002746582,0.040981025768497714,-0.027027027027027084,1.18,0.20999999999999996,0.97,0.07779418834331064,22.303000068664552,-0.5742762668347487,0.512437804045287,0.5,0.5049751216181149
2021-12-15,0.29,1.26,1.47,19.290000915527344,141.90261702457528,141.90261702457528,139.68330811612452,140.20706176757812,14014200.0,0.0,-0.007478307852055832,0.23004319400517853,0.0,141.19599304199218,143.1951530456543,0.1154605367888184,-0.03289473684210531,1.18,0.20999999999999996,0.97,-0.11877563027025984,22.449000072479247,-0.46387304330327894,0.6119402364075857,0.5,0.5447760945630342
2021-12-16,0.26,1.19,1.44,20.56999969482422,142.38199149061748,143.6514433164565,140.8817363989839,142.39974975585938,19542800.0,0.0,0.01563892688883306,0.23813742436831703,0.0,141.187109375,143.01494445800782,0.3944998644232278,-0.033557046979865834,1.18,0.25,0.9299999999999999,0.0663555582450257,22.62200002670288,-0.4145905348596868,0.5629544415201999,0.5,0.52518177660808
2021-12-17,0.27,1.18,1.41,21.56999969482422,141.43212968030053,141.48539092871525,137.75694099263876,139.1595458984375,17345400.0,0.0,-0.02275428055861839,0.2490538396359262,0.0,140.6438232421875,142.73575439453126,-0.11244038725259431,-0.04729729729729737,1.14,0.22999999999999998,0.9099999999999999,0.04861448783840361,22.821000003814696,-0.3474297083597382,0.5246842527671336,0.5,0.5098737011068535
2021-12-20,0.27,1.17,1.43,22.8700008392334,137.1621997469787,137.33086943662408,134.79197882151786,136.6562042236328,15148000.0,0.0,-0.017989004337738312,0.2525843281795011,0.0,139.93720703125,142.42593994140626,-0.1266848847533063,0.007042253521126751,1.16,0.26,0.8999999999999999,0.06026894588789067,23.069000053405762,-0.31282845268484116,0.47493296359139225,0.5,0.4899731854365569
2021-12-21,0.29,1.24,1.48,21.01000022888184,137.9611128207598,139.53237366789037,137.67703479798337,138.56475830078125,11291300.0,0.0,0.013966098999977694,0.24477733182357794,0.0,139.3974639892578,142.05930862426757,-0.25460126749405865,0.0277777777777779,1.19,0.24,0.95,-0.08132927599900808,23.161000061035157,-0.22131503733074875,0.5461155380303648,0.5,0.518446215212146
2021-12-22,0.28,1.23,1.46,18.6299991607666,138.26298830195188,139.42590436692416,137.8102540192378,139.1063232421875,7273000.0,0.0,0.003908388742184243,0.22574949192710123,0.0,139.17731628417968,141.54531707763672,-0.3558757627553958,-0.006802721088435382,1.18,0.22999999999999998,0.95,-0.11327944037066306,23.123500061035156,-0.05144817620601157,0.6371986281396342,0.5,0.5548794512558537
2021-12-23,0.31,1.25,1.5,17.959999084472656,139.91411749249906,141.2545752554857,139.5590334698338,139.60340881347656,8055200.0,0.0,0.0035734218237055693,0.2264468789141808,0.0,138.61804809570313,141.11477127075196,0.10754846693248998,0.04166666666666674,1.19,0.25,0.94,-0.035963505446898525,23.092500019073487,0.19631593799884256,0.6628396575239723,0.5,0.565135863009589
2021-12-27,0.33,1.26,1.48,17.68000030517578,139.9052511960677,140.4378772531484,138.78671073958142,140.40237426757812,6188100.0,0.0,0.0057231084891993245,0.20389141641778616,0.0,138.86661376953126,140.94743576049805,-0.23178816168437777,0.049645390070921946,1.15,0.21999999999999997,0.9299999999999999,-0.015590133272275541,22.545499992370605,0.12196236980121583,0.6735552636582918,0.5,0.5694221054633167
2021-12-28,0.39,1.27,1.49,17.540000915527344,140.43789060459122,142.16894915945403,140.33136809216552,140.8284912109375,6342300.0,0.0,0.0030349696405225224,0.20402098922838477,0.0,139.7010711669922,140.8324768066406,0.024918795753139156,0.04195804195804209,1.1,0.21999999999999997,0.88,-0.007918517377369816,22.27450008392334,0.11601420569545194,0.6789130667254516,0.5,0.5715652266901806
2021-12-29,0.38,1.29,1.55,16.950000762939453,141.01490899512024,141.70733236718596,140.39349159583065,140.75746154785156,6398900.0,0.0,-0.0005043699785119982,0.1970554416391411,0.0,140.13961181640624,140.82049102783202,0.008924207306497678,0.04729729729729737,1.17,0.26,0.91,-0.03363740717171748,21.762500095367432,0.11249856966771188,0.701492483929328,0.5,0.5805969935717312
2021-12-30,0.38,1.27,1.52,17.329999923706055,141.24571740501003,142.2488495131852,140.58879699545278,140.6864471435547,6948200.0,0.0,-0.000504516091125562,0.19583634270572184,0.0,140.45563659667968,140.8466796875,0.08584287924487022,0.041095890410958846,1.1400000000000001,0.25,0.89,0.02241882853465449,21.073000049591066,0.18506145389085882,0.6869498443207834,0.5,0.5747799377283134
2021-12-31,0.39,1.26,1.52,17.219999313354492,140.6598396960716,141.40552447050283,140.22486368378213,140.57107543945312,5805900.0,0.0,-0.0008200626744369055,0.17980531494148969,0.0,140.649169921875,140.7197364807129,-0.1644022912408969,0.01333333333333342,1.13,0.26,0.87,-0.006347409742402221,20.536499977111816,0.06653120173850698,0.6911595884418902,0.5,0.576463835376756
2022-01-03,0.4,1.37,1.63,16.600000381469727,141.9114984066782,144.37936898613825,141.6007897215053,143.54490661621094,13120900.0,0.0,0.021155356231436828,0.18373880462035463,0.0,141.27767639160157,140.87109375,1.2599252484541585,0.10135135135135132,1.23,0.2599999999999998,0.9700000000000001,-0.03600458516882421,19.832999992370606,0.004754143653503429,0.7148870645918197,0.5,0.5859548258367279
2022-01-04,0.38,1.37,1.66,16.90999984741211,145.86190261288044,149.65248721881213,145.7908830799029,148.9866943359375,20195800.0,0.0,0.03791000215894802,0.22301658615070408,0.0,142.90931701660156,141.21153717041017,0.5392084384455336,0.11409395973154357,1.2799999999999998,0.2899999999999998,0.9900000000000001,0.018674666193889244,19.319499969482422,-0.3002286358296929,0.703023326516855,0.5,0.581209330606742
2022-01-05,0.41,1.43,1.71,19.729999542236328,149.87077145916754,150.35300961220935,146.21820819782113,146.2628631591797,17539400.0,0.0,-0.01828237876475114,0.22930842737333168,0.0,144.0103973388672,141.3088180541992,-0.13153229879479889,0.10322580645161294,1.3,0.28,1.02,0.16676521113368237,19.211499977111817,-0.3532214734697309,0.595101405912343,0.5,0.5380405623649371
2022-01-06,0.45,1.47,1.73,19.61000061035156,149.0581349058741,149.46892794920416,146.34327064452464,147.81680297851562,14047500.0,0.0,0.010624295092902525,0.22709189812315939,0.0,145.43646850585938,141.56635360717775,-0.1990889084005154,0.13815789473684204,1.28,0.26,1.02,-0.0060820544687740785,19.19700002670288,-0.2973424480575003,0.5996937876857393,0.5,0.5398775150742957
2022-01-07,0.43,1.5,1.76,18.76000022888184,147.95074553516426,149.61180957837593,147.40598760629422,149.28138732910156,13913300.0,0.0,0.00990810463407743,0.22843909512979899,0.0,147.17853088378905,141.9082145690918,-0.009553301299163541,0.1578947368421053,1.33,0.26,1.07,-0.04334525012819368,19.05600004196167,-0.30727164476368096,0.6322234627247638,0.5,0.5528893850899055
2022-01-10,0.46,1.53,1.78,19.399999618530277,150.9870836967746,151.20140571744204,147.82569762411396,149.42425537109375,12922500.0,0.0,0.0009570385467896347,0.2272632231115367,0.0,148.35440063476562,142.28562850952147,-0.07121243702069247,0.09202453987730075,1.32,0.25,1.07,0.03411510564179698,19.091499996185302,-0.2604589603460913,0.607730565281071,0.5,0.5430922261124284
2022-01-11,0.46,1.51,1.75,18.40999984741211,150.2637150155545,150.49591538758978,148.52228035920214,149.57608032226562,11854100.0,0.0,0.0010160663059342045,0.22080705362352485,0.0,148.47227783203124,142.75496826171874,-0.08267750048365252,0.054216867469879526,1.29,0.24,1.05,-0.0510309170404597,18.99650001525879,-0.2552622017399723,0.6456180433872556,0.5,0.5582472173549022
2022-01-12,0.48,1.5,1.74,17.6200008392334,150.442333705723,151.45146506821953,149.29922381974978,150.42446899414062,12568000.0,0.0,0.005671954165713755,0.2204026072344115,0.0,149.30459899902343,143.21301803588867,0.06022388878109686,0.01754385964912286,1.26,0.24,1.02,-0.04291140764402346,18.78300008773804,-0.28162460577550985,0.67585145454499,0.5,0.570340581817996
2022-01-13,0.47,1.47,1.7,20.309999465942383,150.3351434222937,151.64792023798148,149.93327602758498,150.23690795898438,13623400.0,0.0,-0.0012468784926443766,0.21747470440641073,0.0,149.7886199951172,143.714510345459,0.08397517504774021,-0.017341040462427793,1.23,0.22999999999999998,1.0,0.15266733817170586,18.834000015258788,-0.1896818190014611,0.5729046993553482,0.5,0.5291618797421392
2022-01-14,0.51,1.55,1.78,19.190000534057617,143.56588779923814,143.80701372863592,140.118734070285,141.0028533935547,16542266.666666666,0.0,-0.061463289486433315,0.3122066348016084,0.0,148.1329132080078,143.64466552734376,0.21425390626911534,0.011363636363636465,1.27,0.22999999999999998,1.04,-0.05514519750543956,18.76500005722046,-0.1855165242104771,0.6157672698818107,0.5,0.5463069079527243
2022-01-18,0.58,1.65,1.87,22.790000915527344,139.11852392455685,139.11852392455685,134.4389640627138,135.0908966064453,19461133.333333332,0.0,-0.041927923051375715,0.3369310573722757,0.0,145.26624145507813,143.44123306274415,0.17644901545132874,0.050561797752809,1.29,0.2200000000000002,1.0699999999999998,0.18759772179685963,18.826000118255614,-0.28740842302506686,0.4779945757718539,0.5,0.49119783030874153
2022-01-19,0.57,1.62,1.83,23.850000381469727,135.35882662442782,135.9482259220611,132.6618271194621,133.0011749267578,22380000.0,0.0,-0.015469004442063894,0.33538720865093025,0.0,141.95126037597657,143.25848159790038,0.14998441337777524,0.04571428571428582,1.2600000000000002,0.20999999999999996,1.0500000000000003,0.04651160260463971,18.875000095367433,-0.3789890175072337,0.4374281961320895,0.5,0.4749712784528358
2022-01-20,0.6,1.62,1.83,25.59000015258789,133.054740271165,134.50146838453384,131.59907298928616,131.8669891357422,14860800.0,0.0,-0.008527637380949527,0.33143210332582673,0.0,138.23976440429686,142.92359313964843,-0.33597855227882034,0.051724137931034475,1.23,0.20999999999999996,1.02,0.07295596407914773,19.104000091552734,-0.5204916098794701,0.37083807646110534,0.5,0.44833523058444213
2022-01-21,0.58,1.54,1.75,28.850000381469727,131.7240937938021,131.7330193351979,128.83956321639238,129.56292724609375,20705400.0,0.0,-0.017472620742683853,0.33482389719310995,0.0,134.10496826171874,142.44642333984376,0.3932897286821706,0.02941176470588247,1.17,0.20999999999999996,0.9600000000000001,0.12739352127562054,19.61500015258789,-0.6630965499905649,0.24607725236675837,0.5,0.39843090094670336
2022-01-24,0.58,1.53,1.75,29.899999618530277,127.062395469319,129.9201357084715,124.6422520272478,129.4468231201172,19810650.0,0.0,-0.0008961215097899045,0.333976067669137,0.0,131.79376220703125,141.93859405517577,-0.04321336462951697,-0.016853932584269704,1.17,0.21999999999999997,0.9500000000000001,0.03639512038741466,20.212000179290772,-0.7471406621743297,0.20589358337387542,0.5,0.3823574333495502
2022-01-25,0.65,1.56,1.78,31.15999984741211,128.2858907805646,131.14364528059966,125.73178189423707,130.8578643798828,18915900.0,0.0,0.010900547620672718,0.33638089088530254,0.0,130.94715576171876,141.46136856079102,-0.04516510058983425,-0.048128342245989386,1.13,0.21999999999999997,0.91,0.04214047641997154,20.886000156402588,-0.7877853151653326,0.1576731367856612,0.5,0.3630692547142645
2022-01-26,0.7,1.66,1.85,31.959999084472656,132.8136513603849,134.46579003460585,130.34885210555237,132.09921264648438,20709100.0,0.0,0.009486233574757863,0.3387625266583788,0.0,130.76676330566406,141.02490463256837,0.09479855571239004,0.010928961748633892,1.1500000000000001,0.19000000000000017,0.96,0.025673916591080648,21.607000064849853,-0.8086457253319734,0.12705701498104516,0.5,0.35082280599241805
2022-01-27,0.75,1.66,1.81,30.489999771118164,133.4387715228418,134.29610064961153,128.7145698489299,129.7683563232422,17536800.0,0.0,-0.017644740468513498,0.34254758105531236,0.0,130.34703674316407,140.4754493713379,-0.15318386602990952,-0.010928961748633892,1.06,0.15000000000000013,0.9099999999999999,-0.04599497357522364,22.28400001525879,-0.8469738256401077,0.1833141661699993,0.5,0.3733256664679997
2022-01-28,0.75,1.61,1.78,27.65999984741211,128.76813912804664,131.06325730708755,126.96418471517951,130.92930603027344,14117000.0,0.0,0.00894632358708014,0.3453958058589178,0.0,130.6203125,139.98759231567382,-0.1950070708453081,0.017142857142857126,1.03,0.16999999999999993,0.8600000000000001,-0.09281731534766324,22.800500011444093,-0.8727143726414658,0.2916187974213931,0.5,0.41664751896855723
2022-01-31,0.78,1.62,1.79,24.82999992370605,130.06303303761217,132.87611846705255,129.1967785653274,132.70645141601562,13985700.0,0.0,0.013573320134540934,0.3505394021370371,0.0,131.2722381591797,139.59436111450196,-0.009300842955302091,0.02285714285714291,1.01,0.16999999999999993,0.8400000000000001,-0.10231380836290338,23.18100004196167,-0.8915861574251095,0.39992342867278685,0.5,0.45996937146911476
2022-02-01,0.78,1.63,1.81,21.959999084472656,132.7868362494526,135.26949975485968,132.4385493152921,134.9837188720703,14584900.0,0.0,0.017160186500020158,0.3472136532610021,0.0,132.0974090576172,139.16630172729492,0.04284376184245331,0.016853932584269593,1.03,0.18000000000000016,0.8499999999999999,-0.1155860188502581,23.448999977111818,-0.8892767088853125,0.5097589025117073,0.5,0.5039035610046829
2022-02-02,0.76,1.6,1.78,22.09000015258789,134.40325542198886,134.79619735234516,132.2331628885896,133.9031524658203,12441100.0,0.0,-0.008005161031858221,0.31223424088090973,0.0,132.45819702148438,138.41212463378906,-0.14698763789947134,-0.037837837837837895,1.02,0.17999999999999994,0.8400000000000001,0.0059199031664420865,23.707999992370606,-0.8602819880024223,0.5047837370968371,0.5,0.5019134948387348
2022-02-03,0.78,1.66,1.82,24.350000381469727,133.95673748407293,135.43025614568413,132.42962468096954,132.7957763671875,12474900.0,0.0,-0.008269977802916051,0.30864445188259937,0.0,133.06368103027344,137.73877029418946,0.0027168015689931213,0.005524861878453136,1.04,0.16000000000000014,0.8799999999999999,0.10230874663969036,23.939000034332274,-0.8484892868096716,0.41829310175555634,0.5,0.4673172407022225
2022-02-04,0.89,1.78,1.93,23.21999931335449,133.15299237672326,137.0823842598427,132.85828594147185,136.242919921875,16654400.0,0.0,0.025958231872947213,0.3231568834210832,0.0,134.12640380859375,137.16007614135742,0.33503274575347297,0.08426966292134819,1.04,0.1499999999999999,0.89,-0.04640661397998025,24.119499969482423,-0.8382590329272877,0.46153845592349296,0.5,0.48461538236939716
2022-02-07,0.88,1.76,1.92,22.86000061035156,136.87698575835253,137.18954327472105,134.7158188915654,136.69837951660156,12572300.0,0.0,0.0033429964286417757,0.32027251539306845,0.0,134.92478942871094,136.53092575073242,-0.2451063983091556,0.07262569832402233,1.04,0.15999999999999992,0.88,-0.015503820570566651,24.324499988555907,-0.8219948349877623,0.47531567423827414,0.5,0.49012626969530965
2022-02-08,0.91,1.81,1.96,21.440000534057617,138.42193492799018,141.52972681281014,138.24332870505225,139.27032470703125,20411400.0,0.0,0.01881474527733773,0.3302019973007883,0.0,135.78211059570313,136.0232292175293,0.6235215513470089,0.08287292817679548,1.0499999999999998,0.1499999999999999,0.9,-0.062117237024522765,24.426500034332275,-0.8141628373671352,0.5296593451874116,0.5,0.5118637380749647
2022-02-09,0.91,1.82,1.94,19.959999084472656,139.84187565059872,140.59202997831702,139.15424099691444,139.85081481933594,9131100.0,0.0,0.004168081847484739,0.33093750959800033,0.0,136.97164306640624,135.5369659423828,-0.5526470501778418,0.0898876404494382,1.0299999999999998,0.11999999999999988,0.91,-0.06902991663801339,24.503999996185303,-0.7973203768878743,0.5862992800178398,0.5,0.5345197120071359
2022-02-10,1.14,1.96,2.03,23.90999984741211,139.9043924692594,142.0209041459754,138.61840586125626,139.27032470703125,16455600.0,0.0,-0.00415078105232769,0.32929925101785185,0.0,138.266552734375,134.97925872802733,0.802148700594671,0.1153846153846152,0.8899999999999999,0.06999999999999984,0.8200000000000001,0.19789583888369267,24.818499946594237,-0.7578883132462427,0.4351320052453913,0.5,0.47405280209815653
2022-02-11,1.07,1.84,1.92,27.36000061035156,138.96670643795582,141.27076373285513,136.60906863358164,137.45745849609375,16830000.0,0.0,-0.0130168879461654,0.33081345253077027,0.0,138.50946044921875,134.3402862548828,0.02275213301246981,-0.005181347150259086,0.8499999999999999,0.07999999999999985,0.77,0.14429112442310865,25.171000003814697,-0.7806149830855482,0.30309982484947606,0.5,0.4212399299397904
2022-02-14,1.13,1.9,1.98,28.32999992370605,136.39471140831753,137.24310113672053,134.24248406618716,136.18038940429688,17026500.0,0.0,-0.009290649672772489,0.25400645697750546,0.0,138.4058624267578,134.09916305541992,0.011675579322638185,0.03125,0.8500000000000001,0.08000000000000007,0.77,0.03545319048668061,25.62799997329712,-0.6948134431134447,0.265977768037055,0.5,0.40639110721482197
2022-02-15,1.11,1.94,2.05,25.700000762939453,137.98436009618737,139.26142136600333,137.39496082920968,138.17190551757812,9500000.0,0.0,0.014624103529097487,0.2105782632204894,0.0,138.1861785888672,134.25321350097656,-0.4420462220656036,0.04591836734693877,0.9399999999999997,0.10999999999999988,0.8299999999999998,-0.09283442173841516,25.773499965667725,-0.6715949893933463,0.3666283323399986,0.5,0.44665133293599946
2022-02-16,1.09,1.9,2.03,24.290000915527344,137.29671969229446,139.40430607642196,137.29671969229446,138.4219512939453,9076500.0,0.0,0.001809671621959108,0.201145730815802,0.0,137.90040588378906,134.52425231933594,-0.04457894736842105,0.04639175257731942,0.9399999999999997,0.1299999999999999,0.8099999999999998,-0.05486380566359328,25.795499992370605,-0.6901713656617933,0.42058929264225453,0.5,0.4682357170569018
2022-02-17,1.05,1.85,1.97,28.11000061035156,136.63585149548837,137.28777037013128,134.55505552050664,135.2337646484375,11367500.0,0.0,-0.023032377565156192,0.21723286922117008,0.0,137.0930938720703,134.6925910949707,0.252410069960888,-0.029556650246305383,0.9199999999999999,0.11999999999999988,0.8,0.15726634626770575,25.92150001525879,-0.69039266194012,0.2743971832846763,0.5,0.4097588733138705
2022-02-18,1.03,1.82,1.92,27.75,135.85888756945263,137.65390241829718,134.96584291547984,135.86781311035156,11733300.0,0.0,0.004688536650313546,0.20570146210714374,0.0,136.77516479492186,135.0078353881836,0.032179458983945475,0.0,0.8899999999999999,0.09999999999999987,0.79,-0.012806851744392667,25.866499996185304,-0.6624018292263226,0.28817447459404966,0.5,0.41526978983761986
2022-02-22,1.17,1.85,1.94,28.809999465942383,134.49256703445266,136.8502050191361,134.32288632361673,135.62672424316406,11333500.0,0.0,-0.001774436944765534,0.2059149456875334,0.0,136.6644317626953,135.31683044433595,-0.03407396043738764,-0.02020202020202022,0.77,0.08999999999999986,0.6800000000000002,0.03819817895287869,25.811999988555907,-0.6094362809548154,0.24760809495428526,0.5,0.3990432379817141
2022-02-23,1.16,1.89,1.99,31.020000457763672,136.74301667642388,136.90377182783303,132.14384136472486,132.78683471679688,11799000.0,0.0,-0.02093901140954768,0.21910505475932107,0.0,135.58741760253906,135.41327896118165,0.04107292539815588,-0.029268292682926744,0.8300000000000001,0.10000000000000009,0.73,0.07670951172469942,25.805000019073486,-0.5805337325994803,0.16303093985282102,0.5,0.36521237594112843
2022-02-24,1.08,1.84,1.96,30.31999969482422,127.65182743648874,129.4825720239917,124.829802563923,129.08963012695312,15083350.0,0.0,-0.027843156271696756,0.2387172185785505,0.0,133.72095336914063,135.26279983520507,0.27835833545215705,-0.03448275862068961,0.8799999999999999,0.11999999999999988,0.76,-0.02256611065794678,25.723000049591064,-0.5998390817804188,0.18982010117780423,0.5,0.3759280404711217
2022-02-25,1.13,1.86,1.97,27.59000015258789,129.71476157639572,134.07282470800104,129.41112960457934,132.1438446044922,18367700.0,0.0,0.023659642331730346,0.24554748457866957,0.0,133.10296936035155,135.38157424926757,0.21774672072185552,0.0,0.8400000000000001,0.10999999999999988,0.7300000000000002,-0.09003956364492816,25.57800006866455,-0.5513788184064967,0.29429769895497293,0.5,0.41771907958198917
2022-02-28,1.01,1.71,1.83,30.149999618530277,128.19657926061055,129.54507195558378,125.8121513636117,126.63375091552734,18713666.666666668,0.0,-0.04169769470122964,0.28629287633365447,0.0,131.25615692138672,135.16679649353028,0.018835600900856786,-0.04687499999999989,0.8200000000000001,0.1200000000000001,0.7,0.09278722188416744,25.70250005722046,-0.5999885064029843,0.19632603618560895,0.5,0.37853041447424357
2022-03-01,0.91,1.56,1.72,33.31999969482422,125.06200016878851,125.454942099948,119.2929378210445,121.85597229003906,19059633.333333332,0.0,-0.03772910926941875,0.3075683481202545,0.0,128.50200653076172,134.62427253723143,0.018487379989668762,-0.11340206185567014,0.8099999999999999,0.15999999999999992,0.65,0.10514096571814391,26.127000045776366,-0.7180204789192515,0.07500953491860551,0.5,0.3300038139674422
2022-03-02,1.06,1.74,1.86,30.739999771118164,122.60613640745652,125.0620100443486,121.99887237628164,124.38330078125,19405600.0,0.0,0.020740292360849066,0.3110892745593614,0.0,126.82129974365235,134.09425163269043,0.018151800751675884,-0.0653266331658291,0.8,0.1200000000000001,0.6799999999999999,-0.07743097080840666,26.566000080108644,-0.7570866489323785,0.17374661898173271,0.5,0.3694986475926931
2022-03-03,1.08,1.74,1.86,30.479999542236328,124.88336751750282,125.90143792994188,122.40070434283946,123.4991455078125,16640800.0,0.0,-0.007108311709724147,0.31094845443705643,0.0,125.70320281982421,133.57405128479004,-0.1424743373046955,-0.05102040816326525,0.78,0.1200000000000001,0.6599999999999999,-0.008458042642086161,26.985500049591064,-0.7958859639386531,0.18369687681688107,0.5,0.3734787507267524
2022-03-04,1.05,1.65,1.74,31.979999542236328,120.5074746298819,120.93613234377204,118.23913307253112,120.02522277832033,21016000.0,0.0,-0.02812912360816633,0.3224676522090982,0.0,123.27947845458985,132.93552360534667,0.26292005192058077,-0.11675126903553301,0.69,0.09000000000000008,0.5999999999999999,0.04921259916429599,27.367000007629393,-0.8234443755650621,0.1262915936872817,0.5,0.3505166374749127
2022-03-07,1.07,1.71,1.78,33.55500030517578,118.03374810424332,118.49813528862028,115.15814230682167,115.39034271240234,20111900.0,0.0,-0.03861588388365955,0.3221200969122934,0.0,121.03079681396484,131.89289474487305,-0.04301960411115335,-0.02732240437158473,0.71,0.07000000000000006,0.6399999999999999,0.04924955551857746,27.88375005722046,-0.8422673330974282,0.06601601720336547,0.5,0.3264064068813462
2022-03-08,1.12,1.8,1.86,35.130001068115234,115.77433646293828,117.69437748374008,113.65781766709829,114.5776596069336,19207800.0,0.0,-0.007042903993224714,0.3193354196184498,0.0,119.57513427734375,130.78685874938964,-0.04495348525002607,0.08139534883720945,0.74,0.06000000000000005,0.6799999999999999,0.0469378855197482,28.497250080108643,-0.8715417871266075,0.005740440719449347,0.5,0.3022961762877797
2022-03-09,1.15,1.87,1.94,32.45000076293945,118.6856558618079,120.7753911803248,118.27486285921908,119.16790771484376,17536200.0,0.0,0.04006233085627109,0.3508720719282975,0.0,118.5320556640625,129.78173789978027,-0.08702714522225341,0.043010752688172005,0.79,0.06999999999999984,0.7200000000000002,-0.07628807923971881,29.047750091552736,-0.8793650750448918,0.10830455825680152,0.5,0.3433218233027206
2022-03-10,1.19,1.92,1.98,30.229999542236328,117.75690460205078,119.17684276534467,116.38162141045716,117.75690460205078,15604200.0,0.0,-0.01184046225070401,0.3483853012154735,0.0,117.38360748291015,128.67704238891602,-0.11017210113935749,0.06451612903225801,0.79,0.06000000000000005,0.73,-0.0684129789987108,29.561250114440917,-0.887203320215306,0.19326442400514754,0.5,0.377305769602059
2022-03-11,1.22,1.96,2.0,30.75,118.31949669112298,119.73943448748494,114.68479823716606,115.10453033447266,20061800.0,0.0,-0.022524150720007352,0.3515513301709272,0.0,116.39946899414062,127.46875267028808,0.2856666794837288,0.14942528735632177,0.78,0.040000000000000036,0.74,0.01720147091094537,29.90325012207031,-0.8535370656558998,0.17336390833485105,0.5,0.3693455633339404
2022-03-14,1.28,2.1,2.14,31.770000457763672,115.61356556291038,118.70349239894796,115.40815548358904,116.24761962890624,15786900.0,0.0,0.009930880140963882,0.3576737434266574,0.0,116.5709243774414,126.40826072692872,-0.21308656252180758,0.202247191011236,0.8600000000000001,0.040000000000000036,0.8200000000000001,0.03317074659394059,30.123750114440917,-0.8438558674626812,0.1343282982880213,0.5,0.3537313193152085
2022-03-15,1.28,2.1,2.15,29.82999992370605,117.70331343810264,119.26614191873468,117.104975026446,118.31057739257812,15096600.0,0.0,0.017746236613338073,0.36917334481319947,0.0,117.31750793457032,125.51477012634277,-0.04372612735875947,0.15591397849462352,0.8699999999999999,0.04999999999999982,0.8200000000000001,-0.06106391268822098,30.19875011444092,-0.8182731968058782,0.2085724849074556,0.5,0.38342899396298225
2022-03-16,1.35,2.18,2.19,26.670000076293945,120.44497205059672,123.67780414329846,120.05203007924632,123.59741973876952,20354900.0,0.0,0.04468613426379098,0.4058582930064398,0.0,118.20341033935547,124.78604583740234,0.348310215545222,0.12886597938144329,0.8399999999999999,0.009999999999999787,0.8300000000000001,-0.10593361902427756,30.247250080108643,-0.7333725139057278,0.3295062755275775,0.5,0.431802510211031
2022-03-17,1.3,2.17,2.2,25.670000076293945,122.22212838030474,125.19596960116348,121.38266397464211,125.16024017333984,17050500.0,0.0,0.01264444223733352,0.4101565742132801,0.0,119.68407745361328,124.12296028137207,-0.16233928931117325,0.11111111111111116,0.9000000000000001,0.03000000000000025,0.8699999999999999,-0.03749531297860276,30.316250038146972,-0.6101087549763071,0.3677764642806438,0.5,0.4471105857122575
2022-03-18,1.29,2.14,2.14,23.8700008392334,125.19597135949336,125.78538428580488,123.65100744063224,125.1156005859375,23656500.0,0.0,-0.00035665948979102247,0.4045784898041743,0.0,121.68629150390625,123.61705207824707,0.3874373185537081,0.07000000000000006,0.8500000000000001,0.0,0.8500000000000001,-0.07012073360774285,30.104250049591066,-0.52211222388492,0.43666277483832605,0.5,0.4746651099353304
2022-03-21,1.4,2.33,2.32,23.530000686645508,125.33885692986004,125.7049949818154,123.89211492836944,124.71371459960938,12676100.0,0.0,-0.0032121173094803446,0.4034092480349965,0.0,123.37951049804687,123.05934715270996,-0.46415995603745275,0.08411214953271018,0.9199999999999999,-0.010000000000000231,0.9300000000000002,-0.014243826587096553,29.89325008392334,-0.4609826566341246,0.44967464485393593,0.5,0.4798698579415744
2022-03-22,1.59,2.39,2.38,22.940000534057617,127.05349320228456,128.53593728032945,126.56231581492808,127.36605072021484,13548600.0,0.0,0.02126739732771754,0.41324195281095577,0.0,125.19060516357422,122.6463134765625,0.06883031847334742,0.10697674418604652,0.7899999999999998,-0.010000000000000231,0.8,-0.025074378893781613,29.599750137329103,-0.5129619303393609,0.4722540620578124,0.5,0.48890162482312494
2022-03-23,1.52,2.34,2.32,23.56999969482422,125.90146221704735,126.44622013394346,124.31184343530798,124.8298110961914,12093200.0,0.0,-0.019912995729095773,0.4126607647022875,0.0,125.4370834350586,122.24846229553222,-0.10742069291292089,0.05936073059360725,0.7999999999999998,-0.020000000000000018,0.8199999999999998,0.02746290959458708,29.22725009918213,-0.6173061060128758,0.4481438752610012,0.5,0.47925755010440046
2022-03-24,1.55,2.37,2.34,21.670000076293945,125.29420722175936,125.66035891587627,124.2314815678408,125.64249420166016,10017600.0,0.0,0.006510328729429249,0.40287071289257115,0.0,125.53353424072266,122.07610549926758,-0.17163364535441406,0.06363636363636349,0.7899999999999998,-0.03000000000000025,0.8200000000000001,-0.08061093097712246,28.794750118255614,-0.6800534211566153,0.5208572192929086,0.5,0.5083428877171634
2022-03-25,1.67,2.55,2.48,20.809999465942383,125.99969217415912,127.8661526040586,125.74071516846269,126.7409210205078,8383500.0,0.0,0.008742478616228677,0.3941225610690325,0.0,125.85859832763671,121.80595932006835,-0.16312290368950644,0.1588785046728971,0.81,-0.06999999999999984,0.8799999999999999,-0.03968623014876527,28.45575008392334,-0.7646827310732833,0.553769604978815,0.5,0.521507841991526
2022-03-28,1.69,2.54,2.46,19.6299991607666,125.02627800351296,125.89253259125137,123.15087838274712,125.80322265625,10818100.0,0.0,-0.007398544658722139,0.36585267587032166,0.0,126.07649993896484,121.76443290710449,0.29040376930876133,0.06034482758620685,0.77,-0.08000000000000007,0.8500000000000001,-0.056703524048953846,27.929750061035158,-0.8215714994027455,0.5989284393865679,0.5,0.5395713757546272
2022-03-29,1.67,2.49,2.41,18.899999618530277,128.01795115695876,128.2412123109634,125.24058185607016,126.0800323486328,11316500.0,0.0,0.0022003386442583928,0.33772282832264194,0.0,125.81929626464844,121.97563591003419,0.046070936670949525,0.0126050420168069,0.7400000000000002,-0.08000000000000007,0.8200000000000003,-0.03718795585561385,27.20875005722046,-0.852461152332363,0.6268656596576041,0.5,0.5507462638630416
2022-03-30,1.64,2.44,2.35,19.32999992370605,126.72306362131354,126.9195345859865,124.94591302284024,125.5085220336914,8771000.0,0.0,-0.004532916944065102,0.3308885092128023,0.0,125.95503845214844,122.03189697265626,-0.22493703883709626,0.012931034482758674,0.7100000000000002,-0.08999999999999986,0.8,0.022751339357392597,26.638250064849853,-0.8902985260678644,0.6104094668146511,0.5,0.5441637867258604
2022-03-31,1.63,2.42,2.32,20.559999465942383,124.87447384198948,125.33886101976842,121.68629691009976,121.7398910522461,17353900.0,0.0,-0.030026893157371948,0.3475998719401099,0.0,125.17451782226563,121.94393424987793,0.9785543267586365,-0.008547008547008517,0.69,-0.10000000000000009,0.79,0.06363163720077814,26.142250061035156,-0.8892512183917671,0.5633371521670816,0.5,0.5253348608668327
2022-04-01,1.72,2.55,2.39,19.6299991607666,122.70435100074064,122.71329016994912,119.48939787240516,120.837890625,15721300.0,0.0,-0.007409242931382232,0.3332326584913993,0.0,123.99391174316406,121.98456764221191,-0.09407683575449899,-0.03629032258064513,0.6700000000000002,-0.1599999999999997,0.8299999999999998,-0.04523347905316466,25.52475004196167,-0.849317084192086,0.5989284393865679,0.5,0.5395713757546272
2022-04-04,1.72,2.56,2.42,18.56999969482422,119.77516801737328,122.2935609741684,118.6767266940052,121.37372589111328,17416400.0,0.0,0.0044343315109343084,0.2994570577770831,0.0,123.10801239013672,122.28373680114746,0.10782187223702877,-0.016260162601625994,0.7,-0.14000000000000012,0.8400000000000001,-0.05399895625369899,24.77550001144409,-0.7789722188336552,0.6394948190263323,0.5,0.5557979276105329
2022-04-05,1.77,2.69,2.54,21.030000686645508,120.6180458995482,121.81458780046252,119.6643898416948,119.9612808227539,12110300.0,0.0,-0.011637156707428598,0.3018735476625439,0.0,121.88426208496094,122.55291786193848,-0.30466112399807077,0.053941908713692976,0.77,-0.1499999999999999,0.9199999999999999,0.13247178418139316,24.070499992370607,-0.6787982662303242,0.5453501167366015,0.5,0.5181400466946406
2022-04-06,1.79,2.7,2.61,22.100000381469727,118.37783386541516,119.2595010626264,117.82004637523085,118.29686737060548,12914700.0,0.0,-0.013874588873451943,0.2720228459206821,0.0,120.44193115234376,122.50936584472656,0.06642279712311017,0.11063829787234036,0.8199999999999998,-0.0900000000000003,0.9100000000000001,0.05087967950013872,23.55299997329712,-0.6184904165634518,0.5044010264499554,0.5,0.5017604105799822
2022-04-07,1.78,2.7,2.66,21.549999237060547,117.81106686369152,118.68374255161297,115.81381051894256,117.93701934814452,12994200.0,0.0,-0.003041906607159972,0.26881521316259394,0.0,119.68135681152344,122.51837158203125,0.006155775976213196,0.14655172413793127,0.8800000000000001,-0.040000000000000036,0.9200000000000002,-0.02488692918169999,23.11899995803833,-0.5206262488034143,0.5254496740608972,0.5,0.5101798696243589
2022-04-08,1.81,2.76,2.72,21.15999984741211,118.4588259052658,120.4650739445427,118.29689288072642,120.09622192382812,13126900.0,0.0,0.018308098573440734,0.26199869351063054,0.0,119.53302307128907,122.76795616149903,0.010212248541657143,0.13807531380753146,0.9100000000000001,-0.03999999999999959,0.9499999999999997,-0.018097420113952323,22.639499950408936,-0.3664426982010374,0.5403750243163234,0.5,0.5161500097265294
2022-04-11,1.85,2.79,2.79,24.3700008392334,119.65536499023438,121.36472185612202,119.26851588825144,119.65536499023438,10466400.0,0.0,-0.003670864299739285,0.26115959878866546,0.0,119.18935089111328,122.93834342956544,-0.20267542222459223,0.15289256198347112,0.94,0.0,0.94,0.15170137121782057,22.26949996948242,-0.1676208305367457,0.4175276804617929,0.5,0.46701107218471716
2022-04-12,1.77,2.66,2.72,24.26000022888184,118.88167740968588,121.07686118793576,117.5861582141422,118.34187316894533,12989900.0,0.0,-0.010977291502109021,0.2574436135303683,0.0,118.86546936035157,122.93990821838379,0.24110486891385774,0.07086614173228356,0.9500000000000002,0.06000000000000005,0.8900000000000001,-0.004513771299279878,21.99099998474121,-0.01968008663035906,0.42173742458289953,0.5,0.46869496983315984
2022-04-13,1.78,2.66,2.7,21.81999969482422,114.20339536868362,116.28161783135096,113.36670724435488,114.52727508544922,15912550.0,0.0,-0.0322337139116462,0.22344876088577054,0.0,118.1115509033203,122.48640098571778,0.22499403382628036,0.034482758620689724,0.9200000000000002,0.040000000000000036,0.8800000000000001,-0.10057710268084696,21.748499965667726,-0.046703943364418875,0.5151167055788671,0.5,0.5060466822315468
2022-04-14,1.84,2.79,2.83,22.700000762939453,113.8075606560142,115.42695952157892,112.47605415945036,113.46569061279295,18835200.0,0.0,-0.009269272073959778,0.21557825711209583,0.0,117.21728515625,121.90167350769043,0.1836694935758254,0.06390977443609014,0.99,0.040000000000000036,0.95,0.04033002201755176,21.6,-0.19334286136409318,0.4814388985991972,0.5,0.4925755594396789
2022-04-18,1.84,2.79,2.85,22.170000076293945,113.06081356168386,116.2726217766782,112.94385967096716,115.57088470458984,11834400.0,0.0,0.01855357404011193,0.23067478554670945,0.0,116.31221771240234,121.42443771362305,-0.3716870540265036,0.047794117647058876,1.01,0.06000000000000005,0.95,-0.023348047085126056,21.51499996185303,-0.2772087038097779,0.5017221249163755,0.5,0.5006888499665502
2022-04-19,1.94,2.91,2.93,21.3700008392334,115.56187953355531,118.14392547523254,115.3639522842898,117.96398162841795,15015400.0,0.0,0.0207067457339718,0.24663724791335723,0.0,115.97394104003907,121.08695106506347,0.26879267220982905,0.05017921146953408,0.9900000000000002,0.020000000000000018,0.9700000000000002,-0.03608476474097866,21.40699996948242,-0.33925794396434833,0.5323382467209916,0.5,0.5129352986883966
2022-04-20,1.93,2.87,2.85,20.31999969482422,119.2235171457034,120.1141760189058,118.16190613088588,118.3778305053711,13430200.0,0.0,0.0035082647367461472,0.23136663631030094,0.0,115.98113250732422,120.63754005432129,-0.105571613143839,0.047794117647058876,0.9200000000000002,-0.020000000000000018,0.9400000000000002,-0.04913435204370564,21.27599992752075,-0.4260783367041625,0.5725219887084665,0.5,0.5290087954833866
2022-04-21,2.01,2.96,2.9,22.68000030517578,118.9536438455066,119.484442617248,116.92040697380048,117.46019744873048,12174200.0,0.0,-0.007751730646888055,0.2238654953531356,0.0,116.56771697998047,120.26905937194825,-0.09352057303688699,0.07407407407407396,0.8900000000000001,-0.06000000000000005,0.9500000000000002,0.1161417640647251,21.23149995803833,-0.5680202488913626,0.48220431989296064,0.5,0.49288172795718427
2022-04-22,2.06,2.94,2.9,28.209999084472656,117.20828546282758,117.42420987654418,113.97849332647044,114.0864486694336,14318800.0,0.0,-0.028722485170089018,0.2385827661873779,0.0,116.69186859130859,119.69125709533691,0.1761594190994069,0.02473498233215543,0.8399999999999999,-0.040000000000000036,0.8799999999999999,0.2438271033900683,21.558499908447267,-0.6512641372695162,0.2705702228050435,0.5,0.4082280891220174
2022-04-25,2.03,2.84,2.81,27.020000457763672,113.36671318273147,114.36534121775318,110.75768504496216,114.05045318603516,17149000.0,0.0,-0.0003155105958528859,0.23393273265345324,0.0,116.38778228759766,119.05673370361328,0.1976562281755454,-0.01403508771929829,0.7800000000000002,-0.029999999999999805,0.81,-0.042183575516809735,21.86899995803833,-0.7180816811261004,0.31611169486508595,0.5,0.42644467794603436
2022-04-26,1.99,2.79,2.77,33.52000045776367,112.13416311275483,113.72657284294048,110.5417602464634,110.67670440673828,17209500.0,0.0,-0.029581195734432852,0.2494860066084459,0.0,114.93032684326172,118.3004077911377,0.003527902501603508,-0.05460750853242324,0.78,-0.020000000000000018,0.8,0.2405625421864992,22.563500022888185,-0.7691019984873914,0.06735546797015546,0.5,0.32694218718806217
2022-04-27,1.97,2.81,2.82,31.600000381469727,110.05594919150788,111.16253257473028,109.0573211448566,109.23725128173828,17215200.0,0.0,-0.013005926881505148,0.2484783018710427,0.0,113.10221099853516,117.45826873779296,0.000331212411749382,-0.010526315789473717,0.8499999999999999,0.009999999999999787,0.8400000000000001,-0.05727923777069188,23.198500061035155,-0.8225409866557508,0.14083423329582623,0.5,0.3563336933183305
2022-04-28,2.04,2.86,2.85,29.989999771118164,110.4877861902218,111.2435078788576,108.98534824301431,110.96460723876952,13015600.0,0.0,0.0158128837622995,0.26134900537708733,0.0,111.80309295654297,116.73107299804687,-0.243947209442818,-0.01724137931034475,0.81,-0.009999999999999787,0.8199999999999998,-0.050949385788478296,23.73150005340576,-0.8563148845116868,0.20244926054653245,0.5,0.380979704218613
2022-04-29,2.1,2.92,2.89,33.400001525878906,110.70371329607224,111.2075231915258,106.97010445653474,107.38394927978516,14874800.0,0.0,-0.03226846873147249,0.26418685396970903,0.0,110.46259307861328,116.01327590942383,0.14284397184916564,-0.0034482758620688614,0.79,-0.029999999999999805,0.8199999999999998,0.11370462756871169,24.37350015640259,-0.8889616673468023,0.07194784974355173,0.5,0.3287791398974207
2022-05-02,2.1,3.01,2.99,32.34000015258789,107.85176979463732,108.59849292162242,106.35833040456204,108.36457824707033,18545000.0,0.0,0.009131988289331483,0.2695872691892097,0.0,109.3254180908203,115.38961029052734,0.24673945195901803,0.06405693950177938,0.8900000000000001,-0.019999999999999574,0.9099999999999997,-0.031736566612720285,25.00900020599365,-0.8977571974071871,0.11251430237790838,0.5,0.34500572095116333
2022-05-03,2.16,3.01,2.97,29.25,109.33620299177244,111.71131623182892,108.66145475621336,110.68569946289062,15720900.0,0.0,0.021419556587284116,0.28407013582262325,0.0,109.32721710205078,114.8552089691162,-0.152283634402804,0.07220216606498209,0.81,-0.03999999999999959,0.8499999999999996,-0.09554731410044925,25.54300022125244,-0.8898705120628758,0.2307691914644504,0.5,0.39230767658578014
2022-05-04,2.07,2.93,2.93,25.420000076293945,110.47879802873132,114.6172531567878,110.42481349388046,114.34735107421876,17128500.0,0.0,0.0330815238923956,0.3120286260137661,0.0,110.34923706054687,114.57451248168945,0.08953685857679905,0.03900709219858167,0.8600000000000003,0.0,0.8600000000000003,-0.13094016833183098,25.762500190734862,-0.8834924539506775,0.3773440114689103,0.5,0.4509376045875641
2022-05-05,2.08,3.01,3.05,31.200000762939453,112.68295964978664,113.44767297323388,109.9030001075869,111.48640441894533,15055400.0,0.0,-0.025019789513239354,0.3199619568623379,0.0,110.45359649658204,114.23398933410644,-0.12103219779899,0.07017543859649122,0.9699999999999998,0.040000000000000036,0.9299999999999997,0.2273800420652159,26.21750020980835,-0.8802109329709096,0.1561422941981343,0.5,0.3624569176792537
2022-05-06,2.08,3.06,3.12,30.190000534057617,111.37846284121036,111.81929650451256,109.02133948611598,111.30648803710938,14417900.0,0.0,-0.0016137966129022852,0.319985826063785,0.0,111.23810424804688,113.90246276855468,-0.04234361093029748,0.07958477508650508,1.04,0.06000000000000005,0.98,-0.032371801416157364,26.6495002746582,-0.8769552460569355,0.19479519359808228,0.5,0.3779180774392329
2022-05-09,1.99,2.95,3.05,34.75,109.8580185130612,110.95561016010112,108.4095583052652,109.6331024169922,14312300.0,0.0,-0.015034034849426448,0.3127649765613184,0.0,111.49180908203127,113.37930679321289,-0.007324228909896702,0.020066889632106788,1.0599999999999998,0.09999999999999964,0.9600000000000002,0.15104337148978209,27.3290002822876,-0.8702658583184186,0.020283153322586123,0.5,0.30811326132903444
2022-05-10,2.01,2.91,2.99,32.9900016784668,110.7576825036586,111.3604559916464,105.76454244311635,106.96109771728516,16382400.0,0.0,-0.024372243791332404,0.3206896285945069,0.0,110.74688873291018,112.74459342956543,0.1446378290002306,0.006734006734006703,0.9800000000000004,0.08000000000000007,0.9000000000000004,-0.0506474337131857,27.76000032424927,-0.8984165993502834,0.08763862129274158,0.5,0.3350554485170966
2022-05-11,1.99,2.89,2.91,32.560001373291016,107.32996808715706,110.5597600613588,106.10642392643965,106.2863540649414,14630300.0,0.0,-0.006308308971615051,0.3200397690747822,0.0,109.13468933105469,112.14181747436524,-0.10695014161539218,-0.0068259385665528916,0.9200000000000002,0.020000000000000018,0.9000000000000001,-0.01303426139127628,28.175000381469726,-0.9045947418815871,0.10409481413569477,0.5,0.3416379256542779
2022-05-12,1.96,2.81,2.84,31.770000457763672,105.2607213061182,106.4482778873238,103.79427099311164,106.19637298583984,16318800.0,0.0,-0.000846591078348391,0.3038101589990548,0.0,108.0766830444336,111.72527236938477,0.11541116723512168,-0.06885245901639347,0.8799999999999999,0.029999999999999805,0.8500000000000001,-0.02426292635771765,28.6725004196167,-0.9005464510644511,0.1343282982880213,0.5,0.3537313193152085
2022-05-13,2.04,2.89,2.93,28.8700008392334,107.4289438530424,108.18465875675652,106.12442617797078,107.14104461669922,10443200.0,0.0,0.008895516902308387,0.3061435269131501,0.0,107.24359436035157,111.40904006958007,-0.3600509841409908,-0.0608974358974359,0.8900000000000001,0.040000000000000036,0.8500000000000001,-0.09128106946002879,28.981000423431396,-0.8842970516280151,0.24531183107299492,0.5,0.398124732429198
2022-05-16,2.07,2.83,2.88,27.46999931335449,106.64621492217655,107.47390449274836,105.4676567974734,106.3943099975586,10269000.0,0.0,-0.006969641016774553,0.2958912296757807,0.0,106.59583587646485,110.95021133422851,-0.01668071089321277,-0.05573770491803276,0.81,0.04999999999999982,0.7600000000000002,-0.04849329702742344,29.246000385284425,-0.8151841949847747,0.29889015372296146,0.5,0.41955606148918456
2022-05-17,2.16,2.96,2.98,26.100000381469727,108.89538830205638,110.63174100418398,108.68846245378626,109.92100524902344,11160200.0,0.0,0.033147404701865835,0.31247839279472345,0.0,107.1878173828125,110.54806251525879,0.08678547083455057,-0.0033444816053512794,0.8199999999999998,0.020000000000000018,0.7999999999999998,-0.04987255064177376,29.48250036239624,-0.7468702648737783,0.3513202714376905,0.5,0.4405281085750762
2022-05-18,2.16,2.89,2.89,30.959999084472656,109.12930286786728,109.73207641494254,107.53689291348012,108.04070281982422,12664900.0,0.0,-0.01710594280810518,0.31504278236065225,0.0,107.53868713378907,110.03120613098145,0.13482733284349746,-0.0068728522336769515,0.73,0.0,0.73,0.18620684413680677,30.01450033187866,-0.6468305024005618,0.16532720373411136,0.5,0.36613088149364453
2022-05-19,2.11,2.84,2.84,29.350000381469727,106.33134519432458,107.64485448806896,105.82752842704669,106.43930053710938,12765800.0,0.0,-0.0148222127487031,0.31704235628089245,0.0,107.58727264404297,109.48016128540038,0.007966900646669162,0.0,0.73,0.0,0.73,-0.05200254362444057,30.34800033569336,-0.4459233883138958,0.22694215799022532,0.5,0.3907768631960901
2022-05-20,2.07,2.8,2.78,29.43000030517578,107.47388761499738,107.6628162787914,103.47937625508531,105.56659698486328,13150100.0,0.0,-0.008199072596703383,0.304562883281892,0.0,107.27238311767579,109.05416870117188,0.030103871281079053,-0.05119453924914685,0.71,-0.020000000000000018,0.73,0.002725721385562929,30.409000396728516,-0.3594104652304716,0.2238805458097637,0.5,0.38955221832390546
2022-05-23,2.09,2.88,2.86,28.479999542236328,108.37357261761396,113.87052264145764,108.36457405173864,112.09818267822266,24376700.0,0.0,0.06187170828567967,0.3834928848291444,0.0,108.4131576538086,108.95655517578125,0.8537273480810033,-0.00694444444444442,0.77,-0.020000000000000018,0.79,-0.03228001199756625,30.48200035095215,-0.2994163043628006,0.2602372543230135,0.5,0.40409490172920537
2022-05-24,2.02,2.76,2.76,29.450000762939453,111.88225852866964,114.69820545840764,110.75767809706424,113.68158721923828,19324900.0,0.0,0.014125157992621373,0.3708417851492831,0.0,109.16527404785157,109.10679931640625,-0.20723887974992516,-0.07382550335570481,0.7399999999999998,0.0,0.7399999999999998,0.03405903217324835,30.278500366210938,-0.3673488764208365,0.22311512451600024,0.5,0.3892460498064001
2022-05-25,2.01,2.71,2.75,28.3700008392334,113.6096352565498,115.03110685510856,112.61100708347712,114.47331237792967,12780400.0,0.0,0.006964409787528103,0.36716955378204175,0.0,110.45179595947266,109.36860237121581,-0.33865634492287155,-0.04844290657439454,0.7400000000000002,0.040000000000000036,0.7000000000000002,-0.03667232243556173,30.117000389099122,-0.4042042882392368,0.2644469254495281,0.5,0.40577877017981123
2022-05-26,1.99,2.7,2.75,27.5,115.48989780892865,117.12729336770887,115.34596195901908,116.45254516601562,15990900.0,0.0,0.017289905803997252,0.36791149054254507,0.0,112.4544448852539,109.64299926757812,0.2512049701104817,-0.03169014084507038,0.76,0.04999999999999982,0.7100000000000002,-0.030666225361201227,29.992500400543214,-0.4596351494127614,0.29774202178231624,0.5,0.4190968087129265
2022-05-27,2.01,2.71,2.74,25.71999931335449,117.10031005362546,118.09893798828124,116.18264861231768,118.09893798828124,11177800.0,0.0,0.014137886122784993,0.3456685209420243,0.0,114.9609130859375,110.17874870300292,-0.30098993802725305,-0.014388489208632893,0.7300000000000004,0.03000000000000025,0.7000000000000002,-0.06472729769620045,29.608500289916993,-0.5331765221445143,0.3658629840408273,0.5,0.4463451936163309
2022-05-31,2.08,2.81,2.85,26.190000534057617,117.11830126017364,119.79030554101354,116.69547163525124,118.96261596679688,17015000.0,0.0,0.0073131731176223624,0.3454395864437548,0.0,116.33379974365235,110.70865058898926,0.5222136735314642,-0.0034965034965034336,0.77,0.040000000000000036,0.73,0.018273764900883727,29.301000308990478,-0.5785373903314678,0.3478759486103472,0.5,0.43915037944413887
2022-06-01,2.16,2.94,2.94,25.690000534057617,119.53838766189638,119.53838766189638,115.75980045765246,116.8753890991211,10768000.0,0.0,-0.017545233439203556,0.3483987463566204,0.0,116.97256011962891,111.01813507080078,-0.36714663532177494,0.0652173913043479,0.7799999999999998,0.0,0.7799999999999998,-0.019091255815355868,29.12300033569336,-0.6183287318290391,0.36701104298688036,0.5,0.44680441719475217
2022-06-02,2.15,2.92,2.92,24.71999931335449,116.8664059607439,118.76469848955854,115.75982253673612,118.75570678710938,8374800.0,0.0,0.016088226122555227,0.33382272522211953,0.0,117.82903900146485,111.23855285644531,-0.22225111441307577,0.06181818181818177,0.77,0.0,0.77,-0.03775792917626386,29.088000297546387,-0.6589431514250093,0.4041331727938936,0.5,0.46165326911755744
2022-06-03,2.18,2.95,2.96,24.790000915527344,118.04496925254918,118.5487791085296,116.94737761153944,117.1003189086914,8596000.0,0.0,-0.013939438560081507,0.3240579346373633,0.0,117.95859375,111.51924858093261,0.026412571046472655,0.07636363636363641,0.7799999999999998,0.009999999999999787,0.77,0.0028317801018318267,28.76750030517578,-0.7003208151499832,0.4014541982657214,0.5,0.46058167930628857
2022-06-06,2.23,3.03,3.04,25.06999969482422,117.93701471465394,119.10658129736304,116.4705709306623,116.71347045898438,11323500.0,0.0,-0.0033035644421145482,0.3244084027225797,0.0,117.68150024414062,111.78959770202637,0.3172987436016752,0.10948905109489049,0.81,0.010000000000000231,0.7999999999999998,0.011294827307630095,28.51150026321411,-0.7222247276188569,0.39073859213140183,0.5,0.45629543685256074
2022-06-07,2.26,2.99,2.98,24.020000457763672,115.9037518561501,117.24425658710912,115.71481631546676,117.01934051513672,6722200.0,0.0,0.0026206919813924756,0.317685644616351,0.0,117.2928451538086,112.15890960693359,-0.4063496268821477,0.04561403508771922,0.7200000000000002,-0.010000000000000231,0.7300000000000004,-0.041882698438058696,27.975000286102294,-0.7903998527524342,0.43092226112428456,0.5,0.4723689044497138
2022-06-08,2.29,3.03,3.03,23.959999084472656,116.0567078590393,116.46155409438506,114.16741398760132,115.15704345703124,8422100.0,0.0,-0.015914438159601363,0.3091649891032581,0.0,116.94917602539063,112.5687068939209,0.2528785219124692,0.030612244897959107,0.7399999999999998,0.0,0.7399999999999998,-0.0024979755265417403,27.523500156402587,-0.7764881174830384,0.4332185250055749,0.5,0.47328741000222996
2022-06-09,2.35,3.07,3.04,26.09000015258789,114.59025947584703,115.24701752158325,112.70095870554324,112.73694610595705,13560100.0,0.0,-0.021015625952373496,0.3198144030998583,0.0,115.74542388916015,112.89123649597168,0.6100616235855665,0.041095890410958846,0.69,-0.029999999999999805,0.7199999999999998,0.08889821158196898,27.200000095367432,-0.7492683503240375,0.3517029820845723,0.5,0.4406811928338289
2022-06-10,2.58,3.25,3.15,27.75,110.28985188085524,111.01858468838157,107.34795240954236,107.55487823486328,12945200.0,0.0,-0.04596601247494625,0.36428389476345935,0.0,113.83633575439453,112.95916175842285,-0.0453462732575719,0.06418918918918926,0.5699999999999998,-0.10000000000000009,0.6699999999999999,0.06362590408982616,26.999000072479248,-0.7070937596889098,0.28817447459404966,0.5,0.41526978983761986
2022-06-13,2.89,3.56,3.43,34.02000045776367,105.13478418220184,106.11541510077954,103.5153854881623,104.3520736694336,16805600.0,0.0,-0.029778329146873728,0.3785881348439139,0.0,111.36405639648437,112.81971321105956,0.29821091987763815,0.12828947368421062,0.54,-0.1299999999999999,0.6699999999999999,0.2259459624419342,27.256500053405762,-0.7461648306824028,0.0482203735936223,0.5,0.31928814943744893
2022-06-14,3.15,3.61,3.49,32.689998626708984,103.9562198694619,105.5486227715406,101.86000025675558,102.61571502685548,13357900.0,0.0,-0.01663942633357285,0.3821328745476657,0.0,108.48333129882812,112.63078346252442,-0.20515185414385684,0.17114093959731558,0.3400000000000003,-0.11999999999999966,0.45999999999999996,-0.03909470350260291,27.517500019073488,-0.8211081548610116,0.09911979471000887,0.5,0.33964791788400356
2022-06-15,2.93,3.38,3.33,29.6200008392334,104.01919755503046,105.21574595775589,101.81501571695784,103.83026885986328,14083500.0,0.0,0.011835943770307944,0.3635141548061722,0.0,106.21797637939453,112.32624664306641,0.054319915555588905,0.0990099009900991,0.3999999999999999,-0.04999999999999982,0.44999999999999973,-0.09391244773461938,27.69350004196167,-0.8382062169526664,0.2166091895081953,0.5,0.38664367580327813
2022-06-16,2.88,3.35,3.28,32.95000076293945,102.43577559315555,102.79564267836729,100.6454455956918,102.04891967773438,16724900.0,0.0,-0.01715635721345521,0.36354088199140194,0.0,104.08037109375,112.02665748596192,0.18755281002591695,0.07894736842105265,0.3999999999999999,-0.07000000000000028,0.4700000000000002,0.11242403205118334,27.79300012588501,-0.8600917213730574,0.08916946388026847,0.5,0.33566778555210736
2022-06-17,2.86,3.34,3.25,31.1299991607666,102.1478871188905,103.12851792728456,100.90635283555548,101.68905639648438,14202700.0,0.0,-0.0035263801163837316,0.3607047877740574,0.0,102.90720672607422,111.78914527893066,-0.15080508702593143,0.031746031746031855,0.3900000000000001,-0.08999999999999986,0.48,-0.05523525220126546,27.882000064849855,-0.8657189696583985,0.15882126872630642,0.5,0.36352850749052257
2022-06-21,2.92,3.38,3.31,30.190000534057617,104.24411728275042,105.28772442537144,103.49739417780154,104.2081298828125,11680500.0,0.0,0.02477231646743072,0.3720430261041394,0.0,102.87841796875,111.72122192382812,-0.17758595196687954,-0.03498542274052485,0.3900000000000001,-0.06999999999999984,0.45999999999999996,-0.030195909156774836,27.920000076293945,-0.8691926915978168,0.19479519359808228,0.5,0.3779180774392329
2022-06-22,2.79,3.22,3.16,28.950000762939453,103.35343475007032,104.54099137951717,102.91260115456578,103.6233367919922,9842700.0,0.0,-0.005611779920414395,0.2904235209335076,0.0,103.07994232177734,111.2974796295166,-0.1573391550019263,-0.09455587392550147,0.3700000000000001,-0.06000000000000005,0.43000000000000016,-0.041073194739407515,27.943500137329103,-0.8558744795908638,0.2422502188925334,0.5,0.39690008755701334
2022-06-23,2.78,3.14,3.09,29.049999237060547,103.47041447042326,103.6233557857286,100.29459993264686,102.48977661132812,11851500.0,0.0,-0.010939236428368693,0.2834935330754759,0.0,102.81184387207031,110.73788909912109,0.20409034106495172,-0.07207207207207211,0.31000000000000005,-0.050000000000000266,0.3600000000000003,0.003454178635086791,27.923500061035156,-0.8598861589490157,0.23842325841290046,0.5,0.3953693033651602
2022-06-24,2.83,3.18,3.13,27.229999542236328,101.86901293123852,105.99846963384918,101.50914576348949,105.54863739013672,14841100.0,0.0,0.02984552098702209,0.3069797677992168,0.0,103.51178741455078,110.29165534973144,0.25225498881998054,-0.0457317073170731,0.2999999999999998,-0.050000000000000266,0.3500000000000001,-0.06265059354983915,27.866499996185304,-0.8515658228863814,0.30807499026434626,0.5,0.4232299961057385
2022-06-27,2.89,3.24,3.2,26.950000762939453,106.21437064311846,106.61022515236664,104.03718457004187,104.70293426513672,11280500.0,0.0,-0.008012449482166728,0.29681655187213396,0.0,104.11456298828125,109.7041748046875,-0.2399148311109015,-0.01538461538461533,0.31000000000000005,-0.040000000000000036,0.3500000000000001,-0.01028273169313021,27.839000034332276,-0.8389182057633826,0.3187905963986658,0.5,0.4275162385594663
2022-06-28,2.88,3.25,3.2,28.36000061035156,105.86351266245696,107.32097152150932,104.001207552282,104.19913482666016,11590900.0,0.0,-0.004811703148651092,0.2879859904806409,0.0,104.11276397705078,109.00918464660644,0.027516510792961357,-0.033232628398791486,0.3200000000000003,-0.04999999999999982,0.3700000000000001,0.052319102318953536,27.971000099182127,-0.8311167874506624,0.26482963609640975,0.5,0.4059318544385639
2022-06-29,2.88,3.15,3.1,28.15999984741211,104.36107031734178,105.09879485020168,103.2184995503604,103.73130798339844,9338400.0,0.0,-0.004489738269324084,0.28371934280075295,0.0,104.13435821533203,108.24761924743652,-0.19433348575175358,-0.01898734177215189,0.2200000000000002,-0.04999999999999982,0.27,-0.007052212927895596,28.069500064849855,-0.8335970998851215,0.2724837030448599,0.5,0.408993481217944
2022-06-30,2.8,3.01,2.98,28.709999084472656,101.8150281771545,102.6337261536329,99.7997816515162,101.31121826171876,15172600.0,0.0,-0.023330369285105235,0.28737882201613,0.0,103.89864654541016,107.4694107055664,0.6247537051315,-0.03559870550161803,0.18000000000000016,-0.029999999999999805,0.20999999999999996,0.019531223012811516,28.220499992370605,-0.8170039043582255,0.25143512842851035,0.5,0.4005740513714041
2022-07-01,2.79,2.88,2.88,26.700000762939453,101.34719606689474,102.93959903531712,100.006698032334,102.60672760009766,10573600.0,0.0,0.012787422366516088,0.2840871204272178,0.0,103.31026458740234,106.66196174621582,-0.30311218907767945,-0.07987220447284349,0.08999999999999986,0.0,0.08999999999999986,-0.07001039309054802,28.319500064849855,-0.7638926264054315,0.3283581435869324,0.5,0.431343257434773
2022-07-05,2.77,2.82,2.82,27.540000915527344,100.53734630362622,102.29813625751622,99.20314697860752,102.2164535522461,12514200.0,0.0,-0.003803591216480773,0.28314088942433185,0.0,102.81296844482422,105.91776847839355,0.18353257168797765,-0.11875000000000013,0.04999999999999982,0.0,0.04999999999999982,0.031460678973232126,28.457000064849854,-0.7147323560692252,0.29621117919478934,0.5,0.41848447167791575
2022-07-06,2.82,2.96,2.93,26.729999542236328,101.40867040658895,102.55226983215822,100.55550299499022,101.55388641357422,10656200.0,0.0,-0.006482000848652136,0.2828714934491212,0.0,102.28391876220704,105.15978927612305,-0.148471336561666,-0.08437499999999998,0.11000000000000032,-0.029999999999999805,0.14000000000000012,-0.029411813593453018,28.54000005722046,-0.6377751389168553,0.3272100846408794,0.5,0.43088403385635177
2022-07-07,2.87,3.05,3.01,26.07999992370605,103.01515125114886,104.28582410524804,102.92439038827249,104.12245178222656,10347400.0,0.0,0.025292634869648944,0.30355719189918967,0.0,102.36214752197266,104.51494483947754,-0.028978435089431542,-0.02903225806451626,0.13999999999999968,-0.040000000000000036,0.17999999999999972,-0.024317232684692214,28.643000030517577,-0.5232975904913841,0.35208569273145396,0.5,0.4408342770925816
2022-07-08,2.96,3.13,3.09,24.63999938964844,104.52181614159608,104.966549252034,103.11499841979315,103.79571533203124,8807800.0,0.0,-0.0031380018872270155,0.30120435630034337,0.0,102.85904693603516,103.94687843322754,-0.14879100063784134,0.03691275167785224,0.1299999999999999,-0.040000000000000036,0.16999999999999993,-0.055214744565573626,28.677000045776367,-0.31091889574310344,0.407194784974355,0.5,0.462877913989742
2022-07-11,2.97,3.05,2.99,26.170000076293945,103.0605421638434,103.67772576789008,101.85340252400628,102.4342803955078,7939500.0,0.0,-0.01311648493551354,0.29691105512420657,0.0,102.82455749511719,103.43174514770507,-0.09858307409341716,0.03819444444444464,0.020000000000000018,-0.05999999999999961,0.07999999999999963,0.062094185249382594,28.68100004196167,-0.15290447526385542,0.34864136990411065,0.5,0.43945654796164424
2022-07-12,3.07,3.01,2.96,27.290000915527344,102.18013881541624,104.53995584050604,101.88969990347611,102.53411102294922,11250900.0,0.0,0.0009745822107205537,0.25382789243614895,0.0,102.88808898925781,103.18070678710937,0.4170791611562441,0.049645390070921946,-0.10999999999999988,-0.04999999999999982,-0.06000000000000005,0.04279712785511025,28.65800008773804,-0.10708023541010633,0.3057787263830559,0.5,0.42231149055322237
2022-07-13,3.21,3.02,2.91,26.81999969482422,101.42681382014564,102.08938128834951,100.18336850908824,101.57203674316406,12979900.0,0.0,-0.009382967972188516,0.23406298713729928,0.0,102.89171905517578,103.0417049407959,0.1536765947613079,-0.0068259385665528916,-0.2999999999999998,-0.10999999999999988,-0.18999999999999995,-0.01722246994999932,28.298000049591064,-0.20827935999890326,0.323765761813536,0.5,0.4295063047254144
2022-07-14,3.16,3.06,2.96,26.399999618530277,98.01414571362936,98.23198008574155,96.26243412106608,98.02322387695312,15921900.0,0.0,-0.03493887668300377,0.25783091440778905,0.0,101.6718734741211,102.81208038330078,0.22665814066364143,-0.01661129568106301,-0.20000000000000018,-0.10000000000000009,-0.10000000000000009,-0.01565995828012612,27.98350009918213,-0.005484068621710322,0.3398392440096073,0.5,0.4359356976038429
2022-07-15,3.12,3.05,2.93,24.229999542236328,99.07607006855427,103.36004222032456,97.72370763093286,102.51595306396484,18863900.0,0.0,0.045833313875203396,0.30604483330532317,0.0,101.41592102050781,102.74636459350586,0.1847769424503356,-0.051779935275080846,-0.18999999999999995,-0.11999999999999966,-0.07000000000000028,-0.08219697377460633,27.714000034332276,-0.019362385991787353,0.42288555652354487,0.5,0.46915422260941797
2022-07-18,3.13,3.06,2.96,25.299999237060547,104.1678384958555,105.13899436116152,101.00931585478637,101.46312713623048,13977900.0,0.0,-0.010269874066111906,0.302012111945718,0.0,101.22169036865235,102.71707496643066,-0.2590132475256972,-0.010033444816053616,-0.16999999999999993,-0.10000000000000009,-0.06999999999999984,0.04416012030702099,27.33149995803833,0.09716412854630263,0.3819364662368988,0.5,0.45277458649475955
2022-07-19,3.18,3.14,3.01,24.5,102.67934093765588,104.3221425314724,102.26183537792556,103.97724151611328,11862300.0,0.0,0.024778601358375285,0.31423958397253865,0.0,101.51031646728515,102.83148422241212,-0.1513532075633679,0.016891891891891886,-0.17000000000000037,-0.13000000000000034,-0.040000000000000036,-0.031620524157513485,27.0,0.1268230039467077,0.41255258804151484,0.5,0.4650210352166059
2022-07-20,3.18,3.18,3.04,23.8799991607666,103.55972743519882,104.140605290037,102.99700590841762,103.9590835571289,11667500.0,0.0,-0.00017463397489303478,0.3017513821351099,0.0,101.98772583007812,102.81903190612793,-0.016421773180580468,0.04467353951890041,-0.14000000000000012,-0.14000000000000012,0.0,-0.02530615670340397,26.68449993133545,-0.03302744542936688,0.43628013718603653,0.5,0.4745120548744146
2022-07-21,3.11,3.0,2.91,23.11000061035156,103.86831742630903,104.8576225923545,102.89716166279044,104.66702270507812,11595900.0,0.0,0.00680978634791618,0.30188126695547246,0.0,103.31648559570313,102.87121620178223,-0.006136704521105596,-0.016891891891891886,-0.19999999999999973,-0.08999999999999986,-0.10999999999999988,-0.03224449654420858,26.392499923706055,-0.18328110701703848,0.46574812705000757,0.5,0.486299250820003
2022-07-22,3.01,2.87,2.77,23.030000686645508,104.59442265445784,105.5111233857758,103.16945550163008,104.15876770019533,7645500.0,0.0,-0.004855923018990627,0.2995412627889111,0.0,103.64504852294922,102.95466575622558,-0.34067213411636876,-0.05460750853242324,-0.23999999999999977,-0.10000000000000009,-0.13999999999999968,-0.003461701496892955,26.091499996185302,-0.2280835440964819,0.4688097392304691,0.5,0.4875238956921876
2022-07-25,3.07,2.89,2.81,23.36000061035156,105.13897726407328,105.7017056544162,104.16782155669097,104.57625579833984,9394000.0,0.0,0.0040081896835242325,0.2799104809591685,0.0,104.26767425537109,102.90604667663574,0.22869661892616566,-0.05067567567567566,-0.2599999999999998,-0.08000000000000007,-0.17999999999999972,0.01432913216964904,25.898000049591065,-0.3629652248845606,0.456180579861741,0.5,0.4824722319446964
2022-07-26,3.06,2.89,2.81,24.690000534057617,103.99537304633526,104.9029954183411,102.58855559988255,102.9425277709961,10675100.0,0.0,-0.01562236106917192,0.28395978512934994,0.0,104.06073150634765,102.81802635192871,0.13637428145624875,-0.06644518272425237,-0.25,-0.08000000000000007,-0.16999999999999993,0.05693492675324219,25.785000038146972,-0.4152179372307408,0.40528123173994646,0.5,0.4621124926959786
2022-07-27,3.0,2.82,2.78,23.239999771118164,103.4780419729543,105.04822500210126,102.83363083632408,104.59441375732422,9337400.0,0.0,0.01604668179513591,0.28954826697174324,0.0,104.18779754638672,102.83779029846191,-0.12531030154284273,-0.08552631578947378,-0.2200000000000002,-0.040000000000000036,-0.18000000000000016,-0.058728259683077266,25.528999996185302,-0.5636609147985082,0.4607730346297294,0.5,0.48430921385189174
2022-07-28,2.93,2.69,2.68,22.32999992370605,104.60348817706308,105.26605561755088,103.04237644296892,104.20413208007812,10384800.0,0.0,-0.0037313816601296512,0.28939274545331883,0.0,104.09521942138672,102.8614315032959,0.11217255338745269,-0.07903780068728516,-0.25,-0.009999999999999787,-0.2400000000000002,-0.03915662032591871,25.2375,-0.6700265728203366,0.4955989005554524,0.5,0.49823956022218097
2022-07-29,2.98,2.7,2.67,21.32999992370605,104.9120726439519,105.73801237342818,104.18597885967264,104.7033233642578,12944500.0,0.0,0.004790513333924773,0.2757213909994535,0.0,104.20413055419922,103.03103675842286,0.24648524766967106,-0.036101083032491044,-0.31000000000000005,-0.03000000000000025,-0.2799999999999998,-0.04478280355650055,24.86850004196167,-0.6747463710556286,0.5338690893085187,0.5,0.5135476357234074
2022-08-01,2.98,2.66,2.6,22.84000015258789,103.92278015245827,104.47643045221751,102.62487965173575,103.6595687866211,14740400.0,0.0,-0.009968686227900592,0.27551553198004813,0.0,104.02079315185547,103.08367881774902,0.13873846034995552,-0.07473309608540923,-0.3799999999999999,-0.06000000000000005,-0.31999999999999984,0.07079232228236587,24.675500011444093,-0.6788991864816907,0.4760810955320375,0.5,0.490432438212815
2022-08-02,3.09,2.85,2.75,23.93000030517578,103.39635431452608,103.83201616462608,101.89877579335833,102.04399871826172,14942900.0,0.0,-0.015585344288716496,0.28115911820875916,0.0,103.8410873413086,103.0750560760498,0.013737754742069397,-0.02135231316725983,-0.33999999999999986,-0.10000000000000009,-0.23999999999999977,0.04772329883125637,24.494999980926515,-0.665389119750974,0.43436658395162786,0.5,0.47374663358065117
2022-08-03,3.14,2.86,2.73,21.950000762939453,102.96976731414584,103.55972330950938,101.39050614200848,103.114990234375,14394500.0,0.0,0.01049538953358975,0.2823729268151043,0.0,103.54520263671876,103.15311126708984,-0.03669970353813512,-0.017985611510791255,-0.41000000000000014,-0.1299999999999999,-0.28000000000000025,-0.08274130869142016,24.25600004196167,-0.6073705434584631,0.5101415401639968,0.5,0.5040566160655987
2022-08-04,3.11,2.76,2.68,21.440000534057617,102.42518652863971,102.8517701648836,100.76423587354056,101.98045349121094,18033900.0,0.0,-0.011002636382792863,0.26992610702681485,0.0,103.10046691894532,103.04601135253907,0.2528326791482858,0.0,-0.4299999999999997,-0.07999999999999963,-0.3500000000000001,-0.02323463376561352,24.024000072479247,-0.5671954863577772,0.5296593451874116,0.5,0.5118637380749647
2022-08-05,3.29,2.97,2.83,21.149999618530277,102.1347522005115,105.45665365912308,101.69909730651602,105.06637573242188,14174600.0,0.0,0.030259938405519105,0.2914342898076935,0.0,103.17307739257812,103.10954437255859,-0.21400251748096644,0.05992509363295895,-0.45999999999999996,-0.14000000000000012,-0.31999999999999984,-0.013526161767891343,23.84950008392334,-0.6209778970370974,0.5407577349632051,0.5,0.5163030939852821
2022-08-08,3.3,2.91,2.77,21.290000915527344,105.51111281209212,105.91954015635945,103.6323345641644,103.78662872314452,10332500.0,0.0,-0.01218036693810165,0.29086117954001717,0.0,103.19848937988282,103.17716178894042,-0.2710552678735202,0.06538461538461537,-0.5299999999999998,-0.14000000000000012,-0.3899999999999997,0.006619446785918859,23.60550012588501,-0.6187824869573796,0.5353998589014533,0.5,0.5141599435605813
2022-08-09,3.33,2.97,2.8,21.770000457763672,104.14968164237897,105.2751316009744,103.80478758600896,104.7214813232422,10233800.0,0.0,0.009007447410122937,0.2923139411734598,0.0,103.7339859008789,103.28653030395508,-0.009552383256714259,0.018181818181818077,-0.5300000000000002,-0.17000000000000037,-0.3599999999999999,0.02254577367755073,23.329500102996825,-0.6707470805134432,0.5170301858186835,0.5,0.5068120743274734
2022-08-10,3.26,2.93,2.78,19.739999771118164,107.06314461138092,108.34289560451964,106.64563911049729,107.45342254638672,12847300.0,0.0,0.026087686963784273,0.30220501101694924,0.0,104.60167236328125,103.58059959411621,0.25537923352029557,0.01831501831501825,-0.48,-0.15000000000000036,-0.3299999999999996,-0.09324761800459969,22.975500106811523,-0.7327401294158841,0.5947186952654612,0.5,0.5378874781061844
2022-08-11,3.25,2.98,2.87,20.200000762939453,108.8239358511279,110.00384091075784,108.28843499148952,109.04176330566406,11684900.0,0.0,0.014781667457745895,0.26917106311685557,0.0,106.01393432617188,104.13152656555175,-0.090478154943062,0.07089552238805963,-0.3799999999999999,-0.10999999999999988,-0.27,0.023302988710988792,22.665500164031982,-0.6837435253830639,0.5771143704818628,0.5,0.5308457481927451
2022-08-12,3.26,2.97,2.84,19.530000686645508,109.52281045751783,110.95685573547384,108.40643860888144,110.84793853759766,9906700.0,0.0,0.016564068455776404,0.22784477924492258,0.0,107.17024688720703,104.54812583923339,-0.15217930833811155,0.0035335689045936647,-0.41999999999999993,-0.13000000000000034,-0.2899999999999996,-0.033168319355867615,22.43050022125244,-0.7312342822069988,0.6027553998662009,0.5,0.5411021599464804
2022-08-15,3.23,2.91,2.79,19.950000762939453,109.94938430786944,111.38342945732497,109.45926734826024,111.14744567871094,8456200.0,0.0,0.00270196401543088,0.2216283518730436,0.0,108.64241027832031,105.03234176635742,-0.14641606185712697,0.0072202166064982976,-0.43999999999999995,-0.1200000000000001,-0.31999999999999984,0.021505379494489052,22.163000297546386,-0.728215906728942,0.5866819176701293,0.5,0.5346727670680518
2022-08-16,3.26,2.95,2.82,19.690000534057617,110.99316257973668,112.76302378413506,110.61196277026788,112.2093734741211,9555000.0,0.0,0.009554225820715967,0.20955896566507798,0.0,110.13998870849609,105.4439483642578,0.12994016224781824,0.0071428571428571175,-0.43999999999999995,-0.13000000000000034,-0.3099999999999996,-0.013032592428007916,21.922500324249267,-0.7727864603685686,0.5966321755052777,0.5,0.5386528702021111
2022-08-17,3.27,3.04,2.89,19.899999618530277,111.00224506757232,111.78280104571164,110.44859473599418,111.26544952392578,8149300.0,0.0,-0.00841216665747635,0.21368238357011748,0.0,110.9023941040039,105.80926666259765,-0.1471166928309785,0.039568345323741205,-0.3799999999999999,-0.1499999999999999,-0.22999999999999998,0.010665265554941294,21.723500347137453,-0.7959806104851006,0.5885954709045378,0.5,0.5354381883618151
2022-08-18,3.24,3.02,2.88,19.559999465942383,110.947762679861,111.15651888328534,109.4138854988238,110.40319061279295,9531800.0,0.0,-0.007749565699165295,0.21690534942903178,0.0,111.17467956542968,106.0960750579834,0.169646472703177,0.0034843205574912606,-0.3600000000000003,-0.14000000000000012,-0.2200000000000002,-0.017085435130928195,21.546000289916993,-0.8165330439797525,0.6016073409201479,0.5,0.5406429363680592
2022-08-19,3.26,3.11,2.98,20.600000381469727,109.47743081896355,109.81324671950163,107.19929635562796,107.67125701904295,13464500.0,0.0,-0.024745060161634802,0.23674877025229765,0.0,110.53934326171876,106.27169952392578,0.41258733922239244,0.04929577464788748,-0.2799999999999998,-0.1299999999999999,-0.1499999999999999,0.05316978240915504,21.424500274658204,-0.8160800361982851,0.5618063095795547,0.5,0.5247225238318218
2022-08-22,3.32,3.17,3.03,23.799999237060547,105.96490728588552,106.33703576590516,104.83037937061908,105.89229583740234,8967600.0,0.0,-0.01652215485258035,0.24523293989430175,0.0,109.48831329345703,106.3375015258789,-0.33398195254186935,0.08602150537634401,-0.29000000000000004,-0.14000000000000012,-0.1499999999999999,0.1553397473948257,21.44650020599365,-0.7824566745141136,0.43934174936649817,0.5,0.47573669974659927
2022-08-23,3.29,3.18,3.05,24.11000061035156,105.9104801909844,106.45505234951126,104.72148991238544,104.84855651855467,7607000.0,0.0,-0.009856612424857913,0.24094765369250826,0.0,108.01614990234376,106.43280296325683,-0.15172398412061194,0.08156028368794321,-0.2400000000000002,-0.13000000000000034,-0.10999999999999988,0.013025268202878193,21.41750020980835,-0.7567466269953167,0.42747793829694136,0.5,0.47099117531877654
2022-08-24,3.35,3.2,3.11,22.81999969482422,104.63979462581788,105.6563342775832,103.87738815584142,105.1026840209961,9771300.0,0.0,0.002423757759568712,0.23444924718069632,0.0,106.78359680175781,106.45821647644043,0.28451426317865125,0.07612456747404828,-0.2400000000000002,-0.0900000000000003,-0.1499999999999999,-0.05350480642350053,21.396500205993654,-0.7556876532353819,0.4768465168258009,0.5,0.4907386067303204
2022-08-25,3.33,3.15,3.03,21.780000686645508,105.42944584322912,107.7711069174746,104.99378394301428,107.59866333007812,10758900.0,0.0,0.023748007316191977,0.24801023101294276,0.0,106.22269134521484,106.62794303894043,0.10107150532682452,0.05208333333333326,-0.30000000000000027,-0.1200000000000001,-0.18000000000000016,-0.04557401499065716,21.369000244140626,-0.7420824614098338,0.5166474751718018,0.5,0.5066589900687207
2022-08-26,3.36,3.2,3.04,25.559999465942383,108.42458482179282,108.9056236468533,104.01353884448274,104.07707214355467,11276200.0,0.0,-0.0327289492037679,0.27602516032388236,0.0,105.50385437011718,106.59663047790528,0.04808112353493388,0.020134228187919545,-0.31999999999999984,-0.16000000000000014,-0.1599999999999997,0.17355365748976292,21.580500221252443,-0.722290987958364,0.37198620840175056,0.5,0.4487944833607002
2022-08-29,3.43,3.27,3.12,26.209999084472656,103.46896479140118,104.24952069379636,102.97884781143608,103.82293701171876,8117300.0,0.0,-0.0024417974737546144,0.27376010829399455,0.0,105.08998260498046,106.60479888916015,-0.2801386992071797,0.02970297029702973,-0.31000000000000005,-0.1499999999999999,-0.16000000000000014,0.02543034554427015,21.74900016784668,-0.7019730459182693,0.3471106003111759,0.5,0.4388442401244703
2022-08-30,3.48,3.27,3.11,26.209999084472656,104.37657359174624,104.90299623350649,102.88807344405878,103.84107971191406,10745400.0,0.0,0.00017474655136417994,0.26733249721839736,0.0,104.88848724365235,106.69465293884278,0.32376529141463295,0.01967213114754096,-0.3700000000000001,-0.16000000000000014,-0.20999999999999996,0.0,21.863000106811523,-0.6856197938162126,0.3471106003111759,0.5,0.4388442401244703
2022-08-31,3.5,3.3,3.15,25.8700008392334,103.90461664950222,104.4038048207452,102.86992073040722,103.2238998413086,10738300.0,0.0,-0.005943503980483489,0.26595966215733435,0.0,104.51273040771484,106.70009841918946,-0.0006607478548960044,0.012861736334405238,-0.3500000000000001,-0.1499999999999999,-0.20000000000000018,-0.01297208153817453,22.059000110626222,-0.7319050768339332,0.36012239733219364,0.5,0.44404895893287744
2022-09-01,3.51,3.39,3.26,25.559999465942383,102.82456123998637,104.04077215351198,101.57204459290033,103.9318618774414,9979800.0,0.0,0.006858508903666571,0.263539590099345,0.0,103.7793701171875,106.79766883850098,-0.07063501671586747,0.07590759075907583,-0.25,-0.13000000000000034,-0.11999999999999966,-0.011983044578061208,22.26500005722046,-0.8164585056104338,0.37198620840175056,0.5,0.4487944833607002
2022-09-02,3.47,3.3,3.2,25.46999931335449,105.16621735703508,106.60025558691288,102.73378887744438,103.20574951171876,10666600.0,0.0,-0.006986426997515838,0.24104368272805674,0.0,103.60510559082032,106.70463752746582,0.06881901440910632,0.05263157894736836,-0.27,-0.09999999999999964,-0.17000000000000037,-0.003521132803927296,22.48100004196167,-0.8539482949349749,0.37543053122909387,0.5,0.4501722124916375
2022-09-06,3.61,3.43,3.33,26.90999984741211,103.76849502213985,104.14969485775175,101.7172659775536,103.23299407958984,9751900.0,0.0,0.0002639830435802182,0.23725743120076326,0.0,103.48711700439453,106.67695579528808,-0.08575366096038095,0.06730769230769229,-0.2799999999999998,-0.10000000000000009,-0.17999999999999972,0.05653712496578667,22.761999988555907,-0.9093133184816595,0.3203214389861927,0.5,0.42812857559447703
2022-09-07,3.6,3.37,3.27,24.63999938964844,102.67933268210456,105.38405082502956,102.34351678313176,105.19345092773438,10647900.0,0.0,0.018990603397912365,0.2448975389978931,0.0,103.7575912475586,106.7005542755127,0.09187953116828518,0.05144694533762073,-0.33000000000000007,-0.10000000000000009,-0.22999999999999998,-0.08435527575753476,22.905499935150146,-0.935642978959016,0.407194784974355,0.5,0.462877913989742
2022-09-08,3.6,3.39,3.29,23.61000061035156,104.63071385446968,107.81647056017204,104.04075788310112,107.6440200805664,11435000.0,0.0,0.02329583383014522,0.24117642131074335,0.0,104.64161529541016,106.71008415222168,0.0739206791949587,0.04444444444444451,-0.31000000000000005,-0.10000000000000009,-0.20999999999999996,-0.04180189954589031,23.098999977111816,-0.9504100939334778,0.4466130326734744,0.5,0.4786452130693898
2022-09-09,3.67,3.45,3.33,22.790000915527344,108.134134129783,108.96007385247265,107.70755048616172,108.16136169433594,9299700.0,0.0,0.004806041370271519,0.2357138054743193,0.0,105.48751525878906,106.66606407165527,-0.18673371228683866,0.021472392638036908,-0.33999999999999986,-0.1200000000000001,-0.21999999999999975,-0.0347310323433323,23.228499984741212,-0.9489618913466547,0.4779945757718539,0.5,0.49119783030874153
2022-09-12,3.7,3.47,3.37,23.8700008392334,109.4774220618449,110.32151121463062,108.72409376884706,109.4411163330078,8614600.0,0.0,0.011831902063959232,0.23178919685869043,0.0,106.73458862304688,106.59572296142578,-0.0736690430874114,0.05312499999999987,-0.33000000000000007,-0.10000000000000009,-0.22999999999999998,0.047389200540585596,23.445499992370607,-0.9097351642808065,0.43666277483832605,0.5,0.4746651099353304
2022-09-13,3.92,3.58,3.42,27.270000457763672,107.16298969054854,107.93446744065152,105.08453330758675,105.63818359375,12904600.0,0.0,-0.03474866546213051,0.26111462627067683,0.0,107.2156265258789,106.32025985717773,0.49799178139437705,0.027027027027026973,-0.5,-0.16000000000000014,-0.33999999999999986,0.14243818596528657,23.811499977111815,-0.8641563191998612,0.30654414767681937,0.5,0.42261765907072774
2022-09-14,3.95,3.6,3.41,26.15999984741211,105.91954322994398,106.95423232841526,104.2676705530328,105.39312744140624,9345700.0,0.0,-0.002319768704904801,0.2572724861761765,0.0,107.25556182861328,105.979447555542,-0.2757853788571517,0.042813455657492394,-0.54,-0.18999999999999995,-0.3500000000000001,-0.04070409210556314,24.13499994277954,-0.8292261831579527,0.34902408055099243,0.5,0.43960963222039695
2022-09-15,4.0,3.66,3.45,26.270000457763672,105.39312880144128,108.35197321088188,105.06638414248548,106.9814682006836,10821400.0,0.0,0.015070629345925735,0.26413614406887276,0.0,107.12305145263672,105.76524848937989,0.15790149480509763,0.04863221884498481,-0.5499999999999998,-0.20999999999999996,-0.33999999999999986,0.004204916322369412,24.45349998474121,-0.7345164142777104,0.34481433642988557,0.5,0.4379257345719542
2022-09-16,3.96,3.62,3.45,26.299999237060547,106.54580319895298,106.55488136271414,104.71240882197272,106.26444244384766,14844100.0,0.0,-0.006702336104519424,0.26385081117773557,0.0,106.74366760253906,105.55831108093261,0.3717356349455707,0.03603603603603611,-0.5099999999999998,-0.16999999999999993,-0.33999999999999986,0.001141940570009048,24.79049997329712,-0.6011539054249324,0.3436662774838326,0.5,0.43746651099353306
2022-09-19,4.05,3.69,3.49,25.76000022888184,105.28422179790785,107.7620345473943,104.83948866196287,107.24468994140624,8201300.0,0.0,0.009224604910307299,0.25191305387825547,0.0,106.30438232421875,105.53698272705078,-0.447504395685828,0.035608308605341366,-0.5599999999999996,-0.19999999999999973,-0.3599999999999999,-0.02053228227542192,25.048499965667723,-0.5224644452113356,0.3643321414533002,0.5,0.44573285658132006
2022-09-20,4.03,3.75,3.57,27.15999984741211,106.56395850778968,106.81809169379224,104.04984036495728,105.12991333007812,9619000.0,0.0,-0.019719173158909142,0.2549186381793583,0.0,106.20272827148438,105.49886360168458,0.17286283881823605,0.04385964912280693,-0.4600000000000004,-0.18000000000000016,-0.28000000000000025,0.054347810795459806,25.216499996185302,-0.5143972809169831,0.3107538917979261,0.5,0.42430155671917047
2022-09-21,4.08,3.74,3.51,27.989999771118164,105.77433928837232,105.82879442883322,102.03493166041228,102.09846496582033,12606300.0,0.0,-0.02883525980602597,0.2726981145585275,0.0,105.54379577636719,105.36135902404786,0.310562428526874,0.029325513196480912,-0.5700000000000003,-0.23000000000000043,-0.33999999999999986,0.030559643901659994,25.41049995422363,-0.6031747315485764,0.27898963805266486,0.5,0.41159585522106595
2022-09-22,4.08,3.91,3.7,27.350000381469727,102.90624588458174,103.1059239606182,100.80963993542022,100.93670654296876,11684500.0,0.0,-0.011378804012778132,0.27466841101551154,0.0,104.33484344482422,105.15306015014649,-0.07312216907419311,0.07246376811594213,-0.3799999999999999,-0.20999999999999996,-0.16999999999999993,-0.02286528741986016,25.636999988555907,-0.6853200794193655,0.30348253549635773,0.5,0.4213930141985431
2022-09-23,4.15,3.96,3.69,29.920000076293945,99.88386218933628,100.1470666293607,97.26083363178914,99.05792236328124,18138600.0,0.0,-0.018613488036562154,0.2631705185330053,0.0,102.89353942871094,104.72602310180665,0.5523642432282083,0.06956521739130417,-0.4600000000000004,-0.27,-0.1900000000000004,0.09396708076704297,26.04399995803833,-0.7739791505598678,0.2051281620801123,0.5,0.38205126483204493
2022-09-26,4.17,4.15,3.88,32.2599983215332,98.02324082588356,99.48451376623828,96.26245076554312,96.92501831054688,15753600.0,0.0,-0.021531887625426127,0.2496076737493675,0.0,100.82960510253906,104.36842041015625,-0.13148754589659617,0.11174785100286533,-0.29000000000000004,-0.27000000000000046,-0.019999999999999574,0.07820849730188573,26.37899990081787,-0.859022226786506,0.11557598755296217,0.5,0.34623039502118486
2022-09-27,4.16,4.21,3.97,32.599998474121094,97.79632248042036,98.17752226112906,94.98269416984998,96.07183837890624,12793600.0,0.0,-0.008802473773149688,0.2502921289787802,0.0,99.01799011230469,103.98086547851562,-0.18789356083688813,0.11204481792717091,-0.18999999999999995,-0.23999999999999977,0.04999999999999982,0.010539372916239298,26.698499870300292,-0.8999284821067278,0.10256411753735228,0.5,0.3410256470149409
2022-09-28,3.99,3.92,3.72,30.18000030517578,96.16259429758328,98.6857904856329,95.88123355837668,98.01414489746094,12762600.0,0.0,0.02021723068204717,0.2641891651998754,0.0,98.20112609863281,103.68951873779297,-0.002423086543271613,0.05982905982905984,-0.27,-0.19999999999999973,-0.07000000000000028,-0.07423307614159502,26.89699993133545,-0.9098255900407262,0.19517790424496406,0.5,0.3780711616979856
2022-09-29,3.98,3.98,3.76,31.84000015258789,97.07021846318578,97.36973553422632,94.75578536555122,96.35320281982422,12713900.0,0.0,-0.016945942643016854,0.2687989972128305,0.0,97.2844253540039,103.34598388671876,-0.0038158368984376745,0.01621621621621605,-0.2200000000000002,-0.2200000000000002,0.0,0.05500330784050478,27.195499897003174,-0.9292714850518111,0.13164939675444143,0.5,0.35265975870177657
2022-09-30,4.05,4.06,3.83,31.6200008392334,96.26244659636296,97.678342500149,94.7557967460166,94.8465576171875,15973400.0,0.0,-0.01563669041136151,0.26938161485017553,0.0,96.44215240478516,102.89171867370605,0.2563729461455573,0.03794037940379402,-0.21999999999999975,-0.22999999999999954,0.009999999999999787,-0.0069095261400811125,27.498499965667726,-0.938531306145737,0.14006881200206278,0.5,0.3560275248008251
2022-10-03,4.01,3.9,3.67,30.100000381469727,95.86310627748011,98.34999038640052,94.81026068525011,97.77819061279295,12248100.0,0.0,0.030909218734515242,0.2967949521197957,0.0,96.61278686523437,102.62034072875977,-0.23321897654851187,-0.054123711340206215,-0.33999999999999986,-0.22999999999999998,-0.10999999999999988,-0.048070854440891986,27.730000019073486,-0.9490946694574934,0.1982395164254256,0.5,0.37929580657017026
2022-10-04,4.15,3.84,3.62,29.06999969482422,100.3921238672329,102.5522628939969,99.71140700180528,102.3525848388672,16013600.0,0.0,0.04678337978444591,0.34467894866732585,0.0,97.86893615722656,102.57632026672363,0.30743543896604364,-0.08816120906801006,-0.5300000000000002,-0.21999999999999975,-0.3100000000000005,-0.03421929148145797,27.83800001144409,-0.9461229545142912,0.23765783711913702,0.5,0.3950631348476548
2022-10-05,4.14,3.96,3.76,28.549999237060547,100.50280740848147,101.60169635772932,99.66032541495376,101.08888244628906,10943500.0,0.0,-0.012346560612685797,0.33944110679965733,0.0,98.48388366699218,102.37109184265137,-0.3166121296897637,0.010752688172043001,-0.3799999999999999,-0.20000000000000018,-0.17999999999999972,-0.01788787283187543,28.033500003814698,-0.9515157495776101,0.2575583527894336,0.5,0.4030233411157734
2022-10-06,4.19,4.05,3.83,30.520000457763672,100.23723052388458,100.90572600519454,98.84530420211476,99.02845001220705,11521400.0,0.0,-0.02038238413780835,0.3319850913174426,0.0,99.01893310546875,101.9403133392334,0.05280760268652629,0.018617021276595924,-0.3600000000000003,-0.21999999999999975,-0.14000000000000057,0.06900179591409161,28.378999996185303,-0.9522448350943093,0.18216603422935407,0.5,0.3728664136917416
2022-10-07,4.24,4.14,3.89,31.36000061035156,98.46069135916748,98.63468477736758,96.40026946115012,97.05045318603516,11681100.0,0.0,-0.01997402590798969,0.3349502045660983,0.0,99.45971221923828,101.38476791381837,0.013861162705921082,0.015665796344647598,-0.3500000000000001,-0.24999999999999956,-0.10000000000000053,0.027522940366608184,28.807499980926515,-0.9620252790465388,0.15001906983721114,0.5,0.36000762793488444
2022-10-10,4.26,4.14,3.91,32.45000076293945,97.7372500281984,98.26837563973788,95.71345192116682,96.14385223388672,8931700.0,0.0,-0.009341542696463034,0.329054969302235,0.0,99.13284454345703,100.7199047088623,-0.2353716687640719,0.06539509536784749,-0.34999999999999964,-0.22999999999999954,-0.1200000000000001,0.034757657250430674,29.236499977111816,-0.9554188497044445,0.10830455825680152,0.5,0.3433218233027206
2022-10-11,4.28,4.14,3.93,33.630001068115234,95.57609206806303,95.73176668930428,93.26841597322336,93.36914825439452,12739700.0,0.0,-0.02885992099361956,0.32289781988300714,0.0,97.3361572265625,100.10645294189453,0.4263466081485048,0.08563535911602216,-0.3500000000000001,-0.20999999999999952,-0.14000000000000057,0.036363644913174786,29.554500007629393,-0.9623984402856202,0.0631457238490486,0.5,0.32525828953961944
2022-10-12,4.28,4.12,3.91,33.56999969482422,93.2226494530014,95.9057769889379,92.74645913323252,94.88014221191406,13181000.0,0.0,0.01618301104560449,0.33220919435227225,0.0,96.0944091796875,99.58080368041992,0.03463974818873283,0.039893617021276695,-0.3700000000000001,-0.20999999999999996,-0.16000000000000014,-0.0017841620988797713,29.925,-0.9591871910193169,0.06544198773033905,0.5,0.3261767950921356
2022-10-13,4.46,4.21,3.97,31.940000534057617,93.38746115061146,100.64014301929672,93.18599660094291,100.15480041503906,22398700.0,0.0,0.055592857263473405,0.39072176238675776,0.0,96.3196792602539,99.23947029113769,0.6993171989985585,0.036553524804177506,-0.48999999999999977,-0.23999999999999977,-0.25,-0.04855523311243615,30.2085000038147,-0.9304941228038404,0.12782236328021634,0.5,0.35112894531208655
2022-10-14,4.5,4.25,4.0,32.02000045776367,102.52656819709884,105.53020361405036,101.39104902432622,101.82144927978516,22337500.0,0.0,0.016640728730320964,0.3965370997203921,0.0,97.27387847900391,99.01732063293457,-0.002732301428207906,0.028277634961439535,-0.5,-0.25,-0.25,0.0025046938750283854,30.494500064849852,-0.8609847548260079,0.12476075109975482,0.5,0.34990430043990195
2022-10-17,4.5,4.24,4.02,31.3700008392334,105.68589515970226,107.1510824539226,104.68773173058194,106.09797668457033,22276300.0,0.0,0.042000260603579864,0.42473243952641687,0.0,99.26470336914062,98.95998497009278,-0.0027397873531057604,0.028132992327365658,-0.4800000000000004,-0.22000000000000064,-0.2599999999999998,-0.02029980041342172,30.77500009536743,-0.6716335629181385,0.14963635919032936,0.5,0.35985454367613173
2022-10-18,4.5,4.21,4.01,30.5,109.57780496566174,110.01735767004864,107.10529480386944,108.82688903808594,21539700.0,0.0,0.025720682323930433,0.4276551234701976,0.0,102.3562515258789,99.14483375549317,-0.03306653259293513,0.020356234096692072,-0.4900000000000002,-0.20000000000000018,-0.29000000000000004,-0.02773352935793738,30.942000102996825,-0.517348341291306,0.18293145552311751,0.5,0.373172582209247
2022-10-19,4.6,4.35,4.14,30.76000022888184,108.04850236094116,108.81773002672348,105.92397912132704,106.69320678710938,17072000.0,0.0,-0.01960620458634854,0.41999539395251817,0.0,104.71886444091797,99.37457084655762,-0.2074170020938082,0.0588235294117645,-0.45999999999999996,-0.20999999999999996,-0.25,0.008524597668257083,31.08050012588501,-0.46900648342910967,0.17298119768796905,0.5,0.3691924790751876
2022-10-20,4.66,4.45,4.24,29.979999542236328,107.2884512437602,108.70784867549702,105.90567738316729,106.34523010253906,12207400.0,0.0,-0.0032614699196795716,0.41741008438267674,0.0,105.95695037841797,99.64499702453614,-0.2849461105904405,0.06801007556675054,-0.41999999999999993,-0.20999999999999996,-0.20999999999999996,-0.02535762941617714,31.21200008392334,-0.5356786935131593,0.20283197119341412,0.5,0.38113278847736565
2022-10-21,4.58,4.34,4.21,29.690000534057617,106.64743318152028,112.07778966687378,106.5283891019508,111.9312744140625,20593300.0,0.0,0.052527455214844254,0.4442202991169903,0.0,107.97891540527344,100.28866462707519,0.6869521765486508,0.05249999999999999,-0.3700000000000001,-0.1299999999999999,-0.2400000000000002,-0.009673082475206707,31.200500106811525,-0.5921618643698284,0.21393028797461544,0.5,0.3855721151898462
2022-10-24,4.61,4.36,4.25,29.850000381469727,111.78472547783656,112.727939462223,111.10707774897226,112.068603515625,12624200.0,0.0,0.0012269055479032787,0.4323637454097782,0.0,109.17304077148438,101.0458438873291,-0.38697537548620187,0.057213930348258835,-0.3600000000000003,-0.11000000000000032,-0.25,0.005389014635704514,31.08000020980835,-0.6008794420526778,0.20780706361369217,0.5,0.3831228254454769
2022-10-25,4.6,4.25,4.1,28.459999084472656,111.58327608557636,112.88362938644316,110.70416369964258,112.36165618896484,11289100.0,0.0,0.002614939993420995,0.4284897502871553,0.0,109.87999420166015,101.86033477783204,-0.10575719649561954,0.02244389027431426,-0.5,-0.15000000000000036,-0.34999999999999964,-0.04656620700949654,30.87300024032593,-0.6450170056148065,0.2610026756167769,0.5,0.4044010702467108
2022-10-26,4.54,4.2,4.04,27.280000686645508,112.63638727546582,114.65101904999467,112.52649560198506,113.65286254882812,11667000.0,0.0,0.01149152125073516,0.4263590064077465,0.0,111.27192535400391,102.64227066040038,0.033474767696273444,-0.02415458937198056,-0.5,-0.16000000000000014,-0.33999999999999986,-0.041461645670640146,30.728000259399415,-0.7310211183826406,0.3061614370299376,0.5,0.422464574811975
2022-10-27,4.5,4.09,3.96,27.38999938964844,114.6510068357401,115.56674972416155,113.74442333244072,114.1015625,10727600.0,0.0,0.00394798636047633,0.41663634086249457,0.0,112.8231918334961,103.52968864440918,-0.08051769949430021,-0.0660377358490567,-0.54,-0.1299999999999999,-0.41000000000000014,0.004032210419143478,30.50550022125244,-0.7624334578020536,0.30195176590342276,0.5,0.4207807063613691
2022-10-28,4.55,4.19,4.02,25.75,114.7334408565705,115.6400244667623,113.59792149728024,115.45687866210938,11859500.0,0.0,0.01187815602533382,0.40654758239374966,0.0,113.52831268310547,104.56020469665528,0.10551288265781711,-0.04513064133016631,-0.5300000000000002,-0.17000000000000082,-0.35999999999999943,-0.05987584615530328,30.212000179290772,-0.7948118395516045,0.3647148521001822,0.5,0.4458859408400728
2022-10-31,4.66,4.27,4.1,25.8799991607666,115.1088933959679,116.69313187506611,115.00816110608834,115.2737274169922,13295200.0,0.0,-0.0015863173094534666,0.4009039363623682,0.0,114.16933746337891,105.43498153686524,0.12105906657110332,-0.03529411764705892,-0.5600000000000005,-0.16999999999999993,-0.39000000000000057,0.005048511097732078,30.001000118255615,-0.8376396271778509,0.3597397596799041,0.5,0.44389590387196165
2022-11-01,4.75,4.27,4.07,25.809999465942383,116.18031225073544,117.4715061957716,115.68581021224358,117.35245513916016,13386900.0,0.0,0.018032970467315224,0.37681569060505404,0.0,115.16749725341796,106.18497505187989,0.006897226066550299,-0.007317073170731603,-0.6799999999999997,-0.1999999999999993,-0.4800000000000004,-0.0027047796404234825,29.838000106811524,-0.8732890845046617,0.362418661213484,0.5,0.4449674644853936
2022-11-02,4.76,4.3,4.1,25.86000061035156,116.8946019167632,119.37626474784432,115.96969947854578,116.27189636230467,16546100.0,0.0,-0.00920780716154701,0.3748239684415263,0.0,115.69130401611328,106.94412574768066,0.2359919025315793,0.014851485148514865,-0.6600000000000001,-0.20000000000000018,-0.45999999999999996,0.0019372780102207,29.703500175476073,-0.9163661050988576,0.3605051079790754,0.5,0.44420204319163015
2022-11-03,4.78,4.36,4.14,25.299999237060547,115.66748751829827,117.37992232993088,115.30119593470816,116.48249816894533,12474400.0,0.0,0.0018112872777478195,0.3611271814404614,0.0,116.16749114990235,107.81682815551758,-0.24608215833338365,0.045454545454545414,-0.6400000000000006,-0.22000000000000064,-0.41999999999999993,-0.021655118332319256,29.442500114440918,-0.9292698454515458,0.3819364662368988,0.5,0.45277458649475955
2022-11-04,4.76,4.33,4.17,24.549999237060547,118.57955108190968,119.80664319294416,117.6363370292206,119.66927337646484,14953200.0,0.0,0.02735840368822995,0.35075175486853016,0.0,117.00997009277344,108.94776916503906,0.1987109600461745,0.03731343283582089,-0.5899999999999999,-0.16000000000000014,-0.4299999999999997,-0.029644269668647527,29.102000045776368,-0.9439488752176216,0.41063910780169843,0.5,0.46425564312067935
2022-11-07,4.8,4.39,4.22,24.350000381469727,119.96231943126772,121.1436216194758,119.4861292126526,120.30113983154295,12011200.0,0.0,0.0052801060560494495,0.34340169895179035,0.0,118.0154525756836,110.15563354492187,-0.19674718454912665,0.029268292682926855,-0.5800000000000001,-0.16999999999999993,-0.41000000000000014,-0.00814659314892785,28.69700002670288,-0.9499611019734193,0.41829310175555634,0.5,0.4673172407022225
2022-11-08,4.77,4.31,4.14,25.540000915527344,120.18209148317874,120.93299332178071,119.17476880235444,120.3743896484375,9884100.0,0.0,0.0006088871393663542,0.3119707942958322,0.0,118.61983947753906,111.50589561462402,-0.17709304648994273,0.017199017199017064,-0.6299999999999999,-0.16999999999999993,-0.45999999999999996,0.04887065771724597,28.292500019073486,-0.9499089194131042,0.37275155670092186,0.5,0.44910062268036877
2022-11-09,4.75,4.27,4.12,26.09000015258789,120.25537781826624,120.35609613435624,118.33231192339888,118.80850219726562,9494000.0,0.0,-0.01300847676773409,0.3249140926956404,0.0,119.12716064453124,112.7023136138916,-0.0394674274845459,0.004878048780487809,-0.6299999999999999,-0.14999999999999947,-0.4800000000000004,0.021534816654065425,27.91850004196167,-0.9459176268396647,0.3517029820845723,0.5,0.4406811928338289
2022-11-10,4.59,3.95,3.82,23.530000686645508,121.45498763906365,123.8542296119006,121.3634077580476,123.69855499267578,16351600.0,0.0,0.041159114919998574,0.3021810004726611,0.0,120.57037200927735,113.87950134277344,0.7223088266273436,-0.07729468599033817,-0.77,-0.13000000000000034,-0.6399999999999997,-0.09812186473630413,27.498000049591063,-0.9527786834062025,0.44967464485393593,0.5,0.4798698579415744
2022-11-11,4.609999999999999,3.975,3.8499999999999996,22.520000457763672,123.79929213024351,124.69671631227637,122.5080912121442,123.9000244140625,10704700.0,0.0,0.0016287128123577688,0.3030175897945276,0.0,121.41652221679688,114.98343009948731,-0.34534235181878226,-0.07673860911270991,-0.7599999999999998,-0.12500000000000044,-0.6349999999999993,-0.04292393537646866,27.023000049591065,-0.9550560627344057,0.4883275442538839,0.5,0.4953310177015536
2022-11-14,4.63,4.0,3.88,23.729999542236328,123.44215454020792,124.2937887909948,122.62714385986328,122.62714385986328,11085600.0,0.0,-0.010273448776292105,0.28621665040580047,0.0,121.88172302246093,115.80988845825195,0.035582501144357126,-0.08056872037914686,-0.75,-0.1200000000000001,-0.6299999999999999,0.05372997601585361,26.64099998474121,-0.9508552064745832,0.442020650900078,0.5,0.4768082603600312
2022-11-15,4.6,3.93,3.8,24.540000915527344,123.33226021587494,124.27548835872932,120.51178407947867,121.73887634277344,14038300.0,0.0,-0.0072436451598754115,0.28214663766355086,0.0,122.15462036132813,116.45548782348632,0.2663545500469078,-0.08212560386473422,-0.7999999999999998,-0.13000000000000034,-0.6699999999999995,0.03413406611531178,26.34300003051758,-0.9461879770460477,0.41102174545398795,0.5,0.4644086981815952
2022-11-16,4.62,3.83,3.67,24.11000061035156,121.793809472829,122.30662327701408,120.90553771446262,121.90369415283205,7893400.0,0.0,0.001353863408386724,0.26652165586344073,0.0,122.7736587524414,117.21601219177246,-0.4377239409330189,-0.10922330097087385,-0.9500000000000002,-0.16000000000000014,-0.79,-0.017522424170070328,26.010500049591066,-0.9357131205856202,0.42747793829694136,0.5,0.47099117531877654
2022-11-17,4.68,3.93,3.77,23.93000030517578,120.8780939660086,121.6931047982178,120.21875779016167,121.37258911132812,8820200.0,0.0,-0.004356759204016125,0.26709872193514095,0.0,122.30846557617187,117.96738014221191,0.11741454886360758,-0.01308900523560208,-0.9099999999999997,-0.16000000000000014,-0.7499999999999996,-0.007465794301908635,25.708000087738036,-0.9295617586904994,0.43436658395162786,0.5,0.47374663358065117
2022-11-18,4.74,3.99,3.82,23.1200008392334,123.23154414814024,123.3231100656975,121.13448482032692,122.56304168701172,9468500.0,0.0,0.009808248999217284,0.20609567712174004,0.0,122.04106903076172,118.49896850585938,0.07350173465454302,-0.007792207792207795,-0.9200000000000004,-0.17000000000000037,-0.75,-0.03384870270006601,25.379500102996825,-0.9286773284774443,0.4653654164031257,0.5,0.48614616656125026
2022-11-21,4.75,3.97,3.83,22.36000061035156,122.47145679770183,123.22235868712087,121.56486632360674,121.83959197998048,7800500.0,0.0,-0.005902674224410154,0.20918600173293406,0.0,121.88355865478516,118.98751792907714,-0.17616306701167028,-0.012886597938144284,-0.9199999999999999,-0.14000000000000012,-0.7799999999999998,-0.03287198102485189,25.005000114440914,-0.9184996621781545,0.4944507686148072,0.5,0.4977803074459229
2022-11-22,4.79,3.93,3.76,21.290000915527344,122.70955214480122,123.87254957387336,122.42567407330108,123.66191864013672,9185700.0,0.0,0.014956769228640088,0.21245297484417347,0.0,122.2681671142578,119.55253105163574,0.1775783603615153,-0.010526315789473717,-1.0300000000000002,-0.17000000000000037,-0.8599999999999999,-0.04785329452669418,24.64650020599365,-0.8915111215107346,0.5353998589014533,0.5,0.5141599435605813
2022-11-23,4.75,3.88,3.71,20.350000381469727,123.57034531697188,124.99890196082376,123.49708421047596,124.98058319091795,7316200.0,0.0,0.010663465077059175,0.2121316395293217,0.0,122.883544921875,120.11891708374023,-0.20352286706511202,0.01089918256130784,-1.04,-0.16999999999999993,-0.8700000000000001,-0.04415220731024261,24.30000019073486,-0.8777619870904669,0.5713738567678213,0.5,0.5285495427071285
2022-11-25,4.76,3.85,3.68,20.5,124.98058686844412,125.58498053497402,124.59597652786904,125.21868896484376,3220500.0,0.0,0.001905142125653958,0.21237007161312016,0.0,123.65276489257812,120.67477340698242,-0.5598124709548673,-0.023872679045092826,-1.0799999999999996,-0.16999999999999993,-0.9099999999999997,0.007370988487393815,23.95550022125244,-0.8677862782300725,0.5656333430537798,0.5,0.5262533372215119
2022-11-28,4.76,3.88,3.69,22.209999084472656,124.60515411824149,125.19122906709268,122.88355284274716,123.0300750732422,9906900.0,0.0,-0.01747833258513065,0.22450772586593495,0.0,123.74617156982421,121.05343322753906,2.0761993479273406,-0.03403141361256545,-1.0699999999999998,-0.18999999999999995,-0.8799999999999999,0.08341458948647107,23.778500175476072,-0.8704045511603132,0.5001913553234407,0.5,0.5000765421293762
2022-11-29,4.78,3.92,3.75,21.88999938964844,123.31397996098738,125.12714754474332,123.08504416600849,125.05388641357422,7925300.0,0.0,0.016449728565370636,0.2284216691913597,0.0,124.38903045654297,121.54244117736816,-0.20002220674479398,-0.02088772845953002,-1.0300000000000002,-0.16999999999999993,-0.8600000000000003,-0.014407911211843816,23.579000186920165,-0.8773858251234123,0.512437804045287,0.5,0.5049751216181149
2022-11-30,4.74,3.82,3.68,20.57999992370605,124.62345411287608,126.537353515625,121.96780515989336,126.537353515625,14761200.0,0.0,0.011862622942758527,0.224473447528688,0.0,124.96411743164063,122.0016860961914,0.8625414810795806,-0.02127659574468077,-1.06,-0.13999999999999968,-0.9200000000000004,-0.05984465520642612,23.317500209808347,-0.8830342035898001,0.5625717308733182,0.5,0.5250286923493273
2022-12-01,4.66,3.68,3.53,19.84000015258789,126.53736345683684,126.97693016591022,124.01907015859663,124.76083374023438,8858500.0,0.0,-0.01403948894166862,0.2288197068718248,0.0,124.9201675415039,122.42613296508789,-0.39987941359781043,-0.04851752021563349,-1.1300000000000003,-0.15000000000000036,-0.98,-0.03595722905060639,23.01650018692016,-0.8708132426525493,0.5908916617912361,0.5,0.5363566647164945
2022-12-02,4.69,3.67,3.51,19.059999465942383,123.15828156222832,123.94582110410714,122.1051687244011,123.7718276977539,8931900.0,0.0,-0.007927215720116787,0.2324274404199622,0.0,124.63079528808593,122.79059944152831,0.008285827171643056,-0.04619565217391319,-1.1800000000000006,-0.16000000000000014,-1.0200000000000005,-0.039314550435815665,22.704500198364254,-0.8501753403059973,0.620742435296681,0.5,0.5482969741186724
2022-12-05,4.77,3.8,3.6,20.75,122.92933144600065,123.23152827859518,119.59602786195003,120.30113983154295,10154500.0,0.0,-0.02804101652830271,0.23896342165330497,0.0,124.08500823974609,122.82219276428222,0.13688017107222428,-0.024390243902438935,-1.1699999999999995,-0.19999999999999973,-0.9699999999999998,0.08866739671621793,22.51450023651123,-0.7283113499037582,0.5560657958655133,0.5,0.5224263183462053
2022-12-06,4.73,3.73,3.51,22.170000076293945,122.1509647951926,123.72604395794204,118.92754534896932,120.50262451171876,13966700.0,0.0,0.0016748360028671083,0.23832276944674102,0.0,123.174755859375,122.83226699829102,0.37541976463636817,-0.06400000000000006,-1.2200000000000006,-0.2200000000000002,-1.0000000000000004,0.06843373861657565,22.40550022125244,-0.6761355101461063,0.5017221249163755,0.5,0.5006888499665502
2022-12-07,4.67,3.62,3.42,22.68000030517578,120.24620313901356,121.8670720542558,119.34877897086182,120.42019653320312,11739400.0,0.0,-0.0006840347158382221,0.2383368192628089,0.0,121.95132446289062,122.8345573425293,-0.15947217309743889,-0.07065217391304357,-1.25,-0.20000000000000018,-1.0499999999999998,0.02300406978469849,22.262500190734862,-0.6273723974447357,0.48220431989296064,0.5,0.49288172795718427
2022-12-08,4.71,3.71,3.48,22.290000915527344,121.18026042106706,121.77548772068307,120.35608342183583,121.68392181396484,8907300.0,0.0,0.010494296780301893,0.23574613474184064,0.0,121.33594207763672,122.97832832336425,-0.24124742320731896,-0.014164305949008416,-1.23,-0.22999999999999998,-1.0,-0.017195740052941555,22.072500228881832,-0.5070708878137212,0.49712967014838694,0.5,0.4988518680593548
2022-12-09,4.72,3.75,3.57,22.82999992370605,121.06121310776614,122.4897698494312,120.87806731555004,121.02458953857422,7957800.0,0.0,-0.005418400932200695,0.18348024412907926,0.0,120.78649444580078,122.84463005065918,-0.10659795897746793,0.017094017094017033,-1.15,-0.18000000000000016,-0.9699999999999998,0.024226064872098885,22.03750019073486,-0.5545409592447337,0.47646380617891926,0.5,0.4905855224715677
2022-12-12,4.75,3.8,3.61,25.0,121.24436420664723,123.30478589879807,120.51178100571892,122.90187072753906,8841600.0,0.0,0.015511568319481972,0.19254075683094501,0.0,121.306640625,122.794722366333,0.11106084596245203,0.002777777777777768,-1.1400000000000001,-0.18999999999999995,-0.9500000000000002,0.09505037597659727,22.161500167846675,-0.5165401979491705,0.3934174936649818,0.5,0.45736699746599274
2022-12-13,4.64,3.66,3.51,22.549999237060547,125.35603385107773,125.53917962013128,121.86705594869548,122.78279876708984,10025400.0,0.0,-0.0009688376567773549,0.18896991227821072,0.0,121.76267547607422,122.80250511169433,0.1338897937024972,0.0,-1.13,-0.15000000000000036,-0.9799999999999995,-0.09800003051757811,22.102500152587886,-0.5242371428531796,0.48717948530783095,0.5,0.49487179412313237
2022-12-14,4.64,3.64,3.49,21.13999938964844,122.50808615450605,124.27547724797802,121.57402446793988,122.16926574707033,9966100.0,0.0,-0.004996897172732995,0.1879726492803267,0.0,122.11248931884765,122.82402458190919,-0.005914975961058944,0.02046783625731008,-1.1499999999999995,-0.1499999999999999,-0.9999999999999996,-0.06252771153512038,21.93250007629394,-0.49672277338317494,0.5411404456100868,0.5,0.5164561782440347
2022-12-15,4.65,3.62,3.44,22.82999992370605,120.09968729391343,120.95133553882994,118.17663540287936,119.13816833496094,12087800.0,0.0,-0.02481063787667137,0.2078188769969554,0.0,121.60333862304688,122.68574829101563,0.21289170287273862,-0.011494252873563204,-1.2100000000000004,-0.18000000000000016,-1.0300000000000002,0.07994326314338251,21.86850004196167,-0.5032639468493747,0.47646380617891926,0.5,0.4905855224715677
2022-12-16,4.61,3.61,3.48,22.6200008392334,118.26819699694174,118.95500421288943,117.60886095178166,118.39640045166016,21133700.0,0.0,-0.0062261145497493064,0.20831694826952307,0.0,121.07770080566407,122.53693885803223,0.7483495756051557,-0.025210084033613356,-1.1300000000000003,-0.1299999999999999,-1.0000000000000004,-0.00919838305626075,21.803000068664552,-0.491682075840306,0.48450051077965883,0.5,0.49380020431186356
2022-12-19,4.64,3.7,3.57,22.420000076293945,118.72607400001164,120.26452950136444,118.21326015727044,119.10153198242188,9017200.0,0.0,0.00595568385585854,0.20606367697020142,0.0,120.31763305664063,122.36386337280274,-0.5733260148483228,-0.011080332409972304,-1.0699999999999998,-0.13000000000000034,-0.9399999999999995,-0.008841766380156879,21.768000030517577,-0.5117002744171862,0.492154577728109,0.5,0.4968618310912436
2022-12-20,4.64,3.79,3.69,21.479999542236328,119.93486609876084,120.92387025075504,119.22974005117491,119.67845916748048,8549900.0,0.0,0.004843994661158257,0.2064458136628701,0.0,119.69676513671875,122.25580673217773,-0.051823182362595976,0.05128205128205132,-0.9499999999999997,-0.10000000000000009,-0.8499999999999996,-0.041926874703784645,21.723999977111816,-0.48132167062213366,0.528128575594477,0.5,0.5112514302377908
2022-12-21,4.6,3.78,3.68,20.06999969482422,121.04289433660604,121.77549147859868,120.66745035315796,121.02458953857422,8051700.0,0.0,0.011247891896819295,0.20308042379257746,0.0,119.46782989501953,122.1239402770996,-0.058269687364764455,0.054441260744985565,-0.9199999999999995,-0.09999999999999964,-0.8199999999999998,-0.06564245239575606,21.66299991607666,-0.4263516005307432,0.5820895358967331,0.5,0.5328358143586932
2022-12-22,4.64,3.79,3.67,21.96999931335449,120.05389956998243,120.23704535503764,117.59054893757592,119.65097045898438,8648200.0,0.0,-0.011349917275712218,0.20133881861707045,0.0,119.57039031982421,121.85745964050292,0.07408373386986589,0.06686046511627897,-0.9699999999999998,-0.1200000000000001,-0.8499999999999996,0.09466864212360959,21.743999862670897,-0.3869820222645197,0.5093761918648257,0.5,0.5037504767459303
2022-12-23,4.66,3.86,3.75,20.8700008392334,119.57771746346202,120.36525696844744,118.71691684485836,120.21873474121094,5091900.0,0.0,0.004745170724889336,0.20233798335138137,0.0,119.93485717773437,121.60746192932129,-0.411218519460697,0.07758620689655182,-0.9100000000000001,-0.10999999999999988,-0.8000000000000003,-0.05006820703232584,21.76249990463257,-0.3098612832698514,0.5514733410975248,0.5,0.52058933643901
2022-12-27,4.75,3.94,3.84,21.649999618530277,120.48430950243451,121.07953684483128,119.5502477587565,120.63998413085938,5411000.0,0.0,0.003504024481336021,0.19454925306557458,0.0,120.24254760742187,121.48795738220215,0.06266815923329205,0.07563025210084029,-0.9100000000000001,-0.10000000000000009,-0.81,0.03737416137667626,21.73449993133545,-0.32383277819874945,0.521622640586672,0.5,0.5086490562346688
2022-12-28,4.71,3.97,3.88,22.13999938964844,120.74072784048434,122.16928477590164,119.97149305184182,121.29933166503906,8827700.0,0.0,0.005465414629568288,0.18523471892850735,0.0,120.5667221069336,121.30022964477538,0.6314359637774902,0.051490514905149,-0.8300000000000001,-0.0900000000000003,-0.7399999999999998,0.02263278428415183,21.74699993133545,-0.3609613376736812,0.5028702568570205,0.5,0.5011481027428082
2022-12-29,4.71,3.94,3.83,21.440000534057617,121.729704123271,122.041067347094,121.16194796340132,121.99527740478516,6585200.0,0.0,0.005737424355048537,0.18061099544693526,0.0,120.76085968017578,121.0731258392334,-0.2540299285204527,0.040760869565217295,-0.8799999999999999,-0.10999999999999988,-0.77,-0.03161693201844029,21.789999961853027,-0.30801503842652916,0.5296593451874116,0.5,0.5118637380749647
2022-12-30,4.73,3.99,3.88,21.670000076293945,121.61981600038357,123.01174916305784,121.2809955885126,122.80113220214844,9292500.0,0.0,0.006605622893822494,0.17682827840803894,0.0,121.3908920288086,120.9751407623291,0.4111188726234587,0.05722070844686655,-0.8500000000000005,-0.11000000000000032,-0.7400000000000002,0.010727590322163083,21.88149995803833,-0.15751362470697677,0.5208572192929086,0.5,0.5083428877171634
2023-01-03,4.72,3.94,3.79,22.899999618530277,123.84509000841412,125.21870452680464,122.60883135261088,123.73519134521484,11054800.0,0.0,0.007606274684249792,0.1770414213483797,0.0,122.09418334960938,120.97330894470215,0.18964756524078563,0.010666666666666602,-0.9299999999999997,-0.1499999999999999,-0.7799999999999998,0.05676047706072218,22.073499965667725,0.1892832559106683,0.4737849046453392,0.5,0.48951396185813567
2023-01-04,4.71,3.85,3.69,22.01000022888184,124.53189125792152,126.0794851365286,124.14728088810833,124.88903045654295,11687600.0,0.0,0.009325068307438622,0.14525097574483403,0.0,122.9439926147461,121.20270347595215,0.057242102977892007,-0.0390625,-1.02,-0.16000000000000014,-0.8599999999999999,-0.03886460281546322,22.136499977111818,0.12573083708097943,0.5078453492772985,0.5,0.5031381397109194
2023-01-05,4.78,3.9,3.71,22.459999084472656,125.1473259834928,125.19345415723286,123.33920573781508,124.8613510131836,8381300.0,0.0,-0.00022163230235816567,0.1454481016850479,0.0,123.656396484375,121.42063980102539,-0.28288955816420824,-0.04381443298969068,-1.0700000000000003,-0.18999999999999995,-0.8800000000000003,0.020445199950535287,22.150999927520754,0.14587742598701667,0.49062380813517426,0.5,0.4962495232540697
2023-01-06,4.71,3.69,3.55,21.1299991607666,125.58090514907298,127.6565462748384,124.06799395823543,127.25064086914062,10029100.0,0.0,0.01913554383777849,0.15744538908857184,0.0,124.7074691772461,121.76216201782226,0.1966043453879469,-0.07310704960835512,-1.1600000000000001,-0.14000000000000012,-1.02,-0.05921638370081361,22.073499870300296,0.005534038083145579,0.5415231562569687,0.5,0.5166092625027875
2023-01-09,4.69,3.66,3.53,21.96999931335449,127.8594940162174,128.1177948868488,126.27278062442916,126.72480010986328,8482300.0,0.0,-0.004132323072683741,0.15653420094911663,0.0,125.49220275878906,122.01420593261719,-0.15423118724511675,-0.09020618556701032,-1.1600000000000006,-0.13000000000000034,-1.0300000000000002,0.03975391320164223,22.05749979019165,-0.0036451764830177855,0.5093761918648257,0.5,0.5037504767459303
2023-01-10,4.74,3.72,3.61,20.57999992370605,127.11224686725016,127.97018578827266,126.66944740149016,127.85948944091795,9048700.0,0.0,0.00895396426012085,0.15571680069859936,0.0,126.31706237792969,122.35595092773437,0.06677434186482434,-0.0474934036939314,-1.1300000000000003,-0.11000000000000032,-1.02,-0.06326806705012156,21.944999790191652,-0.12999041213869633,0.5625717308733182,0.5,0.5250286923493273
2023-01-11,4.73,3.66,3.54,21.09000015258789,128.1362671314261,128.9204040207667,127.39827250186464,128.80970764160156,8703700.0,0.0,0.00743173779934958,0.14948281858660062,0.0,127.1011978149414,122.6513427734375,-0.03812702377137045,-0.04065040650406504,-1.1900000000000004,-0.1200000000000001,-1.0700000000000003,0.024781352321307404,21.749499797821045,-0.28483881598327904,0.5430539258499034,0.5,0.5172215703399614
2023-01-12,4.66,3.53,3.43,18.82999992370605,129.1510003099014,129.94435701771593,128.4314458628536,128.68052673339844,11001700.0,0.0,-0.0010028817747382845,0.1494930206673717,0.0,127.86503295898437,122.94622917175293,0.26402564426623165,-0.07547169811320753,-1.23,-0.09999999999999964,-1.1300000000000003,-0.1071598014476316,21.56349983215332,-0.4619288269857718,0.6295445611911843,0.5,0.5518178244764738
2023-01-13,4.69,3.6,3.49,18.350000381469727,125.09196751012998,132.37054791484914,124.35395902005588,131.927734375,20200000.0,0.0,0.02523464679569698,0.16715083730944094,0.0,128.80045166015626,123.43415260314941,0.8360798785642218,-0.016901408450704092,-1.2000000000000002,-0.10999999999999988,-1.0900000000000003,-0.025491213180092953,21.423999881744386,-0.6253525152445006,0.6479142342739537,0.5,0.5591656937095815
2023-01-17,4.67,3.6,3.53,19.36000061035156,130.23034600314747,130.5716691791465,128.44067969679156,129.88902282714844,14292900.0,0.0,-0.015453244592653959,0.1480391426524057,0.0,129.43329620361328,123.9716953277588,-0.2924306930693069,0.0,-1.1400000000000001,-0.07000000000000028,-1.0699999999999998,0.05504088326350964,21.25049991607666,-0.6461380801628696,0.6092613348740059,0.5,0.5437045339496024
2023-01-18,4.63,3.43,3.37,20.34000015258789,128.15469990359847,129.82443570121728,125.83921187435124,125.98681640625,13392600.0,0.0,-0.030042618967819568,0.1890954240757892,0.0,129.0587615966797,124.35121612548828,-0.06298931637386396,-0.06648199445983372,-1.2599999999999998,-0.06000000000000005,-1.1999999999999997,0.050619809470064725,21.136499881744385,-0.6208961289166449,0.5717565674147029,0.5,0.5287026269658812
2023-01-19,4.65,3.48,3.39,20.520000457763672,124.83367427199016,125.36871603171208,123.23772676781353,124.3078384399414,13303400.0,0.0,-0.013326616341305497,0.19753951281719903,0.0,128.15838775634765,124.61153144836426,-0.00666039454624201,-0.0423728813559322,-1.2600000000000002,-0.08999999999999986,-1.1700000000000004,0.008849572459461275,21.041499900817872,-0.5854888000455832,0.5648679217600163,0.5,0.5259471687040065
2023-01-20,4.68,3.56,3.48,19.850000381469727,124.68608406893968,124.99051315250682,123.20084682408736,124.6122817993164,13092500.0,0.0,0.002449108303995473,0.19729961139556387,0.0,127.34473876953125,124.85822257995605,-0.01585309018747083,0.014577259475218707,-1.1999999999999997,-0.08000000000000007,-1.1199999999999997,-0.03265107511439913,20.95999994277954,-0.5733087230738356,0.5905089511443544,0.5,0.5362035804577417
2023-01-23,4.7,3.61,3.52,19.809999465942383,124.64917692664584,127.26910825273292,124.3724360086998,126.63257598876952,10487100.0,0.0,0.016212641003610972,0.2011045280398193,0.0,126.28570709228515,125.13862190246581,-0.19899942715295016,0.008595988538681931,-1.1800000000000002,-0.08999999999999986,-1.0900000000000003,-0.0020151594336836887,20.946999931335448,-0.6521855993686843,0.5920397937318813,0.5,0.5368159174927525
2023-01-24,4.7,3.58,3.46,19.200000762939453,125.84840412718776,129.41850173761952,124.5384458672266,127.7210922241211,6945000.0,0.0,0.008595862690561562,0.19547511816250832,0.0,125.85212097167968,125.54212799072266,-0.33775781674628824,-0.019830028328611804,-1.2400000000000002,-0.1200000000000001,-1.12,-0.030792464384042373,20.808500003814697,-0.6482759447493667,0.615384559234929,0.5,0.5461538236939716
2023-01-25,4.67,3.54,3.46,19.07999992370605,127.35212745255436,128.33920288085938,126.6141188443858,128.33920288085938,8967000.0,0.0,0.004839534692152814,0.1954843943611123,0.0,126.32259826660156,125.94815139770508,0.29114470842332607,0.026706231454005858,-1.21,-0.08000000000000007,-1.13,-0.006250043461718646,20.71899995803833,-0.712767962777947,0.6199770140029177,0.5,0.5479908056011671
2023-01-26,4.68,3.58,3.49,18.729999542236328,128.61598171954827,129.20638590030146,127.63812611483328,129.13258361816406,7487600.0,0.0,0.00618190482327674,0.19574406104960057,0.0,127.2875473022461,126.3727813720703,-0.16498271439723433,0.029498525073746285,-1.1899999999999995,-0.08999999999999986,-1.0999999999999996,-0.01834383558014918,20.572999954223633,-0.7366408250876907,0.6333715946654092,0.5,0.5533486378661636
2023-01-27,4.68,3.62,3.52,18.51000022888184,129.7137030734461,130.31332696166277,128.9203465317357,129.44618225097656,7489900.0,0.0,0.0024285011886682195,0.1956322713202259,0.0,128.25432739257812,126.78012390136719,0.0003071745285538885,0.011494252873563315,-1.1599999999999997,-0.10000000000000009,-1.0599999999999996,-0.01174582587994133,20.391499996185303,-0.7341290575674992,0.6417910099130304,0.5,0.5567164039652122
2023-01-30,4.71,3.68,3.55,19.940000534057617,128.44067672474193,129.23403349962402,128.14548173306235,128.3484344482422,6729300.0,0.0,-0.008480341278864545,0.19977557576295185,0.0,128.59749908447264,127.09778175354003,-0.10155008745110083,0.008522727272727293,-1.1600000000000001,-0.13000000000000034,-1.0299999999999998,0.07725555307905907,20.316499996185303,-0.7422568529982738,0.5870646283170111,0.5,0.5348258513268045
2023-01-31,4.68,3.63,3.52,19.399999618530277,129.0403182144774,129.21559684362194,127.53662689744112,129.11412048339844,9188700.0,0.0,0.005965682701529307,0.19961897057328631,0.0,128.87610473632813,127.41343116760254,0.36547634969461895,0.01734104046242768,-1.1599999999999997,-0.10999999999999988,-1.0499999999999998,-0.02708128891997852,20.202999973297118,-0.7380384236976222,0.607730565281071,0.5,0.5430922261124284
2023-02-01,4.66,3.48,3.39,17.8700008392334,127.49971585355507,129.96280818647722,127.41667951434164,128.77276611328125,8841800.0,0.0,-0.0026438190403897943,0.19951512606474336,0.0,128.9628173828125,127.66530990600586,-0.03775289213925803,-0.020231213872832332,-1.27,-0.08999999999999986,-1.1800000000000002,-0.07886591800937315,19.951500034332277,-0.6735341021142608,0.6662839073567234,0.5,0.5665135629426894
2023-02-02,4.64,3.49,3.4,18.729999542236328,129.15102752468488,129.57538709442915,127.30601284576082,128.1731719970703,11822100.0,0.0,-0.0046562183473132235,0.19894603919664508,0.0,128.77093505859375,127.82951698303222,0.33706937501413736,-0.025787965616045905,-1.2399999999999998,-0.0900000000000003,-1.1499999999999995,0.04812527490848306,19.787499999999998,-0.624094674357158,0.6333715946654092,0.5,0.5533486378661636
2023-02-03,4.79,3.67,3.53,18.32999992370605,127.47205548026778,131.30046932687927,127.42594137506876,130.15655517578125,11501200.0,0.0,0.015474245880068294,0.20498668824403882,0.0,128.9130096435547,128.09427719116212,-0.02714407761734383,0.0028409090909089496,-1.2600000000000002,-0.14000000000000012,-1.12,-0.02135609334256916,19.581000041961666,-0.5776358257536515,0.6486796555677173,0.5,0.5594718622270869
2023-02-06,4.85,3.81,3.63,19.43000030517578,129.36321661683098,131.21746561230057,129.17871794089558,130.92225646972656,8406200.0,0.0,0.005882925319521615,0.19561252126547196,0.0,129.42777404785156,128.2778579711914,-0.2691023545369179,0.022535211267605604,-1.2199999999999998,-0.18000000000000016,-1.0399999999999996,0.06001093213574471,19.496000099182126,-0.5512600012240098,0.6065824333404259,0.5,0.5426329733361703
2023-02-07,4.88,3.85,3.67,18.65999984741211,130.42407668185118,133.1546901998994,130.23956397477656,132.51815795898438,10447900.0,0.0,0.012189688234000462,0.19795025507431233,0.0,130.10858154296875,128.56752586364746,0.24288025504984412,0.04261363636363624,-1.21,-0.18000000000000016,-1.0299999999999998,-0.039629461949033495,19.33050012588501,-0.5635058100990454,0.636050496198989,0.5,0.5544201984795956
2023-02-08,4.87,3.82,3.63,19.6299991607666,131.5956457857201,132.8779302241988,131.25432262787135,131.58642578125,6958000.0,0.0,-0.007030977430449559,0.19896579140431728,0.0,130.6713134765625,128.75387268066407,-0.33402884790244924,0.07079646017699104,-1.2400000000000002,-0.18999999999999995,-1.0500000000000003,0.05198281464557564,19.28300008773804,-0.5123360055131227,0.5989284393865679,0.5,0.5395713757546272
2023-02-09,4.88,3.87,3.67,20.709999084472656,132.02920308280358,132.23215575774526,129.03105520229417,129.53843688964844,6443100.0,0.0,-0.015563830991246363,0.20649345856936024,0.0,130.94436645507812,128.7903091430664,-0.07400114975567695,0.07941176470588229,-1.21,-0.20000000000000018,-1.0099999999999998,0.055017828317822426,19.264000034332277,-0.5057844278163556,0.5575966384530402,0.5,0.5230386553812161
2023-02-10,4.89,3.93,3.74,20.530000686645508,128.94807368610296,130.33183468351544,127.85028770927389,130.1104278564453,6582900.0,0.0,0.004415608066076437,0.2069135202673111,0.0,130.93514099121094,128.86180419921874,0.021697630022815106,0.059490084985835745,-1.1499999999999995,-0.18999999999999995,-0.9599999999999995,-0.008691376426090858,19.34900007247925,-0.4324322083894863,0.5644852111131347,0.5,0.5257940844452539
2023-02-13,4.91,3.93,3.72,20.34000015258789,130.3502776917921,131.6694563072167,129.83367588221756,131.52186584472656,7134600.0,0.0,0.01084800051413648,0.18982292456733985,0.0,131.05506286621093,128.84151077270508,0.08380804812468678,0.024793388429752206,-1.19,-0.20999999999999996,-0.98,-0.009254774851576553,19.448500061035155,-0.2724220795358022,0.5717565674147029,0.5,0.5287026269658812
2023-02-14,4.99,4.0,3.77,18.90999984741211,131.45727512332502,132.66575729505092,130.62702427939897,132.10302734375,9249400.0,0.0,0.004418744330388025,0.1814048698302931,0.0,130.97203674316407,128.95221099853515,0.29641465534157496,0.027247956403269713,-1.2200000000000002,-0.22999999999999998,-0.9900000000000002,-0.07030483256873721,19.426000022888182,-0.301661048934601,0.6264829490107224,0.5,0.550593179604289
2023-02-15,4.96,4.04,3.81,18.229999542236328,130.63623184384645,132.7395469194213,130.35025689320076,132.65652465820312,6728300.0,0.0,0.004189891220379494,0.13988645312321105,0.0,131.1860565185547,129.28569641113282,-0.2725690315047462,0.04958677685950419,-1.15,-0.22999999999999998,-0.9199999999999999,-0.03595982605303094,19.320499992370607,-0.3209473550907948,0.6525066890419422,0.5,0.5610026756167769
2023-02-16,4.99,4.06,3.86,20.170000076293945,131.83550073283425,132.27830022529912,130.70080679865134,130.82997131347656,8165300.0,0.0,-0.013769042641760598,0.1405625450801823,0.0,131.44436340332032,129.61180305480957,0.21357549455285874,0.05177111716621252,-1.1300000000000003,-0.19999999999999973,-0.9300000000000006,0.10641802428809233,19.30299997329712,-0.1423980325300063,0.578262502422508,0.5,0.5313050009690032
2023-02-17,5.0,4.03,3.82,20.020000457763672,130.05505446393278,131.76169832719637,129.21558365288175,131.21742248535156,7948800.0,0.0,0.002961486332108354,0.14056714193602524,0.0,131.66576232910157,129.94206008911132,-0.026514641225674485,0.021390374331550666,-1.1800000000000002,-0.2100000000000004,-0.9699999999999998,-0.007436768367024893,19.311499977111815,-0.024499164480263833,0.5840030161365495,0.5,0.5336012064546198
2023-02-21,5.07,4.16,3.95,22.8700008392334,129.7875631944812,130.3871873500862,127.99789665746964,128.80970764160156,9996300.0,0.0,-0.01834904845824714,0.14950273989699023,0.0,131.12333068847656,130.05091667175293,0.2575860507246377,0.06182795698924726,-1.12,-0.20999999999999996,-0.9100000000000001,0.14235765815702117,19.46450004577637,-0.10122944698389662,0.47493296359139225,0.5,0.4899731854365569
2023-02-22,5.07,4.13,3.93,22.290000915527344,128.15468919040865,128.62516276062055,126.78938257533628,127.82258605957033,11107500.0,0.0,-0.007663409847787128,0.14953480437176586,0.0,130.26724243164062,130.05599136352538,0.11116112961795865,0.04244031830238737,-1.1400000000000001,-0.19999999999999973,-0.9400000000000004,-0.025360730320178493,19.619000053405763,-0.273217378799571,0.49712967014838694,0.5,0.4988518680593548
2023-02-23,5.03,4.09,3.88,21.13999938964844,127.97942905263372,129.30784176770013,127.25065450618848,128.84658813476562,8068000.0,0.0,0.008011119996571336,0.15128666885479178,0.0,129.50525512695313,130.08136062622071,-0.27364393427864053,0.018372703412073532,-1.1500000000000004,-0.20999999999999996,-0.9400000000000004,-0.05159270877722599,19.72200002670288,-0.344508333853429,0.5411404456100868,0.5,0.5164561782440347
2023-02-24,5.05,4.19,3.95,21.670000076293945,128.3299706918585,130.4056117873212,128.16391208452364,130.00892639160156,9126900.0,0.0,0.009021102333111042,0.15309045959870457,0.0,129.34104614257814,130.12517776489258,0.1312469013386217,0.023316062176165886,-1.0999999999999996,-0.2400000000000002,-0.8599999999999994,0.025070988739244182,19.869000053405763,-0.3678413786959878,0.5208572192929086,0.5,0.5083428877171634
2023-02-27,5.03,4.17,3.92,20.950000762939453,131.09748755132986,132.20449328145548,130.7377103371305,131.14361572265625,10014700.0,0.0,0.008727780180546096,0.15581574297293507,0.0,129.32628479003907,130.21004943847657,0.09727289660235128,0.02617801047120416,-1.1100000000000003,-0.25,-0.8600000000000003,-0.03322562578770549,19.99100008010864,-0.3717295249569622,0.5484117289170631,0.5,0.5193646915668253
2023-02-28,5.02,4.18,3.92,20.700000762939453,131.86316276615307,132.6196112434436,130.90374753112508,132.24139404296875,11019800.0,0.0,0.008370810231693504,0.15412326849940006,0.0,130.0126220703125,130.4046974182129,0.10036246717325525,-0.0075949367088608,-1.0999999999999996,-0.2599999999999998,-0.8399999999999999,-0.011933173789771434,20.029000091552735,-0.33883379616923576,0.5579792761053297,0.5,0.5231917104421319
2023-03-01,5.06,4.27,4.01,20.57999992370605,131.0883077110964,132.34291834332376,130.811552674686,131.50343322753906,7139200.0,0.0,-0.005580407109062269,0.15517167858081513,0.0,130.74879150390626,130.52416305541993,-0.35214795186845493,0.020356234096692072,-1.0499999999999998,-0.2599999999999998,-0.79,-0.0057971417782866075,20.088000106811524,-0.35169672400193797,0.5625717308733182,0.5,0.5250286923493273
2023-03-02,5.04,4.32,4.08,19.59000015258789,131.2174237309055,131.39268826747863,128.72664313356037,130.13809204101562,11106800.0,0.0,-0.010382551641530124,0.15991620159160463,0.0,131.00709228515626,130.59242935180663,0.555748543254146,0.05154639175257736,-0.96,-0.2400000000000002,-0.7199999999999998,-0.0481049453249891,20.17400007247925,-0.5037242137047675,0.6004592089795027,0.5,0.540183683591801
2023-03-03,5.03,4.26,3.97,18.489999771118164,130.5439605128286,132.60116125795565,130.1472892594403,132.52735900878906,9513100.0,0.0,0.018359474388332186,0.17045067567365654,0.0,131.51077880859376,130.81013870239258,-0.14348867360535889,0.005063291139240533,-1.06,-0.2899999999999996,-0.7700000000000005,-0.05615111653403504,20.16200008392334,-0.7197156160259132,0.642556431206794,0.5,0.5570225724827176
2023-03-06,5.05,4.27,3.98,18.61000061035156,132.3244371513992,132.87793303450798,131.60488264991764,131.7524871826172,9261300.0,0.0,-0.005846881971898976,0.16433500104174914,0.0,131.63255310058594,130.8899353027344,-0.026468764125258892,0.015306122448979664,-1.0699999999999998,-0.2899999999999996,-0.7800000000000002,0.006490040060511015,20.176000118255615,-0.8086890830283067,0.6379639764388056,0.5,0.5551855905755223
2023-03-07,5.22,4.31,3.97,19.59000015258789,131.005259457096,131.28201446838895,127.13073152802836,127.87796020507812,11747600.0,0.0,-0.029407619244172012,0.19444659880471077,0.0,130.7598663330078,130.73772048950195,0.2684612311446557,0.012755102040816313,-1.2499999999999996,-0.3399999999999994,-0.9100000000000001,0.05265983396535834,20.184000110626222,-0.6788023855424907,0.6004592089795027,0.5,0.540183683591801
2023-03-08,5.25,4.34,3.98,19.11000061035156,127.30597381578568,127.85024960087924,126.28199041986596,127.12147521972656,10002500.0,0.0,-0.005915679168938759,0.1885610525223308,0.0,129.88347473144532,130.46788635253907,-0.1485494909598556,-0.007481296758104716,-1.27,-0.3599999999999999,-0.9100000000000001,-0.024502273532291063,20.206500148773195,-0.4630345278051819,0.6188288820622725,0.5,0.547531552824909
2023-03-09,5.18,4.22,3.93,22.61000061035156,126.16208045104264,126.70637040071524,119.20638230996192,120.23958587646484,11611625.0,0.0,-0.05413632379081923,0.2641748686713906,0.0,127.90377349853516,129.9005443572998,0.16087228192951764,-0.03676470588235292,-1.2499999999999996,-0.2899999999999996,-0.96,0.18315017730057592,20.35550022125244,-0.5650114011666364,0.4848832214265407,0.5,0.49395328857061627
2023-03-10,4.9,3.96,3.7,24.799999237060547,118.96652146961952,124.7783049219382,117.91485690350788,123.2930679321289,13220750.0,0.0,0.02539498147308361,0.2806395359419788,0.0,126.05691528320312,129.58827590942383,0.13857879495763936,-0.06801007556675065,-1.2000000000000002,-0.2599999999999998,-0.9400000000000004,0.09685973319727981,20.560000228881837,-0.6793408783448606,0.40107156061343185,0.5,0.46042862424537273
2023-03-13,4.3,3.68,3.55,26.520000457763672,121.04218457726408,123.5052772885632,119.38166868303324,121.0790786743164,14829875.0,0.0,-0.017957126827529923,0.2847279522474962,0.0,123.92223358154297,129.13670845031737,0.12171208138721323,-0.1080402010050252,-0.75,-0.13000000000000034,-0.6199999999999997,0.06935489006518969,20.859500217437745,-0.7761510786264245,0.335246789241619,0.5,0.4340987156966476
2023-03-14,4.45,3.78,3.64,23.729999542236328,124.7967777708346,125.02740457985468,121.11596883139065,124.18791961669922,16439000.0,0.0,0.025676119907924733,0.2990961550930833,0.0,123.1842254638672,128.770011138916,0.10850563474068387,-0.08312342569269526,-0.81,-0.13999999999999968,-0.6700000000000004,-0.10520365261572151,21.029000186920165,-0.7957330276907405,0.442020650900078,0.5,0.4768082603600312
2023-03-15,4.19,3.59,3.51,26.13999938964844,120.82999101320628,120.83922509421076,116.90934238977314,118.32077026367188,18048125.0,0.0,-0.047244123028520435,0.3366620135210856,0.0,121.42408447265625,128.0808982849121,0.09788460368635565,-0.11809045226130654,-0.6800000000000006,-0.08000000000000007,-0.6000000000000005,0.10155920328285828,21.390500164031984,-0.8351467912096241,0.34978950184475555,0.5,0.4399158007379022
2023-03-16,4.49,3.72,3.56,22.989999771118164,118.09014585331867,121.72482660430684,116.25435842995633,120.6178207397461,19657250.0,0.0,0.019413755260005106,0.34653224319281545,0.0,121.4997314453125,127.47896308898926,0.08915746095508537,-0.09414758269720103,-0.9300000000000002,-0.16000000000000014,-0.77,-0.12050496144149458,21.628500175476074,-0.8109510802883921,0.470340581817996,0.5,0.4881362327271984
2023-03-17,4.26,3.44,3.39,25.51000022888184,118.43148888954974,118.523731171571,115.72853524450112,116.06063842773438,21266375.0,0.0,-0.037781998415015616,0.36502620881964476,0.0,120.0532455444336,126.74049644470215,0.08185911050630179,-0.08378378378378382,-0.8699999999999997,-0.04999999999999982,-0.8199999999999998,0.10961289616581449,21.89550018310547,-0.8286033537504611,0.37389968864156675,0.5,0.4495598754566267
2023-03-20,4.34,3.56,3.47,24.149999618530277,117.1491744075449,119.43699510744273,116.24512139285564,117.2875518798828,22875500.0,0.0,0.010571314002484788,0.3684094490114615,0.0,119.29494018554688,126.04400291442872,0.07566522268134546,-0.022535211267605493,-0.8699999999999997,-0.08999999999999986,-0.7799999999999998,-0.05331244994705253,22.102000141143797,-0.8200899353276208,0.4259471687040064,0.5,0.47037886748160257
2023-03-21,4.68,3.73,3.59,21.3799991607666,120.47019792314585,121.5218554463444,120.10120071640084,120.4333038330078,17807800.0,0.0,0.026820850999999202,0.38189181304019676,0.0,118.5440170288086,125.62518272399902,-0.22153395554195532,-0.013736263736263798,-1.0899999999999999,-0.14000000000000012,-0.9499999999999997,-0.11469981372746096,22.027500057220458,-0.8011931745142217,0.5319556090687021,0.5,0.5127822436274808
2023-03-22,4.56,3.54,3.48,22.26000022888184,120.44254244300132,120.53479879711034,117.23222120408217,117.32447052001952,17250200.0,0.0,-0.025813734357889695,0.3901284342691824,0.0,118.34475708007812,125.10027694702148,-0.03131212165455588,-0.008547008547008517,-1.0799999999999996,-0.06000000000000005,-1.0199999999999996,0.041160014156131686,22.026000022888184,-0.7728453067107411,0.49827780208903205,0.5,0.4993111208356128
2023-03-23,4.38,3.39,3.38,22.61000061035156,117.98867327821704,119.49235749309965,116.25435522322675,117.01081085205078,16677600.0,0.0,-0.0026734377455828184,0.38760631684427627,0.0,117.62335510253907,124.50848808288575,-0.033193818042689394,-0.050561797752809,-1.0,-0.010000000000000231,-0.9899999999999998,0.01572328741558593,22.09950008392334,-0.7509639943012346,0.4848832214265407,0.5,0.49395328857061627
2023-03-24,4.32,3.41,3.38,21.739999771118164,115.89456879275797,115.94069696475898,113.56985391022673,115.2303695678711,22311100.0,0.0,-0.015216040904381778,0.38592102776877396,0.0,117.45730133056641,123.76956024169922,0.33778841080251354,-0.002949852507374673,-0.9400000000000004,-0.03000000000000025,-0.9100000000000001,-0.038478585393539544,22.10300006866455,-0.7077950812025932,0.5181783177593287,0.5,0.5072713271037315
2023-03-27,4.51,3.59,3.53,20.600000381469727,116.96466988598436,119.35396680884446,116.50341636030646,118.5329360961914,18853900.0,0.0,0.028660556593764097,0.40197788327535516,0.0,117.70637817382813,123.13902626037597,-0.15495426043538862,0.01729106628242061,-0.98,-0.06000000000000005,-0.9199999999999999,-0.052437874960925224,22.085500049591065,-0.6657724926270487,0.5618063095795547,0.5,0.5247225238318218
2023-03-28,4.55,3.63,3.55,19.96999931335449,118.73590618033046,119.31707613597284,117.84106604505388,118.89273071289062,10820500.0,0.0,0.0030353978273789384,0.40011264984078365,0.0,117.39826354980468,122.47159309387207,-0.42608691040050073,-0.011142061281337101,-1.0,-0.08000000000000007,-0.9199999999999999,-0.030582575555772373,22.048999977111816,-0.619177123464035,0.5859165693709583,0.5,0.5343666277483833
2023-03-29,4.59,3.67,3.57,19.1200008392334,120.01818907015443,120.12888542669916,117.86873862557152,119.13257598876952,14595300.0,0.0,0.0020173249822823536,0.4008749626330465,0.0,117.75988464355468,121.8530502319336,0.3488563375075089,0.025862068965517127,-1.02,-0.10000000000000009,-0.9199999999999999,-0.042563770823600966,21.976000022888183,-0.560597351999659,0.6184461714153906,0.5,0.5473784685661562
2023-03-30,4.63,3.66,3.55,19.020000457763672,119.87980240554847,120.03662693329808,117.75804016436588,118.77279663085938,12134700.0,0.0,-0.0030199914248816295,0.4003230737619933,0.0,118.1122817993164,121.28478546142578,-0.16858851822161924,0.050295857988165604,-1.08,-0.11000000000000032,-0.9699999999999998,-0.005230145244791484,21.947500038146973,-0.4755557577180827,0.6222732048896157,0.5,0.5489092819558463
2023-03-31,4.64,3.6,3.48,18.700000762939453,119.61227481498302,120.23957289080046,118.86504631088349,120.21189880371094,13105200.0,0.0,0.012116429129173545,0.39623842719399216,0.0,119.10858764648438,120.66901245117188,0.07997725530915467,0.029585798816567976,-1.1599999999999997,-0.1200000000000001,-1.0399999999999996,-0.01682437892337696,21.958000087738036,-0.35989196197370965,0.6345196536114621,0.5,0.5538078614445848
2023-04-03,4.6,3.52,3.43,18.549999237060547,119.84290532067578,121.2543401115248,119.381651753043,120.0735321044922,11775400.0,0.0,-0.0011510233229463651,0.3963875597864569,0.0,119.41670684814453,120.08506469726562,-0.10147117174861886,-0.028328611898016942,-1.1699999999999995,-0.08999999999999986,-1.0799999999999996,-0.008021471644866773,21.955000019073488,-0.218482785853746,0.6402602403200959,0.5,0.5561040961280383
2023-04-04,4.5,3.39,3.35,19.0,120.3871851240944,120.47020739068545,117.53664136039777,118.46836853027344,11579900.0,0.0,-0.013368171536937035,0.3869045517994004,0.0,119.33183441162109,119.6145851135254,-0.016602408410754665,-0.05633802816901401,-1.15,-0.040000000000000036,-1.1099999999999999,0.02425880223436394,21.925500011444093,-0.09344357242433976,0.6230386261833791,0.5,0.5492154504733516
2023-04-05,4.43,3.36,3.3,19.07999992370605,117.89193428485298,119.14708434890063,117.57581658451342,118.64502716064452,9614700.0,0.0,0.0014911881759047674,0.38719164879039275,0.0,119.2343246459961,119.19076271057129,-0.16970785585367754,-0.07563025210084029,-1.13,-0.06000000000000005,-1.0699999999999998,0.004210522300318376,21.923999977111816,0.09834062270631722,0.6199770140029177,0.5,0.5479908056011671
2023-04-06,4.51,3.37,3.3,18.399999618530277,118.0778797956493,119.08200834987258,117.94771577122116,118.51486206054688,8760200.0,0.0,-0.0010970969724790613,0.3371057200469155,0.0,119.1827377319336,119.10452651977539,-0.08887432785214311,-0.07042253521126762,-1.21,-0.07000000000000028,-1.1399999999999997,-0.035639429134949996,21.71349992752075,0.1062922023256032,0.6460007540341373,0.5,0.558400301613655
2023-04-10,4.65,3.52,3.41,18.96999931335449,117.65018508298203,119.22145267413045,117.35266632962198,118.90534210205078,9477300.0,0.0,0.003294776998554072,0.32343483292528885,0.0,118.92142639160156,118.88514022827148,0.08185886166982481,-0.02011494252873558,-1.2400000000000002,-0.10999999999999988,-1.1300000000000003,0.030978244926167076,21.42199993133545,-0.015937065207566988,0.6241867581240245,0.5,0.5496747032496098
2023-04-11,4.67,3.54,3.43,19.100000381469727,119.28655100779828,119.88158856058352,118.5799412538381,119.49109649658205,10516300.0,0.0,0.004926224374583121,0.31825450010978756,0.0,118.80493927001953,118.80574111938476,0.10963037996053737,0.0,-1.2399999999999998,-0.10999999999999988,-1.13,0.0068529822256619966,21.050999927520753,-0.16745537077006778,0.6192115927091542,0.5,0.5476846370836617
2023-04-12,4.64,3.46,3.41,19.09000015258789,120.10470954784653,121.26689328717843,119.06339745718536,119.47248840332033,11821000.0,0.0,-0.00015572786431206076,0.30295175445942374,0.0,119.00576324462891,118.56996955871583,0.12406454741686712,0.017910447761193993,-1.2299999999999995,-0.04999999999999982,-1.1799999999999997,-0.000523572182309362,20.81899995803833,-0.4871188300361556,0.6195943033560358,0.5,0.5478377213424144
2023-04-13,4.66,3.51,3.45,17.799999237060547,119.43530529564194,119.97454606868824,117.91981315305058,119.92807006835938,12450200.0,0.0,0.0038132767729845973,0.25104241366810104,0.0,119.26237182617187,118.6503345489502,0.05322730733440495,0.045454545454545636,-1.21,-0.05999999999999961,-1.1500000000000004,-0.06757469383008197,20.401999950408936,-0.5704111236975481,0.6689628818848955,0.5,0.5675851527539582
2023-04-14,4.77,3.6,3.52,17.06999969482422,125.65531412466714,129.3464112241228,125.42287735108336,128.9838104248047,14250350.0,0.0,0.07550976473884319,0.3610786436244492,0.0,121.35616149902344,119.06863403320312,0.1445880387463656,0.06666666666666665,-1.2499999999999996,-0.08000000000000007,-1.1699999999999995,-0.04101121199580893,20.10599994659424,-0.6301297649720582,0.6969001021559318,0.5,0.5787600408623728
2023-04-17,4.8,3.69,3.6,16.950000762939453,130.11812641089648,130.22039917713522,127.98901142423924,130.00656127929688,16050500.0,0.0,0.00792929632892525,0.3263880433120536,0.0,123.57640533447265,119.76593017578125,0.12632321311406391,0.055718475073313734,-1.1999999999999997,-0.08999999999999986,-1.1099999999999999,-0.007029814530175482,19.67799997329712,-0.651436310872296,0.701492483929328,0.5,0.5805969935717312
2023-04-18,4.81,3.69,3.58,16.829999923706055,130.41561260269637,131.8195254325071,129.26272124249093,131.46621704101562,13760100.0,0.0,0.011227554573825849,0.3265213107848705,0.0,125.97142944335937,120.4748634338379,-0.14269960437369555,0.0437317784256559,-1.2299999999999995,-0.10999999999999988,-1.1199999999999997,-0.007079695211328563,19.311999988555907,-0.7229039436862792,0.7060849386973165,0.5,0.5824339754789266
2023-04-19,4.84,3.71,3.6,16.459999084472656,131.30818152408432,131.55921721829318,130.53648971360158,131.29888916015625,9158100.0,0.0,-0.0012727823514323555,0.3177782886863344,0.0,128.33670959472656,121.01814270019531,-0.3344452438572394,0.055718475073313734,-1.2399999999999998,-0.10999999999999988,-1.13,-0.02198460136130065,19.06599998474121,-0.7900314491512235,0.7202449406535716,0.5,0.5880979762614287
2023-04-20,4.77,3.63,3.54,17.170000076293945,130.08089700791183,131.4941021338163,130.0158079128283,130.91766357421875,10586200.0,0.0,-0.00290349437360804,0.2986074581065181,0.0,130.53462829589844,121.69780235290527,0.15593845885063495,0.02608695652173898,-1.2299999999999995,-0.08999999999999986,-1.1399999999999997,0.043134935073663616,18.811499977111815,-0.8137023523087463,0.6930730686817066,0.5,0.5772292274726827
2023-04-21,4.78,3.66,3.57,16.770000457763672,129.92282461761334,131.1965732102885,129.03026143588656,130.66661071777344,11842500.0,0.0,-0.0019176392977940937,0.29833969612729105,0.0,130.87118835449218,122.3805923461914,0.11867336721391997,0.014204545454545414,-1.2100000000000004,-0.0900000000000003,-1.12,-0.023296424971048224,18.51949996948242,-0.8761270662117384,0.7083811295840148,0.5,0.583352451833606
2023-04-24,4.76,3.6,3.52,16.889999389648438,130.59233167717068,131.18736947135514,130.2018252679314,130.84335327148438,7567500.0,0.0,0.0013526221636885882,0.28857335089238656,0.0,131.03854675292968,123.16124153137207,-0.36098796706776437,-0.022222222222222254,-1.2399999999999998,-0.08000000000000007,-1.1599999999999997,0.0071555711752655515,18.276999950408936,-0.9011372271565241,0.7037887478106184,0.5,0.5815154991242474
2023-04-25,4.6,3.43,3.4,18.76000022888184,129.79270269205225,130.1274122203145,127.96109974389692,127.99828338623048,10629300.0,0.0,-0.021744091802284427,0.29272750406275283,0.0,130.34496002197267,123.63450889587402,0.40459861248761153,-0.05027932960893855,-1.1999999999999997,-0.03000000000000025,-1.1699999999999995,0.11071645392595397,18.18499994277954,-0.8857230070943412,0.6322234627247638,0.5,0.5528893850899055
2023-04-26,4.64,3.46,3.43,18.84000015258789,127.95180874332046,128.12846298620772,124.58612832390384,125.7297134399414,14416100.0,0.0,-0.01772344039524143,0.30274176022485433,0.0,129.2311248779297,123.97635803222656,0.35626052515217377,-0.047222222222222165,-1.2099999999999995,-0.029999999999999805,-1.1799999999999997,0.004264388205224456,18.12849998474121,-0.8685634562339393,0.6291618505443024,0.5,0.5516647402177209
2023-04-27,4.78,3.6,3.53,17.030000686645508,126.44564503258788,128.22146595222043,126.12953432484304,127.42188262939452,9041100.0,0.0,0.013458785064847989,0.3049819718847926,0.0,128.53196868896484,124.39082336425781,-0.37284702520099056,-0.0028248587570621764,-1.2500000000000004,-0.07000000000000028,-1.1800000000000002,-0.09607215771140842,18.023999977111817,-0.8616751258362092,0.6984308717488664,0.5,0.5793723486995466
2023-04-28,4.8,3.51,3.44,15.779999732971191,126.96624644240126,128.60261022124138,126.13877219035167,128.52822875976562,9887300.0,0.0,0.008682544218789445,0.30447282161497796,0.0,128.1042922973633,124.87859497070312,0.09359480594175484,-0.036414565826330514,-1.3599999999999999,-0.06999999999999984,-1.29,-0.07339993560038638,17.86199994087219,-0.8239422577994653,0.7462686441874953,0.5,0.5985074576749981
2023-05-01,4.86,3.64,3.59,16.079999923706055,132.26581836000824,133.29783821644935,130.93628680641368,131.28028869628906,20415800.0,0.0,0.021412105053337127,0.3094565705998318,0.0,128.19167938232422,125.43201446533203,1.064850869296977,0.019886363636363535,-1.2700000000000005,-0.050000000000000266,-1.2200000000000002,0.01901141925294425,17.73099989891052,-0.8296972106356081,0.7347875802621162,0.5,0.5939150321048465
2023-05-02,4.74,3.46,3.44,17.780000686645508,131.46623018999736,132.40528381144946,128.70488025365032,129.16046142578125,14113400.0,0.0,-0.016147338580370874,0.31761617646109674,0.0,128.4241149902344,125.88636093139648,-0.30870208368028684,0.0117647058823529,-1.3000000000000003,-0.020000000000000018,-1.2800000000000002,0.10572144098292036,17.692499971389772,-0.813038957567499,0.6697282301840668,0.5,0.5678912920736268
2023-05-03,4.7,3.37,3.38,18.34000015258789,128.71416267345447,128.92800048742873,126.22243361268366,126.4269790649414,12930900.0,0.0,-0.021163460788738098,0.3243511641069247,0.0,128.56356811523438,126.28429145812989,-0.08378562217467089,-0.014577259475218707,-1.3200000000000003,0.009999999999999787,-1.33,0.031496031738794894,17.659499979019166,-0.7862455456231265,0.6482969449208354,0.5,0.5593187779683342
2023-05-04,4.59,3.29,3.37,20.09000015258789,125.4786529336386,126.18525549892242,122.54994156827584,124.6976547241211,17089200.0,0.0,-0.013678443901851134,0.32998611221228097,0.0,128.0187225341797,126.58692283630371,0.32157854441686196,-0.04532577903682711,-1.2199999999999998,0.08000000000000007,-1.2999999999999998,0.09541984653435587,17.709999990463256,-0.7112941767244108,0.5813241146029695,0.5,0.5325296458411878
2023-05-05,4.73,3.41,3.44,17.190000534057617,126.85467902829136,128.19351693679252,126.3619142684698,127.13360595703124,11261400.0,0.0,0.019534860044476465,0.33493527599663503,0.0,127.73979797363282,127.01786003112792,-0.34102240011235163,0.0,-1.2900000000000005,0.029999999999999805,-1.3200000000000003,-0.14435040301165503,17.649500036239623,-0.7205533397455973,0.6923076473879433,0.5,0.5769230589551773
2023-05-08,4.79,3.49,3.52,16.979999542236328,127.83092938271956,128.27720400268896,126.89187576524128,127.44043731689452,7484900.0,0.0,0.0024134559666857403,0.3349647864796751,0.0,126.97182769775391,127.44461479187012,-0.3353490684994761,-0.01949860724233976,-1.27,0.029999999999999805,-1.2999999999999998,-0.01221646220459538,17.550000047683717,-0.6925481094140316,0.7003444249832751,0.5,0.58013776999331
2023-05-09,4.81,3.51,3.53,17.709999084472656,126.38053149804216,127.3288776249441,125.71112655843577,126.82682037353516,7343600.0,0.0,-0.004814931243789844,0.3362653856563746,0.0,126.50509948730469,127.81140098571777,-0.01887800772221404,0.026162790697674465,-1.2799999999999998,0.020000000000000018,-1.2999999999999998,0.042991729205911655,17.480499982833862,-0.6493278664973704,0.6724072047122388,0.5,0.5689628818848955
2023-05-10,4.7,3.37,3.43,16.940000534057617,128.2586055494036,128.36087829464017,125.39498286959376,126.89187622070312,8133400.0,0.0,0.0005129502338414582,0.33618549479430837,0.0,126.59807891845703,128.1823703765869,0.10754943079688428,0.01479289940828421,-1.27,0.06000000000000005,-1.33,-0.0434781812659798,17.37300000190735,-0.5668910076250321,0.7018751945762097,0.5,0.5807500778304839
2023-05-11,4.7,3.36,3.39,16.93000030517578,125.51585865370714,127.19869863687757,125.42287826886732,126.49209594726562,7057300.0,0.0,-0.003150558454523611,0.33693157249391725,0.0,126.95696716308593,128.51057167053222,-0.13230629257137239,0.005934718100890191,-1.31,0.03000000000000025,-1.3400000000000003,-0.0005903322648502796,17.32950005531311,-0.6497361026516115,0.7022579052230915,0.5,0.5809031620892366
2023-05-12,4.75,3.45,3.46,17.030000686645508,127.20800566679816,127.36606097216954,123.77723658077858,124.67909240722656,9988600.0,0.0,-0.014332939354526175,0.20524543522359084,0.0,126.466064453125,128.29533576965332,0.4153571479177589,0.005813953488372103,-1.29,0.009999999999999787,-1.2999999999999998,0.005906696967935332,17.327500104904175,-0.5735100047619125,0.6984308717488664,0.5,0.5793723486995466
2023-05-15,4.73,3.46,3.5,17.1200008392334,124.83716404731295,126.13880448940311,124.54894467705132,125.7297134399414,7639500.0,0.0,0.008426601545055368,0.20555954497215648,0.0,126.12391967773438,128.08149337768555,-0.23517810303746267,-0.005681818181818232,-1.2300000000000004,0.040000000000000036,-1.2700000000000005,0.005284800291198266,17.33600010871887,-0.5395158948513867,0.694986548921523,0.5,0.5779946195686092
2023-05-16,4.88,3.52,3.54,17.989999771118164,125.9435475942871,126.38982222709488,124.54892695329984,124.88363647460938,6477200.0,0.0,-0.00672933185150526,0.20052817513370455,0.0,125.73528289794922,127.75236434936524,-0.15214346488644548,0.0028328611898018607,-1.3399999999999999,0.020000000000000018,-1.3599999999999999,0.050817692128321434,17.39400010108948,-0.547398393635198,0.6616915255833271,0.5,0.5646766102333308
2023-05-17,4.92,3.58,3.57,16.8700008392334,126.35259238076902,128.8536136997337,125.94351567999789,128.72344970703125,12711500.0,0.0,0.030747128613624053,0.23272993282794285,0.0,126.10159759521484,127.62359237670898,0.9624992280615081,0.04081632653061207,-1.35,-0.010000000000000231,-1.3399999999999999,-0.062256750757876844,17.414500188827514,-0.5228309038424509,0.7045540961097896,0.5,0.5818216384439159
2023-05-18,5.02,3.69,3.65,16.049999237060547,128.5561373131233,129.9135601537646,128.0819572058346,129.69972229003906,10999600.0,0.0,0.0075842636693606025,0.23449623622260055,0.0,126.74312286376953,127.5626953125,-0.13467332730204928,0.07669616519174038,-1.3699999999999997,-0.040000000000000036,-1.3299999999999996,-0.04860708721874096,17.358500146865843,-0.5733956031977183,0.7359357122027614,0.5,0.5943742848811046
2023-05-19,5.02,3.76,3.7,16.809999465942383,129.96932211998757,130.62015634556295,128.4259529385829,129.4021759033203,13492200.0,0.0,-0.0022941173771626744,0.23453312725255873,0.0,127.68773956298828,127.49947357177734,0.2266082402996472,0.06936416184971095,-1.3199999999999994,-0.05999999999999961,-1.2599999999999998,0.0473520414335562,17.36050009727478,-0.5775628120715418,0.70685035999108,0.5,0.582740143996432
2023-05-22,5.07,3.77,3.72,17.209999084472656,131.09434260740792,131.68938019077746,127.98899066253614,128.33299255371094,11402500.0,0.0,-0.008262483549026145,0.23606793467864767,0.0,128.2083953857422,127.37395553588867,-0.1548820800166022,0.06285714285714294,-1.35,-0.04999999999999982,-1.3000000000000003,0.02379533796777844,17.37650008201599,-0.587740308931957,0.691542299088772,0.5,0.5766169196355088
2023-05-23,5.06,3.76,3.7,18.530000686645508,127.8773974466778,129.26272559811,126.87328316079603,126.994140625,9514900.0,0.0,-0.010432640134613758,0.225997694013297,0.0,128.6304962158203,127.32374839782715,-0.16554264415698317,0.04519774011299438,-1.3599999999999994,-0.05999999999999961,-1.2999999999999998,0.07669969043541625,17.365000104904176,-0.6356700006098384,0.6410255886192671,0.5,0.5564102354477068
2023-05-24,5.12,3.75,3.73,20.030000686645508,125.88775277144352,126.77102387365667,125.59024107397305,125.83197021484376,8578000.0,0.0,-0.009151370326509811,0.21917683489857342,0.0,128.0522003173828,127.32886123657227,-0.09846661551881786,0.04481792717086841,-1.3900000000000001,-0.020000000000000018,-1.37,0.0809498081174409,17.424500131607054,-0.6136719679879442,0.5836203054896678,0.5,0.5334481221958671
2023-05-25,5.24,3.9,3.83,19.13999938964844,125.34850221791892,126.69663258291456,125.1253578219997,126.13877868652344,8472500.0,0.0,0.002438239432759781,0.21371135337573002,0.0,127.34001159667969,127.26470603942872,-0.012298904173467018,0.049315068493150704,-1.4100000000000001,-0.06999999999999984,-1.3400000000000003,-0.0444334132045463,17.530000066757204,-0.6234488918774784,0.6176808231162192,0.5,0.5470723292464876
2023-05-26,5.25,3.92,3.8,17.950000762939453,126.54788063934288,127.93320895067455,126.10160599557224,127.31957244873048,8579900.0,0.0,0.009361068614287982,0.21410787678738785,0.0,126.92349090576172,127.20427322387695,0.012676305694895307,0.027027027027026973,-1.4500000000000002,-0.1200000000000001,-1.33,-0.06217338895802571,17.638500118255614,-0.6094256851319606,0.6632222951762619,0.5,0.5652889180705047
2023-05-30,5.22,3.81,3.69,17.459999084472656,127.1893802963379,128.0447457522703,126.464178840508,127.80301666259766,7399900.0,0.0,0.0037970926588042353,0.19891265712465406,0.0,126.81749572753907,127.03040962219238,-0.13753074045152036,-0.008064516129032362,-1.5299999999999998,-0.1200000000000001,-1.4099999999999997,-0.027298142486906207,17.707500076293947,-0.5469003898412065,0.6819747519005054,0.5,0.5727899007602022
2023-05-31,5.18,3.74,3.64,17.940000534057617,127.12433446010516,127.226607222616,124.95802171733372,126.1760025024414,14219900.0,0.0,-0.012730639719182868,0.19586909660801985,0.0,126.65386810302735,126.8811866760254,0.9216340761361641,-0.016216216216216273,-1.5399999999999996,-0.10000000000000009,-1.4399999999999995,0.02749149339943724,17.71550006866455,-0.5869040875729125,0.6636050058231435,0.5,0.5654420023292575
2023-06-01,5.11,3.7,3.61,15.649999618530272,126.92909726996506,128.51895710691062,125.93426091276513,127.91462707519533,12248100.0,0.0,0.013779360086481507,0.1874805058732382,0.0,127.07039947509766,126.95556907653808,-0.13866482886658837,-0.03217158176943702,-1.5000000000000004,-0.0900000000000003,-1.4100000000000001,-0.1276477618370171,17.58100004196167,-0.5916479443291146,0.7512437731050695,0.5,0.6004975092420278
2023-06-02,5.22,3.84,3.69,14.600000381469728,129.7555044833213,131.54061723322627,129.55095898404744,130.60157775878906,12922500.0,0.0,0.021005812587908235,0.19267351013403777,0.0,127.96295928955078,127.25076522827149,0.05506160139123617,-0.03655352480417762,-1.5299999999999998,-0.1499999999999999,-1.38,-0.06709260464244993,17.306500053405763,-0.6401204395334629,0.791427442097952,0.5,0.6165709768391808
2023-06-05,5.17,3.82,3.69,14.729999542236328,130.2668425421874,130.2668425421874,128.4259475985721,129.31849670410156,8511900.0,0.0,-0.00982439168581295,0.18608528300025648,0.0,128.362744140625,127.360009765625,-0.34131166569936155,-0.02894736842105261,-1.48,-0.1299999999999999,-1.35,0.008904051874655705,17.183500003814697,-0.6768233455120856,0.7864523496776741,0.5,0.6145809398710697
2023-06-06,5.2,3.85,3.7,13.960000038146973,128.9373126456911,130.25756592635653,128.50034458893558,129.5509490966797,9329500.0,0.0,0.0017975185182519393,0.1860324297015912,0.0,128.71233062744142,127.46553535461426,0.09605376003007549,0.0027100271002711285,-1.5,-0.1499999999999999,-1.35,-0.05227423815469123,17.03250002861023,-0.7072573577857216,0.8159203760389411,0.5,0.6263681504155765
2023-06-07,5.16,3.93,3.79,13.9399995803833,129.74621069918032,131.3453768468258,129.076791651942,130.80612182617188,9281400.0,0.0,0.009688641713890389,0.1872567609852888,0.0,129.6383544921875,127.6645004272461,-0.005155688943673242,0.041208791208791284,-1.37,-0.14000000000000012,-1.23,-0.0014326975436259604,16.84400005340576,-0.7539818385316424,0.8166857973327045,0.5,0.6266743189330819
2023-06-08,5.12,3.87,3.73,13.649999618530272,130.7875706949702,130.9921162667355,129.68116897137253,130.84335327148438,7368100.0,0.0,0.00028463075575291263,0.18727627925302434,0.0,130.2240997314453,127.86207427978516,-0.20614346973516928,0.033240997229917024,-1.3900000000000001,-0.14000000000000012,-1.25,-0.020803441218256835,16.679500007629393,-0.7904038890286574,0.827784150611202,0.5,0.6311136602444809
2023-06-09,5.17,3.92,3.75,13.829999923706056,130.48996980937244,131.8380998398069,130.3598058240921,131.1035919189453,7249100.0,0.0,0.001988932880075067,0.1864337977677744,0.0,130.32450256347656,128.09264907836913,-0.016150703709232994,0.016260162601626105,-1.42,-0.16999999999999993,-1.25,0.013186835912539552,16.52449998855591,-0.8196499855563452,0.8208955049565152,0.5,0.6283582019826062
2023-06-12,5.18,3.89,3.73,15.010000228881836,131.15941893506186,131.39185569008666,129.94143842180847,131.09432983398438,7596600.0,0.0,-7.064707248194413e-05,0.1766223721690264,0.0,130.67966918945314,128.41341094970704,0.04793698528093149,0.01084010840108407,-1.4499999999999997,-0.16000000000000014,-1.2899999999999996,0.08532178681744873,16.423499965667723,-0.863246544907706,0.7757366705487623,0.5,0.610294668219505
2023-06-13,5.26,4.01,3.84,14.609999656677246,130.61087553751943,132.83297065646826,130.29476491165087,132.04269409179688,7701600.0,0.0,0.00723421263920021,0.17614806346937675,0.0,131.17801818847656,128.72905998229982,0.013821972987915654,0.03783783783783767,-1.42,-0.16999999999999993,-1.25,-0.02664893844804339,16.297999906539918,-0.8784217848141835,0.7910447679483665,0.5,0.6164179071793466
2023-06-14,5.27,4.06,3.83,13.880000114440918,132.95382439764776,133.5209706496138,130.81540340563754,131.54991149902344,9068700.0,0.0,-0.0037319943838077796,0.17437514291363224,0.0,131.32677612304687,129.0623737335205,0.17750856964786532,0.01055408970976246,-1.4399999999999995,-0.22999999999999954,-1.21,-0.0499657467070983,16.092499923706054,-0.9048069640389294,0.8189819882194027,0.5,0.6275927952877611
2023-06-15,5.21,3.91,3.72,14.5,130.71313840646567,133.32572542805949,130.1924823122168,133.03750610351562,9343100.0,0.0,0.011308214407299122,0.14382338864154362,0.0,131.76560668945314,129.27807655334473,0.03025792009880135,-0.002680965147452974,-1.4899999999999998,-0.18999999999999995,-1.2999999999999998,0.044668579282937326,15.973999881744385,-0.8829892673302362,0.7952544755721771,0.5,0.6181017902288708
2023-06-16,5.24,3.99,3.77,13.539999961853027,133.00030246924925,133.8556679507628,132.48893881540624,133.19554138183594,13813500.0,0.0,0.0011879001865635619,0.14212785973303407,0.0,132.18399658203126,129.45286750793457,0.4784707431152402,0.005333333333333412,-1.4700000000000002,-0.2200000000000002,-1.25,-0.06620689918254985,15.84849991798401,-0.8886869015777136,0.8319938582350126,0.5,0.6327975432940051
2023-06-20,5.24,3.96,3.74,13.880000114440918,132.5912424367851,132.95384326002164,131.13153259272033,132.51686096191406,8428600.0,0.0,-0.00509536890560236,0.14342723217584163,0.0,132.4685028076172,129.60860176086425,-0.38982879067578813,0.002680965147453085,-1.5,-0.21999999999999975,-1.2800000000000002,0.025110794205745357,15.701999950408936,-0.8964417336446726,0.8189819882194027,0.5,0.6275927952877611
2023-06-21,5.25,3.95,3.72,13.199999809265137,132.8608503119899,133.90217667494477,131.7358643045841,132.3216094970703,9926500.0,0.0,-0.0014734084661111035,0.13943773655698113,0.0,132.52428588867187,129.80803260803222,0.1777163467242484,-0.03124999999999989,-1.5299999999999998,-0.22999999999999998,-1.2999999999999998,-0.048991376049651536,15.50149998664856,-0.9014137255114648,0.8450057282506225,0.5,0.638002291300249
2023-06-22,5.29,4.03,3.8,12.90999984741211,132.31229907643169,132.58193366281853,129.18834845257769,129.7740936279297,10075200.0,0.0,-0.01925245527788888,0.15241612555053136,0.0,132.16912231445312,129.9470302581787,0.014980103762655572,-0.007832898172323799,-1.4900000000000002,-0.23000000000000043,-1.2599999999999998,-0.02196969439722829,15.220499944686889,-0.8585788882309551,0.8561040815291199,0.5,0.642441632611648
2023-06-23,5.25,3.99,3.74,13.4399995803833,128.80713396524297,129.40217143539687,127.9517684885725,129.09536743164062,9919500.0,0.0,-0.005230059230735273,0.14951682052311216,0.0,131.3806945800781,130.11020011901854,-0.015453787517865636,0.005376344086021501,-1.5099999999999998,-0.25,-1.2599999999999998,0.041053426741707755,14.890999889373779,-0.7888256420975713,0.8358208917092377,0.5,0.634328356683695
2023-06-26,5.27,3.96,3.72,14.25,129.11397314658396,130.1738842559491,128.01687839601942,129.4114990234375,8429700.0,0.0,0.0024488221234140184,0.149517872051834,0.0,130.62388610839844,130.27383613586426,-0.15018902162407377,-0.013262599469495928,-1.5499999999999994,-0.23999999999999977,-1.3099999999999996,0.06026789024599055,14.646499919891358,-0.7201872095487587,0.8048220227604437,0.5,0.6219288091041775
2023-06-27,5.33,4.02,3.77,13.739999771118164,129.2348450460071,130.0158291939676,128.80715514394416,129.42079162597656,8154000.0,0.0,7.180662158456919e-05,0.14650036330933913,0.0,130.00467224121093,130.37889709472657,-0.03270579024164566,0.008021390374331583,-1.56,-0.24999999999999956,-1.3100000000000005,-0.03578948974609375,14.435999870300293,-0.6451288984931486,0.8243398277838585,0.5,0.6297359311135434
2023-06-28,5.32,3.97,3.71,13.43000030517578,129.3836003129569,129.43009050189633,128.26790671248017,128.8536376953125,7558600.0,0.0,-0.0043822474236066,0.14720016462935562,0.0,129.3110778808594,130.4314281463623,-0.07301937699288696,-0.0026881720430108613,-1.6100000000000003,-0.26000000000000023,-1.35,-0.022561824680231157,14.23449993133545,-0.5316264998224357,0.8362035658588234,0.5,0.6344814263435294
2023-06-29,5.41,4.14,3.85,13.539999961853027,130.22970063811232,133.47450937436494,130.02515511363134,133.3536376953125,15423200.0,0.0,0.034923344660557465,0.18335626263803104,0.0,130.02698669433593,130.79030990600586,1.0404836874553487,0.013157894736842257,-1.56,-0.2899999999999996,-1.2700000000000005,0.008190592269372798,14.01449990272522,-0.21710786609641494,0.8319938582350126,0.5,0.6327975432940051
2023-06-30,5.4,4.13,3.81,13.59000015258789,134.44141282797466,135.74305286566013,133.5674484368948,135.22239685058594,14212800.0,0.0,0.014013559641643969,0.1835434943227299,0.0,131.252392578125,131.15569839477538,-0.07847917423102857,0.018716577540106805,-1.5900000000000003,-0.31999999999999984,-1.2700000000000005,0.00369277628328879,13.9114999294281,-0.0453926157346039,0.8300803414979001,0.5,0.6320321365991601
2023-07-03,5.43,4.19,3.86,13.56999969482422,135.91970392054725,137.11907119999535,135.7430497366165,136.31019592285156,8021600.0,0.0,0.008044518493985686,0.17193272838479529,0.0,132.63213195800782,131.4411293029785,-0.435607339862659,0.037634408602150504,-1.5699999999999998,-0.3300000000000005,-1.2399999999999993,-0.001471704013179198,13.859999895095825,-0.0912638117333422,0.8308457627916634,0.5,0.6323383051166653
2023-07-05,5.4,4.25,3.95,14.18000030517578,135.68301845141943,136.14171413854416,135.14006000089324,135.4021759033203,8934900.0,0.0,-0.006661424065776966,0.16934679291998142,0.0,133.82840881347656,131.74531326293945,0.11385509125361515,0.04774535809018565,-1.4500000000000002,-0.2999999999999998,-1.1500000000000004,0.0449521462100122,13.832499933242797,0.06653897923560347,0.8075009242940236,0.5,0.6230003697176094
2023-07-06,5.44,4.37,4.05,15.4399995803833,133.88565490395533,134.23201930820707,132.4065640524601,134.0635223388672,9709500.0,0.0,-0.009886499648343539,0.17484604251146563,0.0,134.8703857421875,131.97094192504883,0.08669375146895875,0.09164420485175206,-1.3900000000000006,-0.3200000000000003,-1.0700000000000003,0.08885749281314292,13.906499910354615,0.19838936960548434,0.7592805142031052,0.5,0.6037122056812421
2023-07-07,5.41,4.35,4.06,14.829999923706056,134.71880784275996,136.52553639400776,133.86692398915542,135.121337890625,8981500.0,0.0,0.00789040548318587,0.17387979696175812,0.0,135.22392578125,132.18670272827148,-0.07497811421803391,0.05454545454545445,-1.3500000000000005,-0.29000000000000004,-1.0600000000000005,-0.03950775085850755,13.950999927520751,0.27914741087308725,0.7826253162034489,0.5,0.6130501264813796
2023-07-10,5.38,4.25,4.01,15.06999969482422,135.2711126354132,136.66595485612726,135.2711126354132,135.8795928955078,9100100.0,0.0,0.005611659984425144,0.1743401153756009,0.0,135.35536499023436,132.43851470947266,0.013204921226966482,0.052493438320209806,-1.37,-0.2400000000000002,-1.13,0.01618339665224955,14.021999931335449,0.3567778485863387,0.7734404796620641,0.5,0.6093761918648257
2023-07-11,5.44,4.24,3.99,14.84000015258789,136.99359880427176,138.37908490759793,136.40384516231424,138.00462341308594,11260900.0,0.0,0.015639070387944765,0.18099000852085062,0.0,135.69425048828126,132.7835662841797,0.23744794013252601,0.03367875647668406,-1.4500000000000002,-0.25,-1.2000000000000002,-0.015262080085862495,14.07249994277954,0.41921781870847663,0.7822426055565672,0.5,0.612897042222627
2023-07-12,5.35,4.07,3.86,13.539999961853027,138.03269855763006,140.29813690742736,137.61144189846328,138.68798828125,11323200.0,0.0,0.004951753435959549,0.1808742289410819,0.0,136.35141296386718,133.16324920654296,0.0055324174799527,-0.0227848101265824,-1.4899999999999998,-0.2100000000000004,-1.2799999999999994,-0.0876010901191373,13.9989999294281,0.36897285938962776,0.8319938582350126,0.5,0.6327975432940051
2023-07-13,5.27,3.93,3.76,13.609999656677246,139.20285874786703,139.83006562336877,138.31353599258082,139.36199951171875,11234900.0,0.0,0.004859910644185783,0.18031172789751101,0.0,137.4111083984375,133.52921447753906,-0.007798148933163773,-0.07160493827160497,-1.5099999999999998,-0.17000000000000037,-1.3399999999999994,0.005169844536294876,13.948999929428101,0.3079550929481563,0.8293149567014327,0.5,0.6317259826805731
2023-07-14,5.34,4.04,3.83,13.34000015258789,141.870827603696,143.1252412336155,138.93137327763844,140.2045135498047,14248650.0,0.0,0.006045507678117845,0.17897658013701467,0.0,138.42774353027343,133.96194458007812,0.26824893857533216,-0.056650246305418595,-1.5099999999999998,-0.20999999999999996,-1.2999999999999998,-0.019838318214570272,13.92199993133545,0.1910371224421324,0.8396478886861666,0.5,0.6358591554744666
2023-07-17,5.33,4.02,3.81,13.479999542236328,140.7474745833013,143.93031818225228,140.7474745833013,143.58395385742188,17262400.0,0.0,0.02410364846361901,0.19191236970629086,0.0,139.96861572265624,134.48926696777343,0.21151126597958414,-0.049875311720698146,-1.52,-0.20999999999999952,-1.3100000000000005,0.010494706750155292,13.870999908447265,0.1054809071309595,0.8342900856190069,0.5,0.6337160342476027
2023-07-18,5.32,4.0,3.8,13.300000190734863,143.58396870813758,144.5388133160355,143.05973693495963,143.84608459472656,13491700.0,0.0,0.0018256269608301068,0.19180657702456572,0.0,141.13690795898438,135.02179412841798,-0.21843428491982575,-0.04761904761904767,-1.5200000000000005,-0.20000000000000018,-1.3200000000000003,-0.013353068072256224,13.858999919891357,-0.0005701684986145819,0.8411786947763974,0.5,0.6364714779105589
2023-07-19,5.32,3.98,3.75,13.760000228881836,142.99420853526703,145.2971002736689,142.49805956001194,144.39840698242188,12510000.0,0.0,0.003839676201486064,0.18883417704143243,0.0,142.27899169921875,135.61587142944336,-0.07276325444532561,-0.02849740932642486,-1.5700000000000003,-0.22999999999999998,-1.3400000000000003,0.03458646853760361,13.852999925613403,-0.012803107653883887,0.8235744064900952,0.5,0.6294297625960381
2023-07-20,5.35,4.08,3.85,13.989999771118164,144.66050292793233,146.58893291052811,144.54817163861398,146.17703247070312,9935900.0,0.0,0.012317486913119291,0.18951882999670255,0.0,143.64199829101562,136.308642578125,-0.2057633892885692,0.02393617021276606,-1.4999999999999996,-0.22999999999999998,-1.2699999999999996,0.016715082733324893,13.892499923706055,-0.029981212974501008,0.814772280595592,0.5,0.6259089122382369
2023-07-21,5.35,4.09,3.84,13.600000381469728,145.84941384000646,146.1676953908266,144.8103064253035,145.05369567871094,10636400.0,0.0,-0.007684769440215122,0.17361905651095652,0.0,144.61183471679686,137.07262268066407,0.0705019172898278,0.0026109660574411553,-1.5099999999999998,-0.25,-1.2599999999999998,-0.02787701186768954,13.926999950408936,-0.1725445585345583,0.8296976308510182,0.5,0.6318790523404073
2023-07-24,5.38,4.13,3.86,13.90999984741211,145.07241030562304,148.64842793429298,144.84773343199822,147.9088897705078,14381400.0,0.0,0.019683704564970483,0.1754496077458927,0.0,145.47682189941406,138.01329879760743,0.3520928133579031,0.013123359580052396,-1.52,-0.27,-1.25,0.022794077738759633,13.950499963760375,-0.23653227806435256,0.8178338927760536,0.5,0.6271335571104215
2023-07-25,5.38,4.15,3.91,13.859999656677246,147.25359971580744,147.6467735305015,145.99918598070113,146.80426025390625,9944700.0,0.0,-0.007468310514097465,0.18217625365743054,0.0,146.06845703125,138.88293685913087,-0.30850264925528803,0.02894736842105261,-1.4699999999999998,-0.2400000000000002,-1.2299999999999995,-0.003594550056315482,13.930999946594238,-0.20863011244850027,0.8197474095131662,0.5,0.6278989638052666
2023-07-26,5.37,4.09,3.86,13.1899995803833,146.70127676307158,148.14291400130324,146.29873250733112,147.6842041015625,8728600.0,0.0,0.005993993949047205,0.18065999267744995,0.0,146.72561645507812,139.79610748291014,-0.1222862429233662,0.02933333333333321,-1.5100000000000002,-0.22999999999999998,-1.2800000000000002,-0.04834055504259438,13.903499937057495,-0.3224724427828529,0.8453884388975041,0.5,0.6381553755590017
2023-07-27,5.4,4.24,4.01,14.40999984741211,147.69360576809055,148.6390943050811,145.6153907955602,146.0553741455078,10778400.0,0.0,-0.011029141308399826,0.1874719163626049,0.0,146.70128479003907,140.65619430541992,0.2348372018422198,0.04155844155844157,-1.3900000000000006,-0.23000000000000043,-1.1600000000000001,0.09249433706148413,13.952499914169312,-0.3989296518660258,0.7986987983995205,0.5,0.6194795193598082
2023-07-28,5.37,4.18,3.96,13.329999923706056,147.2348683645196,147.5344375190384,146.44852076027303,146.8885040283203,9103800.0,0.0,0.005704205597957035,0.15413333935580092,0.0,147.06824645996093,141.33293762207032,-0.15536628813181919,0.03125,-1.4100000000000001,-0.21999999999999975,-1.1900000000000004,-0.07494794830966012,13.941999912261963,-0.5137531214674168,0.8400305993330482,0.5,0.6360122397332193
2023-07-31,5.37,4.18,3.97,13.630000114440918,147.14126364731788,149.20076607298495,147.11318082189925,147.8714599609375,8892700.0,0.0,0.006691850659924059,0.15053414244064425,0.0,147.06076049804688,141.96539077758788,-0.02318811924690789,0.02849740932642497,-1.4,-0.20999999999999952,-1.1900000000000004,0.022505640844104002,13.943999910354615,-0.5852938610024545,0.8285495354076693,0.5,0.6314198141630678
2023-08-01,5.38,4.24,4.05,13.93000030517578,147.37529894065986,147.90890120016138,146.17705075722094,147.14126586914062,6853900.0,0.0,-0.004938032612850196,0.15353077673366794,0.0,147.12816162109374,142.50694427490234,-0.22926670190155973,0.03580562659846542,-1.33,-0.1900000000000004,-1.1399999999999997,0.022010285268964314,13.961999940872193,-0.6378635029004193,0.8170684714822902,0.5,0.6268273885929161
2023-08-02,5.36,4.24,4.08,16.09000015258789,145.6247296556844,145.74643141841656,144.1081999906907,145.47494506835938,8299400.0,0.0,-0.011324632766603893,0.15858425193978215,0.0,146.68630981445312,143.0105827331543,0.21090182232013888,0.05699481865284972,-1.2800000000000002,-0.16000000000000014,-1.12,0.15506100503167608,14.057499933242799,-0.44297733926971317,0.7344048696152345,0.5,0.5937619478460938
2023-08-03,5.37,4.3,4.2,15.920000076293944,145.10050403286803,146.897876304198,144.4920237619121,146.36428833007812,6084000.0,0.0,0.00611337753934782,0.1504428559147834,0.0,146.7480926513672,143.62562103271483,-0.2669349591536737,0.04738154613466339,-1.17,-0.09999999999999964,-1.0700000000000003,-0.010565573317698473,14.08149995803833,-0.19034751690956142,0.7409108046230395,0.5,0.5963643218492158
2023-08-04,5.33,4.15,4.05,17.100000381469727,146.41109472740982,147.7216885960237,145.75580493522597,146.0553741455078,6209400.0,0.0,-0.0021105844061746204,0.15158596352187442,0.0,146.5814666748047,144.17232284545898,0.020611439842209034,0.022727272727272707,-1.2800000000000002,-0.10000000000000053,-1.1799999999999997,0.07412062182919787,14.194999980926514,-0.004440830658681486,0.6957519702152866,0.5,0.5783007880861146
2023-08-07,5.3,4.16,4.09,15.770000457763672,146.5983070977639,147.6280439392386,146.5983070977639,146.74807739257812,7251800.0,0.0,0.004742743984074149,0.1514903203732207,0.0,146.3567901611328,144.7157470703125,0.1678745128353787,0.030226700251889005,-1.21,-0.07000000000000028,-1.1399999999999997,-0.07777777158106369,14.230000019073486,0.15817114541623506,0.7466513183370809,0.5,0.5986605273348323
2023-08-08,5.35,4.1,4.02,15.989999771118164,144.46392200237997,146.01789053426512,142.8444030785175,145.92428588867188,8623400.0,0.0,-0.005613644270803353,0.14839566992534725,0.0,146.11339416503907,145.1117301940918,0.18913924818665717,-0.007407407407407418,-1.33,-0.08000000000000007,-1.25,0.013950495051900047,14.2875,0.2667027568203013,0.7382319030894595,0.5,0.5952927612357838
2023-08-09,5.35,4.12,4.0,15.960000038146973,145.40008434199916,145.58730795628765,143.6682337702767,143.96778869628906,6277800.0,0.0,-0.013407618755629569,0.15886329688913844,0.0,145.811962890625,145.37572021484374,-0.2720040819166454,-0.019607843137254943,-1.3499999999999996,-0.1200000000000001,-1.2299999999999995,-0.0018761559349974588,14.408500003814698,0.1680703233090767,0.7393799985328087,0.5,0.5957519994131235
2023-08-10,5.33,4.21,4.09,15.850000381469728,144.5201072567677,145.51240519701045,143.31248860553254,143.75247192382812,5995100.0,0.0,-0.0014955899122348626,0.15890372511334674,0.0,145.289599609375,145.59524383544922,-0.045031699002835435,-0.02619047619047632,-1.2400000000000002,-0.1200000000000001,-1.12,-0.006892209048516729,14.520500040054321,0.03094162372311234,0.7435897061566192,0.5,0.5974358824626477
2023-08-11,5.36,4.31,4.16,14.84000015258789,143.25634127753443,144.65118370801733,142.8818940279704,144.5856475830078,5180700.0,0.0,0.005795904919264183,0.15881354314556312,0.0,144.995654296875,145.81430053710938,-0.1358442728228053,0.02716049382716057,-1.2000000000000002,-0.14999999999999947,-1.0500000000000007,-0.0637224103831967,14.595500040054322,-0.17232421153011143,0.7822426055565672,0.5,0.612897042222627
2023-08-14,5.37,4.36,4.19,14.81999969482422,143.7992760288352,145.02560699541831,143.15334248845306,144.88519287109375,5044300.0,0.0,0.002071749811225043,0.13482782101493268,0.0,144.62307739257812,145.87936248779297,-0.026328488428204677,0.02444987775061147,-1.1799999999999997,-0.16999999999999993,-1.0099999999999998,-0.0013477397276294711,14.662500047683716,-0.27929937394671994,0.7830080268503307,0.5,0.6132032107401323
2023-08-15,5.36,4.36,4.21,16.459999084472656,143.0878141862051,143.48098800077395,140.63513807973655,141.1968231201172,10300300.0,0.0,-0.025457189088039844,0.16305654827165486,0.0,143.67758483886718,145.7468994140625,1.0419681620839363,0.047263681592039974,-1.1500000000000004,-0.15000000000000036,-1.0,0.11066122965044278,14.820499992370605,-0.5090490953016645,0.7202449406535716,0.5,0.5880979762614287
2023-08-16,5.37,4.42,4.28,16.780000686645508,140.98153496964974,141.31854318067522,140.12028065372675,140.59771728515625,6978200.0,0.0,-0.004243054636231203,0.16247753736593384,0.0,143.00357055664062,145.5568649291992,-0.32252458666252437,0.07000000000000006,-1.0899999999999999,-0.13999999999999968,-0.9500000000000002,0.019441167677507476,14.971500015258789,-0.6347312783811853,0.707998418937133,0.5,0.5831993675748532
2023-08-17,5.36,4.42,4.3,17.889999389648438,141.24361099584877,141.5993314684171,138.92199318247168,139.13731384277344,9953900.0,0.0,-0.010387106352664821,0.15717236147213187,0.0,142.08053894042968,145.20487899780272,0.4264280186867673,0.05134474327628369,-1.0600000000000005,-0.1200000000000001,-0.9400000000000004,0.06615009878315026,15.166499996185303,-0.7258082189513894,0.6655185590575521,0.5,0.5662074236230208
2023-08-18,5.35,4.38,4.26,17.299999237060547,138.21994109410372,139.95179172208907,138.02336129220063,139.4556427001953,8517500.0,0.0,0.002287875542728912,0.156725994466418,0.0,141.05453796386718,144.92497634887695,-0.14430524718954385,0.024038461538461453,-1.0899999999999999,-0.1200000000000001,-0.9699999999999998,-0.03297932770916012,15.351499938964844,-0.7844966383602389,0.6880979762614285,0.5,0.5752391905045714
2023-08-21,5.37,4.46,4.34,17.1299991607666,140.0922157539315,140.51348678480727,138.56632957017854,139.93307495117188,8327000.0,0.0,0.0034235420075683365,0.1362954755977972,0.0,140.06411437988282,144.52618560791015,-0.022365717640152605,0.03579952267303099,-1.0300000000000002,-0.1200000000000001,-0.9100000000000001,-0.009826594438788527,15.512499904632568,-0.7885507615538977,0.6946039112692335,0.5,0.5778415645076934
2023-08-22,5.39,4.49,4.34,16.969999313354492,139.72708740694694,140.08282221486544,136.534887452353,137.03103637695312,9673300.0,0.0,-0.020738760834287273,0.1498748330621689,0.0,139.23095703125,144.0375244140625,0.16167887594571884,0.030878859857482066,-1.0499999999999998,-0.15000000000000036,-0.8999999999999995,-0.009340330137234454,15.667999887466431,-0.7679802939341088,0.7007271356301568,0.5,0.5802908542520627
2023-08-23,5.35,4.36,4.19,15.979999542236328,137.00294965470405,138.16374441088766,136.1697925895347,137.95779418945312,7858000.0,0.0,0.006763123428116025,0.1505373562374155,0.0,138.70297241210938,143.55120391845702,-0.18766088098167122,-0.02102803738317749,-1.1599999999999993,-0.16999999999999993,-0.9899999999999993,-0.058338232832990555,15.807499885559082,-0.7050692278186349,0.7386146137363413,0.5,0.5954458454945365
2023-08-24,5.39,4.39,4.23,17.200000762939453,138.07949613762864,139.8675120243072,137.60207386958209,137.8267364501953,6534000.0,0.0,-0.000949984305184226,0.14795412457081272,0.0,138.44085693359375,143.1397720336914,-0.16849071010435224,-0.016279069767441756,-1.1599999999999993,-0.15999999999999925,-1.0,0.07634551036616566,15.94699993133545,-0.713746561417681,0.6919249367410615,0.5,0.5767699746964245
2023-08-25,5.44,4.44,4.25,15.68000030517578,137.8735553172173,139.1279690919885,136.53489306897146,137.6582489013672,6695500.0,0.0,-0.001222459104580298,0.14464630745703635,0.0,138.0813781738281,142.67825927734376,0.02471686562595643,-0.0023474178403755097,-1.1900000000000004,-0.1900000000000004,-1.0,-0.0883721157175058,16.064499950408937,-0.6363071443762961,0.7500956411644244,0.5,0.6000382564657698
2023-08-28,5.44,4.38,4.2,15.079999923706056,138.14502109769722,139.11859219835208,137.7331206874902,138.13565063476562,5094100.0,0.0,0.003468021257051479,0.1421534341625378,0.0,137.72189331054688,142.19146881103515,-0.23917556567844078,-0.032258064516129004,-1.2400000000000002,-0.17999999999999972,-1.0600000000000005,-0.03826532970612695,16.136999940872194,-0.47077396356928364,0.7730577690151823,0.5,0.609223107606073
2023-08-29,5.37,4.26,4.12,14.449999809265137,138.27609058280223,139.34328069655484,137.77992738593437,139.25901794433594,6337000.0,0.0,0.008132348922296195,0.14769355752925672,0.0,138.16748962402343,141.79735641479493,0.2439881431459925,-0.05069124423963123,-1.25,-0.13999999999999968,-1.1100000000000003,-0.04177719612919539,16.16299991607666,-0.2578754208426499,0.7971679923092897,0.5,0.6188671969237158
2023-08-30,5.39,4.27,4.12,13.880000114440918,139.12795470612008,139.62410359982832,137.78929259629226,138.6973419189453,6277300.0,0.0,-0.004033318873576497,0.14427961903566258,0.0,138.31539916992188,141.4584762573242,-0.009420861606438402,-0.01670644391408116,-1.2699999999999996,-0.14999999999999947,-1.12,-0.03944634618325349,16.05249991416931,-0.1340035285039508,0.8189819882194027,0.5,0.6275927952877611
2023-08-31,5.37,4.23,4.09,13.56999969482422,138.79096610726893,138.87522886814105,136.63787329971225,136.98423767089844,10933900.0,0.0,-0.01235138485240772,0.14481222134204216,0.0,138.1468994140625,140.98947372436524,0.7418157488092014,-0.03309692671394815,-1.2800000000000002,-0.14000000000000057,-1.1399999999999997,-0.02233432399573032,15.934999895095824,0.01816619219927426,0.8308457627916634,0.5,0.6323383051166653
2023-09-01,5.36,4.29,4.18,13.09000015258789,136.75956054270785,138.62246891114418,136.3944695270514,137.4429473876953,7903500.0,0.0,0.00334863137975705,0.1466746596135404,0.0,138.1038391113281,140.5588523864746,-0.2771563668956182,-0.016470588235294237,-1.1800000000000006,-0.11000000000000032,-1.0700000000000003,-0.03537211149823449,15.734499883651733,0.04756036551067537,0.8492154358744332,0.5,0.6396861743497733
2023-09-05,5.42,4.37,4.27,14.010000228881836,137.76126337966684,138.7442053704457,135.74856991583417,135.9264373779297,7854700.0,0.0,-0.011033741916839812,0.14632869824864,0.0,137.66199645996093,140.01777038574218,-0.006174479660909671,0.016666666666666607,-1.1500000000000004,-0.10000000000000053,-1.0499999999999998,0.07028266352709411,15.646499872207642,0.13452599799946174,0.8140068593018286,0.5,0.6256027437207314
2023-09-06,5.44,4.44,4.3,14.449999809265137,135.45833292470454,136.24468058187983,134.9060183286584,135.7017364501953,8629200.0,0.0,-0.0016531068721357123,0.1463465542329337,0.0,136.9505401611328,139.50664291381835,0.09860338396119528,0.043689320388349495,-1.1400000000000006,-0.14000000000000057,-1.0,0.03140610800820931,15.56949987411499,0.1725072506555484,0.7971679923092897,0.5,0.6188671969237158
2023-09-07,5.4,4.38,4.27,14.399999618530272,134.92471110681916,135.99190102633193,134.23196827742842,134.5408935546875,8373700.0,0.0,-0.008554370237803588,0.1430014941179744,0.0,136.11925048828124,139.0352981567383,-0.029608770222036784,0.036407766990291135,-1.1300000000000008,-0.11000000000000032,-1.0200000000000005,-0.003460220857775087,15.491499853134155,0.2133231251163375,0.7990815090464023,0.5,0.6196326036185609
2023-09-08,5.42,4.39,4.26,13.84000015258789,134.21327851187928,134.91537771193595,133.53926213708527,134.64390563964844,7107900.0,0.0,0.0007656563163753738,0.14361257968907304,0.0,135.65118408203125,138.5798698425293,-0.15116376273331977,0.041564792176039145,-1.1600000000000001,-0.1299999999999999,-1.0300000000000002,-0.038888852831757026,15.390999841690064,0.27222217336420096,0.8205127943096335,0.5,0.6282051177238535
2023-09-11,5.4,4.4,4.29,13.800000190734863,135.50516045652148,135.78600302416146,134.51286243054037,135.2336883544922,6854200.0,0.0,0.004380314965180876,0.14251651375671137,0.0,135.20933227539064,138.1122718811035,-0.03569267997580161,0.026315789473684292,-1.1100000000000003,-0.11000000000000032,-1.0,-0.0028901706222559387,15.338999843597412,0.41192370826948255,0.8220436003998643,0.5,0.6288174401599458
2023-09-12,5.42,4.41,4.27,14.229999542236328,135.2711113808214,137.9110112067669,134.84985472125945,136.99359130859375,8363200.0,0.0,0.013013790982970619,0.15290013261673285,0.0,135.42276306152343,137.71769180297852,0.22015698403898343,0.0,-1.1500000000000004,-0.14000000000000057,-1.0099999999999998,0.031159372866542467,15.309499835968017,0.6131629827903716,0.8055874440542072,0.5,0.6222349776216829
2023-09-13,5.42,4.39,4.25,13.479999542236328,137.9297393099169,138.26674753287986,136.50682839895887,137.05914306640625,8325900.0,0.0,0.00047850236778468336,0.1274100847298887,0.0,135.69424438476562,137.51080780029298,-0.004460015305146392,-0.011627906976744096,-1.17,-0.13999999999999968,-1.0300000000000002,-0.052705553346921175,15.160499858856202,0.5988336979381488,0.8342900856190069,0.5,0.6337160342476027
2023-09-14,5.42,4.42,4.29,12.81999969482422,138.39776274640508,140.32619253830543,138.0982079097636,139.71771240234375,10034900.0,0.0,0.019397241777948437,0.1467202167041668,0.0,136.72960815429687,137.46680755615233,0.205263094680455,0.004683840749414525,-1.13,-0.1299999999999999,-1.0,-0.04896141467543502,14.962499809265136,0.4027433556253628,0.8595484043564632,0.5,0.6438193617425854
2023-09-15,5.43,4.45,4.33,13.789999961853027,139.4088070236676,140.16707182842225,138.83776580409716,139.3058319091797,19863400.0,0.0,-0.0029479475871890815,0.1422262951805955,0.0,137.66199340820313,137.47523345947266,0.9794317830770611,0.016431924882629234,-1.0999999999999996,-0.1200000000000001,-0.9799999999999995,0.07566304915127442,14.757499837875367,0.28450371641644445,0.822426311046746,0.5,0.6289705244186985
2023-09-18,5.44,4.46,4.32,14.0,138.69734468236973,139.61475020241627,138.31352706736544,139.5960235595703,6512400.0,0.0,0.0020831263588434457,0.14218634713935677,0.0,138.53446044921876,137.4822525024414,-0.6721407211252857,0.006993006993007089,-1.12,-0.13999999999999968,-0.9800000000000004,0.015228429204342975,14.59249987602234,0.15049617990083458,0.8143895699487103,0.5,0.6257558279794841
2023-09-19,5.45,4.51,4.37,14.109999656677246,139.95175402826723,140.1577042404797,137.80801772654655,139.41815185546875,7943400.0,0.0,-0.0012741889028498044,0.14170189329413013,0.0,139.01937255859374,137.45650634765624,0.21973466003316755,0.023419203747072626,-1.08,-0.13999999999999968,-0.9400000000000004,0.007857118334088975,14.44149990081787,-0.02614687319462196,0.8101798623248996,0.5,0.6240719449299599
2023-09-20,5.47,4.52,4.35,15.140000343322754,140.09220027603982,140.65388539898544,138.67864557176296,138.82843017578125,7332000.0,0.0,-0.004229877328304044,0.12039800113189388,0.0,139.37322998046875,137.54637603759767,-0.07696955963441343,0.0235294117647058,-1.12,-0.16999999999999993,-0.9500000000000002,0.07299792428826057,14.349999952316285,0.03829886198748358,0.7707615416311882,0.5,0.6083046166524753
2023-09-21,5.46,4.61,4.49,17.540000915527344,138.15437782884638,139.34326960229055,137.2650551855661,137.7424774169922,8052400.0,0.0,-0.00782226491658844,0.12174646599316262,0.0,138.97818298339843,137.5356101989746,0.098254228041462,0.046620046620046596,-0.9699999999999998,-0.1200000000000001,-0.8499999999999996,0.15852050976095722,14.428000020980836,0.0321121750652856,0.6789130667254516,0.5,0.5715652266901806
2023-09-22,5.46,4.57,4.44,17.200000762939453,137.88289496335204,138.08884517442365,135.91702606345376,136.4225311279297,7071700.0,0.0,-0.00958271053210824,0.1263615365551153,0.0,138.40152282714843,137.46539993286132,-0.1217897769609061,0.025404157043879882,-1.0199999999999996,-0.1299999999999999,-0.8899999999999997,-0.019384272225830057,14.428000020980836,-0.06990672199474926,0.6919249367410615,0.5,0.5767699746964245
2023-09-25,5.45,4.62,4.55,16.899999618530273,136.0668056251761,137.16207846143809,134.52217909897934,137.09654235839844,7044700.0,0.0,0.004940615196742604,0.12776837781255276,0.0,137.90162658691406,137.43731460571288,-0.003818035267333153,0.0532407407407407,-0.9000000000000004,-0.07000000000000028,-0.8300000000000001,-0.017441926226863136,14.48899998664856,-0.09195474687047536,0.7034060371637367,0.5,0.5813624148654947
2023-09-26,5.45,4.62,4.56,18.940000534057617,135.36474916009422,136.5255441805106,135.01837046288418,135.6736602783203,7468400.0,0.0,-0.010378686840682105,0.1319202366790915,0.0,137.15272827148436,137.31421508789063,0.06014450579868558,0.04347826086956519,-0.8900000000000006,-0.0600000000000005,-0.8300000000000001,0.12071011606950299,14.682000017166137,-0.21856050597457408,0.6253348170700773,0.5,0.550133926828031
2023-09-27,5.49,4.67,4.61,18.21999931335449,135.91704574382544,136.75955906802622,135.28046837627247,136.4693603515625,6717800.0,0.0,0.00586480877430362,0.1301018238285264,0.0,136.68091430664063,137.17473220825195,-0.1005034545551925,0.05977011494252893,-0.8799999999999999,-0.05999999999999961,-0.8200000000000003,-0.038014846906072375,14.870499992370606,-0.23889021833298,0.6528893996888241,0.5,0.5611557598755297
2023-09-28,5.46,4.62,4.59,17.34000015258789,136.9374414680217,139.3620208697306,136.68468172940547,138.1637725830078,8868100.0,0.0,0.012416063408521083,0.1378524149215592,0.0,136.76517333984376,137.14805374145507,0.32008991038732915,0.022271714922048824,-0.8700000000000001,-0.03000000000000025,-0.8399999999999999,-0.04829852875579399,15.043499994277955,-0.16428198613578238,0.6865671336739017,0.5,0.5746268534695607
2023-09-29,5.46,4.6,4.59,17.520000457763672,139.109259250434,139.25902955568586,135.60811946323787,135.75790405273438,11917800.0,0.0,-0.01741316471963017,0.14478766660396816,0.0,136.6322479248047,137.08673706054688,0.34389553568408116,0.03378378378378377,-0.8700000000000001,-0.009999999999999787,-0.8600000000000003,0.010380640345549086,15.241000032424926,-0.2145048415587153,0.679678488019215,0.5,0.571871395207686
2023-10-02,5.49,4.72,4.69,17.610000610351562,135.5800051974048,136.3195432246482,133.52051756427687,134.58770751953125,9170600.0,0.0,-0.008619730404415882,0.14688436113852685,0.0,136.13048095703124,136.94397506713867,-0.23051234288207556,0.030769230769230882,-0.7999999999999998,-0.02999999999999936,-0.7700000000000005,0.0051369948765045415,15.467000055313111,-0.27435902706040444,0.6762341651918717,0.5,0.5704936660767487
2023-10-03,5.49,4.8,4.81,19.780000686645508,134.054139400051,134.41923041723004,133.25843553401722,133.59544372558594,9431100.0,0.0,-0.00737261828909086,0.1441190117352009,0.0,135.71483764648437,136.8274253845215,0.028405993064793966,0.054824561403508776,-0.6800000000000006,0.009999999999999787,-0.6900000000000004,0.1232254401523627,15.755500078201294,-0.4312067063816497,0.5931878526779343,0.5,0.5372751410711737
2023-10-04,5.42,4.72,4.73,18.57999992370605,134.044780229925,134.3068961192718,132.86524444361987,134.19456481933594,8128700.0,0.0,0.004484592266339904,0.14529347405772514,0.0,135.25987854003907,136.7520668029785,-0.1380962984169397,0.026030368763557465,-0.6899999999999995,0.010000000000000675,-0.7000000000000002,-0.06066737721347193,15.96200008392334,-0.5074351556539479,0.6391121083794508,0.5,0.5556448433517803
2023-10-05,5.39,4.68,4.72,18.489999771118164,133.94936120720567,134.9489954403181,132.8082911555661,134.7603759765625,8576200.0,0.0,0.004216349283507226,0.14297875901561685,0.0,134.57919921875,136.76304092407227,0.055051853309877385,0.028322440087146017,-0.6699999999999999,0.040000000000000036,-0.71,-0.004843926423974687,16.166500091552734,-0.6057463603760844,0.642556431206794,0.5,0.5570225724827176
2023-10-06,5.43,4.75,4.78,17.450000762939453,134.76980848069118,137.57063757203986,134.0436638745079,136.83506774902344,10270600.0,0.0,0.015395413951811543,0.1529387647031353,0.0,134.7946319580078,136.87259902954102,0.1975700193558918,0.04139433551198257,-0.6499999999999995,0.03000000000000025,-0.6799999999999997,-0.05624656684978524,16.347000122070312,-0.7092005348098097,0.6823573895527949,0.5,0.572942955821118
2023-10-09,5.4,4.6850000000000005,4.720000000000001,17.700000762939453,135.4770900778378,137.11796998670525,135.32620026862298,136.52386474609375,6964900.0,0.0,-0.0022742927529402213,0.15272630467108098,0.0,135.1818634033203,136.9371078491211,-0.32186045605904234,0.006396588486140775,-0.6799999999999997,0.03500000000000014,-0.7149999999999999,0.01432664693808805,16.542000150680543,-0.8128279142163607,0.6727898423645284,0.5,0.5691159369458114
2023-10-10,5.37,4.62,4.66,17.030000686645508,137.13684937657925,138.40995889388373,137.004824376904,137.35374450683594,11288800.0,0.0,0.006078642457753469,0.14708059207806773,0.0,135.93352355957032,136.9551155090332,0.6208129334233083,-0.03118503118503113,-0.71,0.040000000000000036,-0.75,-0.03785311002340763,16.682000207901,-0.8358096709328158,0.6984308717488664,0.5,0.5793723486995466
2023-10-11,5.38,4.59,4.58,16.09000015258789,138.16476653612236,138.8437563954765,136.75964633550754,137.8252716064453,8698200.0,0.0,0.00343293953362811,0.147535430867096,0.0,136.6596649169922,136.99342193603516,-0.2294840904259089,-0.031712473572938715,-0.7999999999999998,-0.009999999999999787,-0.79,-0.05519674081955506,16.81250023841858,-0.8956907683358338,0.7344048696152345,0.5,0.5937619478460938
2023-10-12,5.43,4.69,4.7,16.690000534057617,137.96674869021285,138.5891585158138,136.8633936664554,137.50465393066406,10484400.0,0.0,-0.002326261882485192,0.12930373988011487,0.0,137.2085205078125,136.88276901245118,0.20535283162033524,-0.004237288135593098,-0.7299999999999995,0.009999999999999787,-0.7399999999999993,0.03729026574143468,17.00600028038025,-0.8889213536251528,0.7114427417644763,0.5,0.5845770967057905
2023-10-13,5.41,4.65,4.63,19.31999969482422,140.04142044685983,144.3888348154425,139.41901068024754,139.5699005126953,11573950.0,0.0,0.015019466781630797,0.14052534371732192,0.0,137.75548706054687,136.89597244262694,0.10392106367555609,-0.03138075313807542,-0.7800000000000002,-0.020000000000000462,-0.7599999999999998,0.15757933352966802,17.28250026702881,-0.671599118725306,0.6107921774615327,0.5,0.5443168709846131
2023-10-16,5.42,4.72,4.71,17.209999084472656,140.93729128323395,141.00331097441395,138.36279673046786,139.42843627929688,12663500.0,0.0,-0.0010135726462423555,0.14038489887191682,0.0,138.3364013671875,136.8875930786133,0.0941381291607446,-0.0021186440677967155,-0.71,-0.009999999999999787,-0.7000000000000002,-0.10921328383441054,17.44300022125244,-0.5862621117419353,0.691542299088772,0.5,0.5766169196355088
2023-10-17,5.48,4.86,4.83,17.8799991607666,139.16440812185908,140.80528837588392,138.4288237446185,139.12667846679688,11482700.0,0.0,-0.0021642487038693314,0.14052559912335205,0.0,138.69098815917968,136.87301940917968,-0.09324436372250955,0.03648068669527893,-0.6500000000000004,-0.03000000000000025,-0.6200000000000001,0.03893086065869911,17.63150019645691,-0.46737088964248186,0.6659012697044339,0.5,0.5663605078817735
2023-10-18,5.47,4.92,4.91,19.21999931335449,138.24021346264712,139.07951838576773,137.08970365032715,137.5989532470703,9620300.0,0.0,-0.010980821482711955,0.14514507941333357,0.0,138.64572448730468,136.81154556274413,-0.1621918189972742,0.072052401746725,-0.5599999999999996,-0.009999999999999787,-0.5499999999999998,0.07494408364001481,17.835500144958495,-0.33659499856573183,0.6146192109357579,0.5,0.5458476843743032
2023-10-19,5.44,4.95,4.98,21.399999618530277,137.1934163017745,138.64570554852048,136.6276010958682,137.0142364501953,11143600.0,0.0,-0.00424942765244074,0.14326537367645614,0.0,138.54764099121093,136.7751335144043,0.15834225543901947,0.05957446808510647,-0.45999999999999996,0.03000000000000025,-0.4900000000000002,0.11342353709976849,18.028500080108643,-0.23339067336016467,0.5311901877749385,0.5,0.5124760751099754
2023-10-20,5.41,4.86,4.93,21.709999084472656,136.3352597722285,136.87278493216152,134.02480093728053,134.80752563476562,13332900.0,0.0,-0.01610570457933269,0.15059891725521074,0.0,137.595166015625,136.6943832397461,0.19646254352273962,0.06479481641468676,-0.4800000000000004,0.0699999999999994,-0.5499999999999998,0.01448595661066987,18.253999996185303,-0.3386768422882299,0.5193264496999739,0.5,0.5077305798799896
2023-10-23,5.42,4.81,4.86,20.3700008392334,134.79809672849134,135.49593689560837,132.71397266456037,132.96859741210938,10133400.0,0.0,-0.013641139201964636,0.1559583415473489,0.0,136.3031982421875,136.48798599243165,-0.23997029903471867,0.031847133757961776,-0.5599999999999996,0.05000000000000071,-0.6100000000000003,-0.06172263020488311,18.42750005722046,-0.4190034659887556,0.5706084354740578,0.5,0.5282433741896231
2023-10-24,5.41,4.82,4.83,18.96999931335449,133.14778633313443,133.6570214733008,132.36506160371712,133.12892150878906,8881400.0,0.0,0.001205729020234747,0.1525775081362718,0.0,135.10364685058593,136.3607490539551,-0.12355181873803467,0.0,-0.5800000000000001,0.009999999999999787,-0.5899999999999999,-0.06872859441333223,18.428999996185304,-0.4147626189864388,0.6241867581240245,0.5,0.5496747032496098
2023-10-25,5.43,4.89,4.95,20.190000534057617,132.5631156887243,133.13835617043748,131.5634813825373,132.4027862548828,8242600.0,0.0,-0.005454376447106668,0.15120309595766132,0.0,134.06441345214844,136.15742034912108,-0.07192559731573855,0.008146639511201537,-0.47999999999999954,0.0600000000000005,-0.54,0.06431213836914962,18.527500057220458,-0.46783279334602895,0.5774970811287445,0.5,0.5309988324514978
2023-10-26,5.39,4.79,4.86,20.68000030517578,131.79922408824612,133.60043337964612,131.48801925860812,132.7422637939453,9109400.0,0.0,0.0025639757943536345,0.14302741712624567,0.0,133.21001892089845,135.88634490966797,0.10516099289059277,-0.02409638554216864,-0.5299999999999994,0.07000000000000028,-0.5999999999999996,0.024269428338627552,18.694500064849855,-0.49860285793944975,0.558744697399093,0.5,0.5234978789596372
2023-10-27,5.39,4.76,4.84,21.270000457763672,131.03539507182188,131.1768596947608,127.4895701240556,127.96109008789062,17434700.0,0.0,-0.0360184734643102,0.18012379444714843,0.0,131.84073181152343,135.4965042114258,0.9139240784244846,-0.018255578093306246,-0.5499999999999998,0.08000000000000007,-0.6299999999999999,0.02852998761514658,18.882000064849855,-0.5840644562794294,0.5361652801952166,0.5,0.5144661120780867
2023-10-30,5.41,4.8,4.88,19.75,128.6683543097979,130.17720937589277,128.29112975104002,129.592529296875,9855500.0,0.0,0.012749494458540678,0.18695208252466528,0.0,131.16551818847657,135.24674530029296,-0.434719266749643,0.00411522633744843,-0.5300000000000002,0.08000000000000007,-0.6100000000000003,-0.07146217325109949,18.989000034332275,-0.5949166924961098,0.5943359846185794,0.5,0.5377343938474317
2023-10-31,5.44,4.82,4.88,18.13999938964844,129.86603437399648,131.3088843077503,129.63969961177435,131.13912963867188,9672500.0,0.0,0.011934332559046412,0.1918475883236074,0.0,130.76755981445314,135.12392959594726,-0.018568312109989327,0.010351966873705987,-0.5600000000000005,0.05999999999999961,-0.6200000000000001,-0.08151901824564856,18.90699996948242,-0.5308577603448341,0.6559510118692855,0.5,0.5623804047477142
2023-11-01,5.37,4.67,4.77,16.8700008392334,131.3182952427371,132.52538506399418,130.58272533258497,131.0259552001953,9432000.0,0.0,-0.0008630104438575037,0.19080893204412627,0.0,130.49219360351563,134.96549911499022,-0.024864306022228,-0.03636363636363649,-0.6000000000000005,0.09999999999999964,-0.7000000000000002,-0.07001094780299522,18.82150001525879,-0.4246468242580288,0.7045540961097896,0.5,0.5818216384439159
2023-11-02,5.38,4.65,4.67,15.65999984741211,132.1104404141124,133.42126514351625,131.29942562105097,133.36468505859375,10186200.0,0.0,0.01784936316491703,0.2016962906549651,0.0,130.6166778564453,134.8957145690918,0.07996183206106866,-0.039094650205761416,-0.71,0.019999999999999574,-0.7299999999999995,-0.07172501076628712,18.680000019073486,-0.35126973163144626,0.7508610624581877,0.5,0.6003444249832751
2023-11-03,5.29,4.49,4.57,14.90999984741211,134.0908306209058,135.58083522229103,133.77020054443747,134.8546905517578,9538700.0,0.0,0.01117241414029091,0.19781774069020966,0.0,131.99539794921876,134.79669570922852,-0.06356639374840467,-0.05578512396694202,-0.7199999999999998,0.08000000000000007,-0.7999999999999998,-0.047892720773170416,18.55299997329712,-0.30768652972569893,0.7795637040229874,0.5,0.611825481609195
2023-11-06,5.33,4.6,4.67,14.890000343322754,135.01502964388456,135.97693443430506,134.65666985360778,135.87319946289062,7625100.0,0.0,0.007552639859730315,0.1998157207947704,0.0,133.25153198242188,134.76416244506837,-0.20061433948022267,-0.04303278688524592,-0.6600000000000001,0.07000000000000028,-0.7300000000000004,-0.0013413483765277734,18.412499952316285,-0.3053794529758936,0.7803290888194547,0.5,0.6121316355277819
2023-11-07,5.33,4.53,4.58,14.8100004196167,135.33563951339102,136.04291937904668,134.68495412429016,135.80715942382812,6297900.0,0.0,-0.00048604168683419324,0.1984500873319912,0.0,134.1851379394531,134.68683319091798,-0.17405673368218122,-0.061475409836065587,-0.75,0.04999999999999982,-0.7999999999999998,-0.005372728130387805,18.301499938964845,-0.2948132587963213,0.7833907009999164,0.5,0.6133562803999666
2023-11-08,5.34,4.51,4.49,14.449999809265137,135.90147545372747,136.58989052573705,135.4393807398326,136.4767303466797,7618200.0,0.0,0.004930306514709937,0.19891342476800217,0.0,135.27529296875,134.6194061279297,0.20964130900776445,-0.05870020964360578,-0.8499999999999996,-0.019999999999999574,-0.8300000000000001,-0.02430794059092134,18.219499921798707,-0.28645138177516355,0.7971679923092897,0.5,0.6188671969237158
2023-11-09,5.39,4.65,4.62,15.289999961853027,137.15568646220893,137.35371672684704,135.51479232127906,136.07118225097656,7992500.0,0.0,-0.0029715548919800883,0.19900877134068679,0.0,135.81659240722655,134.5477325439453,0.049132340972933175,-0.010706638115631661,-0.7699999999999996,-0.03000000000000025,-0.7399999999999993,0.058131499216304006,18.149499893188477,-0.2828055724070416,0.7650210279171467,0.5,0.6060084111668587
2023-11-10,5.38,4.65,4.61,14.170000076293944,136.68420471665647,138.13647982386263,135.87318983117473,138.08932495117188,7983300.0,0.0,0.01483152175802327,0.1988160471485697,0.0,136.46351928710936,134.47370376586915,-0.001151079136690658,0.00875273522975939,-0.7699999999999996,-0.040000000000000036,-0.7299999999999995,-0.07325048321473959,17.891999912261962,-0.40722762144088465,0.8078836349409054,0.5,0.6231534539763621
2023-11-13,5.37,4.66,4.63,14.760000228881836,137.40088871139884,137.91956345188186,136.89165357778936,137.47633361816406,6676300.0,0.0,-0.004439092835196057,0.1993142259625427,0.0,136.78414611816407,134.3760986328125,-0.16371675873385694,-0.008565310492505307,-0.7400000000000002,-0.03000000000000025,-0.71,0.04163727236494141,17.76949996948242,-0.4518245578336853,0.7853042177370289,0.5,0.6141216870948116
2023-11-14,5.24,4.42,4.44,14.15999984741211,138.32505839820212,140.7486773711874,138.17418298003085,139.9848175048828,9927700.0,0.0,0.01824665977553619,0.21010538664762704,0.0,137.619677734375,134.41900558471679,0.4870062759312792,-0.03056768558951961,-0.7999999999999998,0.020000000000000462,-0.8200000000000003,-0.04065043171853533,17.5835000038147,-0.5467432050369125,0.8082663455877871,0.5,0.6233065382351148
2023-11-15,5.27,4.52,4.53,14.18000030517578,140.003664861889,141.60682929840053,140.003664861889,141.21075439453125,8365300.0,0.0,0.008757641803588179,0.20760295189663244,0.0,138.5664825439453,134.59959564208984,-0.1573778417961864,0.008908685968819663,-0.7399999999999993,0.010000000000000675,-0.75,0.0014124617216946245,17.33150005340576,-0.6355760923130161,0.8075009242940236,0.5,0.6230003697176094
2023-11-16,5.23,4.43,4.45,14.31999969482422,141.5408447709493,142.89882442983355,141.5408447709493,142.82337951660156,8126200.0,0.0,0.011419988010012094,0.20941229894899732,0.0,139.91692199707032,134.89005279541016,-0.02858235807442655,-0.03679653679653683,-0.7800000000000002,0.020000000000000462,-0.8000000000000007,0.00987301739319002,16.97750005722046,-0.7408819535012444,0.8021431212268637,0.5,0.6208572484907455
2023-11-17,5.24,4.45,4.44,13.800000190734863,143.53064675784515,144.15305644499725,142.90823707069305,144.11534118652344,7812400.0,0.0,0.009045869620888602,0.1990895484654918,0.0,141.12212524414062,135.35544357299804,-0.038615835199724335,-0.03687635574837311,-0.7999999999999998,-0.009999999999999787,-0.79,-0.03631281530524788,16.58200011253357,-0.8037248256348625,0.8220436003998643,0.5,0.6288174401599458
2023-11-20,5.25,4.44,4.42,13.40999984741211,143.41749314350156,144.99236786773022,143.26660332342516,144.55856323242188,7019000.0,0.0,0.0030754674849278185,0.18865984921159482,0.0,142.5385711669922,135.93494186401367,-0.10155649992319904,-0.04535637149028082,-0.8300000000000001,-0.020000000000000462,-0.8099999999999996,-0.028260894053073637,16.234000062942506,-0.8210349484006403,0.8369689871525867,0.5,0.6347875948610346
2023-11-21,5.24,4.41,4.41,13.350000381469728,144.47370055393674,144.87921516759508,143.87959523992686,144.25680541992188,7083500.0,0.0,-0.00208744335688249,0.18972498324418532,0.0,143.39296875,136.4913360595703,0.00918934321128373,-0.006756756756756799,-0.8300000000000001,0.0,-0.8300000000000001,-0.004474233156233742,15.953000116348267,-0.8284724839330478,0.8392651780392848,0.5,0.6357060712157139
2023-11-22,5.26,4.44,4.42,12.850000381469728,144.67172786384498,145.11495768637337,144.19076839406415,144.59628295898438,5174500.0,0.0,0.002353286127987575,0.18651230038225156,0.0,144.07007446289063,137.10101089477538,-0.26949954118726616,-0.02428256070640189,-0.8399999999999999,-0.020000000000000462,-0.8199999999999994,-0.03745318245039286,15.586000108718872,-0.8457911910984696,0.858400272415818,0.5,0.6433601089663272
2023-11-24,5.27,4.49,4.47,12.460000038146973,144.84148165087916,145.6430712490366,144.54914161073685,144.79432678222656,3496900.0,0.0,0.0013696328784493783,0.18672316823531798,0.0,144.46426391601562,137.70361404418946,-0.3242052372209875,0.004494382022471877,-0.7999999999999998,-0.020000000000000462,-0.7799999999999994,-0.030350220369265823,15.175000095367432,-0.88690936216037,0.8733256591685404,0.5,0.6493302636674162
2023-11-27,5.24,4.38,4.39,12.6899995803833,144.69056896757002,144.78487868997536,144.01159364689627,144.46424865722656,6259100.0,0.0,-0.0022796343775018935,0.114088148666549,0.0,144.53404541015624,138.52877197265624,0.7898996253824817,-0.011261261261261368,-0.8500000000000005,0.009999999999999787,-0.8600000000000003,0.018459032225695893,14.746000051498413,-0.8932021817985967,0.8645235332740373,0.5,0.6458094133096149
2023-11-28,5.21,4.29,4.34,12.6899995803833,144.492561524212,145.10553164775902,144.02104161697716,144.79432678222656,6582700.0,0.0,0.002284842984115576,0.11203722710729838,0.0,144.5811981201172,139.28886184692382,0.051700723746225474,-0.018099547511312264,-0.8700000000000001,0.04999999999999982,-0.9199999999999999,0.0,14.393000030517578,-0.9131714544076538,0.8645235332740373,0.5,0.6458094133096149
2023-11-29,5.12,4.22,4.27,12.979999542236328,145.3884426243466,146.76528704849733,145.22812758688474,145.5299072265625,9126100.0,0.0,0.005080174483923505,0.10949816767636449,0.0,144.8358184814453,140.00840072631837,0.38637641089522545,-0.031746031746031855,-0.8500000000000005,0.04999999999999982,-0.9000000000000004,0.02285263762351275,14.135000038146973,-0.932129627081589,0.8534251799955399,0.5,0.641370071998216
2023-11-30,5.16,4.31,4.37,12.920000076293944,146.08629666666795,147.2368063564752,145.5864867313831,147.1896514892578,9869800.0,0.0,0.011404832823203925,0.10908438227821317,0.0,145.3544921875,140.81658554077148,0.08149154622456467,-0.011312217194570096,-0.79,0.0600000000000005,-0.8500000000000005,-0.004622455166284789,13.9375,-0.9209082812685689,0.8557213708822382,0.5,0.6422885483528953
2023-12-01,5.05,4.14,4.22,12.630000114440918,146.94446658886,148.86826142383205,146.94446658886,147.90635681152344,8916000.0,0.0,0.004869264347146851,0.09946177893171869,0.0,145.97689819335938,141.54366912841797,-0.09663822975136271,-0.055928411633109576,-0.8300000000000001,0.08000000000000007,-0.9100000000000001,-0.022445817348339392,13.78600001335144,-0.9135515888951931,0.8668197241607355,0.5,0.6467278896642943
2023-12-04,5.1,4.23,4.28,13.079999923706056,147.1330704680428,149.04744006979425,147.0010454744615,148.99085998535156,9607500.0,0.0,0.007332363511665108,0.09731776081809956,0.0,146.88222045898436,142.25047760009767,0.07755720053835802,-0.02505694760820032,-0.8199999999999994,0.04999999999999982,-0.8699999999999992,0.0356294382571396,13.694500017166138,-0.8914050692256082,0.8495981465213148,0.5,0.639839258608526
2023-12-05,5.06,4.14,4.18,12.850000381469728,148.3024355246939,149.47181007082003,148.02896031089793,148.9720001220703,9135600.0,0.0,-0.00012658402859810902,0.09847212322874031,0.0,147.71775512695314,142.90541763305663,-0.04911787665886025,-0.03686635944700467,-0.8799999999999999,0.040000000000000036,-0.9199999999999999,-0.01758406296467019,13.592500019073487,-0.8784639368481376,0.858400272415818,0.5,0.6433601089663272
2023-12-06,5.07,4.12,4.12,12.970000267028809,149.79244482122945,150.15080456532945,147.11421512755064,147.40655517578125,9366000.0,0.0,-0.01050831663001306,0.11100744015495474,0.0,148.09308471679688,143.4853874206543,0.025220018389596754,-0.03512880562060883,-0.9500000000000002,0.0,-0.9500000000000002,0.009338512217643702,13.500500011444093,-0.8644267000688589,0.8538078541451256,0.5,0.6415231416580502
2023-12-07,5.05,4.11,4.14,13.0600004196167,147.7649118050395,148.34959188917583,147.25566224366952,147.8592071533203,8130900.0,0.0,0.0030707723750771354,0.11102575346867262,0.0,148.22699584960938,144.05451126098632,-0.13187059577194105,-0.052631578947368474,-0.9100000000000001,0.02999999999999936,-0.9399999999999995,0.00693910182998847,13.43100004196167,-0.8544393523537138,0.8503635313177822,0.5,0.6401454125271129
2023-12-08,5.13,4.24,4.23,12.350000381469728,148.302407217658,149.7358314861377,148.0383572721016,149.4906463623047,7369400.0,0.0,0.011033734323305788,0.11042932812849084,0.0,148.54385375976562,144.72548446655273,-0.09365506893455833,0.0023696682464455776,-0.8999999999999995,-0.009999999999999787,-0.8899999999999997,-0.05436447284339441,13.284000062942505,-0.8219270075698012,0.8775353667923511,0.5,0.6510141467169405
2023-12-11,5.14,4.25,4.23,12.630000114440918,149.4906786018212,150.22624852159782,149.14174407807883,150.0376434326172,8093900.0,0.0,0.0036590722137008758,0.10380601030755272,0.0,148.75321044921876,145.322900390625,0.09831193855673459,-0.011682242990654124,-0.9099999999999993,-0.019999999999999574,-0.8899999999999997,0.022672042455262442,13.207000064849854,-0.8117171408115859,0.8668197241607355,0.5,0.6467278896642943
2023-12-12,5.14,4.23,4.2,12.06999969482422,150.16024048034427,151.49935542257748,149.83018514642347,151.37677001953125,10223000.0,0.0,0.008925270727245582,0.09985618976848598,0.0,149.23416442871093,146.01792221069337,0.2630499511978157,0.004784688995215447,-0.9399999999999995,-0.03000000000000025,-0.9099999999999993,-0.044338908514846564,13.072500038146973,-0.7734251372548375,0.8882510459212628,0.5,0.6553004183685052
2023-12-13,4.94,4.0,4.04,12.1899995803833,151.376751172791,152.80073607591623,150.66947133004385,151.885986328125,12379100.0,0.0,0.0033638999466565345,0.08644000537339097,0.0,150.1300506591797,146.61298065185548,0.21090677883204534,-0.01941747572815533,-0.9000000000000004,0.040000000000000036,-0.9400000000000004,0.009941995740939236,12.974000024795533,-0.7519628494546191,0.8836586276505705,0.5,0.6534634510602282
2023-12-14,4.9,3.9,3.92,12.479999542236328,152.61213937426157,155.45068411871856,152.49897919789595,154.64910888671875,13643000.0,0.0,0.01819208358448865,0.09878490668754827,0.0,151.48803100585937,147.28489837646484,0.10209950642615384,-0.05314009661835739,-0.9800000000000004,0.020000000000000018,-1.0000000000000004,0.023789989486111995,12.88899998664856,-0.6640647833219353,0.8725602743720731,0.5,0.6490241097488292
2023-12-15,4.95,3.91,3.91,12.279999732971191,153.79092125929148,155.8656057922749,153.14022154170772,155.81845092773438,20309300.0,0.0,0.007561259482407934,0.09615259322857729,0.0,152.75359191894532,147.93465194702148,0.48862420288792796,-0.0756501182033098,-1.04,0.0,-1.04,-0.016025626330215204,12.786999988555909,-0.6509903226434545,0.8802143048232272,0.5,0.6520857219292908
2023-12-18,4.95,3.94,3.95,12.5600004196167,156.46914985499157,157.61023425667324,156.19567466546889,156.76148986816406,8469600.0,0.0,0.006052164777758273,0.09480400164876686,0.0,154.09836120605468,148.56695938110352,-0.582969378560561,-0.06619385342789608,-1.0,0.010000000000000231,-1.0100000000000002,0.022801359343169958,12.725,-0.5982041618490908,0.8694986256943154,0.5,0.6477994502777262
2023-12-19,4.93,3.94,3.93,12.529999732971191,156.54461205309389,158.87392158842906,156.12024700678276,158.8550567626953,10345700.0,0.0,0.013355109703868884,0.10002038951466863,0.0,155.5940185546875,149.2817840576172,0.2215098705960139,-0.06428571428571428,-0.9999999999999996,-0.009999999999999787,-0.9899999999999998,-0.0023885896212750835,12.680999994277954,-0.537192053710719,0.8706467576349606,0.5,0.6482587030539843
2023-12-20,4.88,3.86,3.86,13.670000076293944,158.42127317416848,159.760388064777,156.9689837140342,157.06329345703125,10734700.0,0.0,-0.011279233674888145,0.11284780154787291,0.0,156.62947998046874,149.92210845947267,0.03760016238630537,-0.044554455445544594,-1.02,0.0,-1.02,0.09098167339325469,12.696999979019164,-0.12255521550963974,0.8270187293174385,0.5,0.6308074917269755
2023-12-21,4.84,3.87,3.89,13.649999618530272,157.3367577550905,158.5155575124074,156.24282812678547,157.95916748046875,7601700.0,0.0,0.005703904481555888,0.1127134860801354,0.0,157.29149169921874,150.5902526855469,-0.29185724799016277,-0.007653061224489721,-0.9499999999999997,0.020000000000000018,-0.9699999999999998,-0.0014630912693524012,12.736999940872192,0.10583830831536384,0.827784150611202,0.5,0.6311136602444809
2023-12-22,4.82,3.87,3.9,13.029999732971191,157.95917790673107,158.64759298134297,157.7045531132431,157.8648681640625,6576300.0,0.0,-0.0005969853976212081,0.11363944745239615,0.0,157.70077514648438,151.24377975463867,-0.13489087967165236,-0.002557544757033292,-0.9200000000000004,0.029999999999999805,-0.9500000000000002,-0.045421238306659895,12.765499925613403,0.10860587451393011,0.8515116632584274,0.5,0.640604665303371
2023-12-26,4.83,3.89,3.89,12.989999771118164,157.92144185918576,159.15682162146308,157.65737749239696,158.7984619140625,4683600.0,0.0,0.0059138791350952236,0.11098573691816671,0.0,158.10816955566406,151.96049041748046,-0.28780621322019984,-0.015189873417721489,-0.94,0.0,-0.94,-0.003069835968746104,12.780499935150146,0.13286785394172104,0.8530424693486582,0.5,0.6412169877394633
2023-12-27,4.79,3.78,3.79,12.43000030517578,158.2797759335722,159.81693521176237,158.0345907978248,159.75091552734375,6428600.0,0.0,0.005997876816947301,0.11066755918498283,0.0,158.28734130859374,152.70831985473632,0.3725766504398327,-0.03562340966921118,-1.0,0.010000000000000231,-1.0100000000000002,-0.0431100443271355,12.767499971389771,0.05003571754646883,0.8744737546118896,0.5,0.6497895018447559
2023-12-28,4.82,3.83,3.84,12.470000267028809,159.70381588348346,160.9391958738307,159.37374615629497,160.59970092773438,6320100.0,0.0,0.00531318019423388,0.1106742784352763,0.0,158.99462280273437,153.46180953979493,-0.0168777027657655,-0.005181347150259086,-0.9800000000000004,0.009999999999999787,-0.9900000000000002,0.0032180177691849554,12.742000007629395,0.038755075943258166,0.8729429485216587,0.5,0.6491771794086635
2023-12-29,4.79,3.84,3.88,12.449999809265137,160.3167620438129,160.96746179209865,159.96784193110983,160.41107177734375,6435100.0,0.0,-0.0011745298982561714,0.10996686976461997,0.0,159.48500366210936,154.1228805541992,0.018195914621604192,-0.0025706940874036244,-0.9100000000000001,0.040000000000000036,-0.9500000000000002,-0.001603885913022296,12.718499994277954,0.023347864523496763,0.8737083698154222,0.5,0.6494833479261689
2024-01-02,4.8,3.93,3.95,13.199999809265137,159.4586256124024,162.36319045657115,159.28888532426006,162.2783203125,9977400.0,0.0,0.011640396853329849,0.11298998476867561,0.0,160.36769409179686,154.84147872924805,0.550465416232848,0.012820512820512997,-0.8499999999999996,0.020000000000000018,-0.8699999999999997,0.06024096477831753,12.746999979019165,0.09355643643605675,0.8450057282506225,0.5,0.638002291300249
2024-01-03,4.81,3.9,3.91,14.039999961853027,162.07083966469682,162.24057994163016,160.66570501716694,161.57102966308594,9852300.0,0.0,-0.004358503637775124,0.11689171500823173,0.0,160.92220764160157,155.47048721313476,-0.012538336640808279,0.005141388174807249,-0.8999999999999995,0.010000000000000231,-0.9099999999999997,0.06363637611557316,12.794999980926514,0.282827053061413,0.8128587638584794,0.5,0.6251435055433918
2024-01-04,4.85,3.97,3.99,14.130000114440918,161.91259668017605,164.4839997839759,161.81770540051127,162.64321899414062,11972500.0,0.0,0.006636024622052927,0.11612087914813726,0.0,161.50066833496095,156.15404815673827,0.21519848157283072,0.05277044854881274,-0.8599999999999994,0.020000000000000018,-0.8799999999999994,0.006410267295756666,12.858999967575073,0.4068218979911477,0.8094144410311361,0.5,0.6237657764124545
2024-01-05,4.84,4.02,4.05,13.350000381469728,162.70015693042274,164.5124733318374,162.70015693042274,163.45924377441406,10066000.0,0.0,0.005017268997257407,0.10183861048308901,0.0,162.07257690429688,156.95668258666993,-0.1592399248277302,0.0546875,-0.79,0.03000000000000025,-0.8200000000000003,-0.055201679168708995,12.877999973297118,0.49480890268667843,0.8392651780392848,0.5,0.6357060712157139
2024-01-08,4.82,3.97,4.01,13.079999923706056,163.22203063964844,163.5446378440562,160.82142880255864,163.22203063964844,11229900.0,0.0,-0.0014512066083762765,0.1043279196701855,0.0,162.6347686767578,157.72482376098634,0.11562686270613942,0.03350515463917514,-0.8100000000000005,0.03999999999999959,-0.8500000000000001,-0.020224752812624813,12.878999948501587,0.5877581815404099,0.8495981465213148,0.5,0.639839258608526
2024-01-09,4.82,3.97,4.02,12.760000228881836,162.84248752428073,163.00379113396048,161.4002383747752,161.9315948486328,9923600.0,0.0,-0.007906014806693396,0.1111769348677739,0.0,162.56542358398437,158.34687118530275,-0.11632338667307807,0.017721518987341645,-0.8000000000000007,0.04999999999999938,-0.8500000000000001,-0.024464808615499822,12.899499940872193,0.5430107393101784,0.8618445952431614,0.5,0.6447378380972646
2024-01-10,4.82,3.99,4.04,12.6899995803833,161.30534199467218,162.33010708122012,160.30904139844134,162.27317810058594,9670200.0,0.0,0.0021094293073098402,0.11138107455818094,0.0,162.7058532714844,158.95864791870116,-0.025535088072876744,0.03324808184143224,-0.7800000000000002,0.04999999999999982,-0.8300000000000001,-0.00548594414129322,12.902499914169312,0.533696584485758,0.8645235332740373,0.5,0.6458094133096149
2024-01-11,4.75,3.9,3.98,12.4399995803833,161.6184608273202,161.6469253167498,160.01489369036094,161.58999633789062,11919500.0,0.0,-0.00421007199521195,0.11334211126999308,0.0,162.49520874023438,159.46930923461915,0.23260118715228217,-0.0025062656641604564,-0.77,0.08000000000000007,-0.8500000000000001,-0.019700552266877946,12.920999908447266,0.40897168339518064,0.8740910804623039,0.5,0.6496364321849215
2024-01-12,4.65,3.84,3.96,12.699999809265137,164.9109759460637,167.29259640908697,160.26157849064393,160.40391540527344,19436500.0,0.0,-0.007340064109767397,0.11945806429012289,0.0,161.88414306640624,159.89520568847655,0.6306472586937371,-0.022222222222222143,-0.6900000000000004,0.1200000000000001,-0.8100000000000005,0.020900340647264315,12.946499919891357,0.30056758221630747,0.8641408226271556,0.5,0.6456563290508623
2024-01-16,4.7,3.95,4.07,13.84000015258789,156.43771030633505,159.49302439057672,155.8968705158976,159.3981475830078,17206400.0,0.0,-0.006270219899087048,0.10860729666715549,0.0,161.11936645507814,160.132657623291,-0.11473773570344459,0.014962593516209655,-0.6299999999999999,0.1200000000000001,-0.75,0.08976380790896399,13.014499950408936,0.2007201212774053,0.8205127943096335,0.5,0.6282051177238535
2024-01-17,4.8,4.02,4.1,14.789999961853027,158.78138793793093,160.42291746804034,157.9748698967347,158.54417419433594,11107500.0,0.0,-0.0053574862796141876,0.10878200294418051,0.0,160.44188232421874,160.2689437866211,-0.35445531895108795,0.01990049751243772,-0.7000000000000002,0.08000000000000007,-0.7800000000000002,0.06864160395890595,13.139999961853027,-0.048180025440406574,0.7841561222936798,0.5,0.613662448917472
2024-01-18,4.8,4.04,4.14,14.130000114440918,158.57262518214884,158.9616591633274,156.788787827513,158.85728454589844,9382300.0,0.0,0.0019749092210648023,0.10716644784645507,0.0,159.75870361328126,160.3737335205078,-0.15531847850551428,0.024752475247524774,-0.6600000000000001,0.09999999999999964,-0.7599999999999998,-0.04462473624843866,13.218499946594239,-0.19074592421567055,0.8094144410311361,0.5,0.6237657764124545
2024-01-19,4.84,4.08,4.15,13.300000190734863,158.98063779337124,161.84618358047717,158.53467484219206,161.59947204589844,13115700.0,0.0,0.0172619562762808,0.11397338617402794,0.0,159.7605987548828,160.51095428466797,0.39791948669302846,0.04271356783919611,-0.6899999999999995,0.07000000000000028,-0.7599999999999998,-0.058740263056175857,13.256999969482422,-0.24030235610577183,0.8411786947763974,0.5,0.6364714779105589
2024-01-22,4.83,4.03,4.11,13.1899995803833,161.7418034738899,163.1840524158629,161.03016233915122,161.40969848632812,12837500.0,0.0,-0.0011743451706105468,0.1049616471331096,0.0,159.96175537109374,160.7282745361328,-0.02121122014074739,0.03787878787878807,-0.7199999999999998,0.08000000000000007,-0.7999999999999998,-0.00827072246421412,13.23299994468689,-0.20101244157880238,0.8453884388975041,0.5,0.6381553755590017
2024-01-23,4.81,4.06,4.14,12.550000190734863,160.99218388563608,161.06809400313085,159.82509659569962,160.3469696044922,8360800.0,0.0,-0.006584046013356271,0.10729484155960399,0.0,160.15151977539062,160.847664642334,-0.3487205452775073,0.017199017199017064,-0.6699999999999999,0.08000000000000007,-0.75,-0.04852156254805884,13.17799997329712,-0.1395482489200921,0.8698813363411971,0.5,0.6479525345364789
2024-01-24,4.83,4.06,4.18,13.140000343322754,160.69806067066273,162.26366540807356,160.22363323770475,161.77975463867188,9967100.0,0.0,0.008935529232100503,0.11095470690840134,0.0,160.79863586425782,161.04340896606445,0.19212276337192624,0.019512195121951237,-0.6500000000000004,0.1200000000000001,-0.7700000000000005,0.04701196363514493,13.183500003814697,-0.1804821119092502,0.8473019191373207,0.5,0.6389207676549282
2024-01-25,4.76,4.01,4.14,13.449999809265137,163.497202679032,164.14243160757394,162.16881147082557,164.09498596191406,8873500.0,0.0,0.01431100775503813,0.11932535559608416,0.0,161.84617614746094,161.30823516845703,-0.10972098203088165,0.0,-0.6200000000000001,0.1299999999999999,-0.75,0.02359204397585213,13.206500005722045,-0.16107320432796432,0.8354381810623559,0.5,0.6341752724249423
2024-01-26,4.78,4.04,4.15,13.260000228881836,163.7818586219111,164.20884046709205,162.99430725137032,163.46873474121094,7443000.0,0.0,-0.0038163946145708394,0.1196874725194733,0.0,162.22002868652345,161.4941261291504,-0.16121034541049195,0.0,-0.6299999999999999,0.11000000000000032,-0.7400000000000002,-0.014126363054103419,13.248000001907348,-0.229123334847901,0.8427095008666282,0.5,0.6370838003466512
2024-01-29,4.76,3.97,4.08,13.600000381469728,163.4307613169015,164.00006552852224,162.5388354591491,163.89569091796875,6971200.0,0.0,0.0026118522140257117,0.11883060394843552,0.0,162.71722717285155,161.6589256286621,-0.0633884186483945,-0.007299270072992803,-0.6799999999999997,0.10999999999999988,-0.7899999999999996,0.02564103670581641,13.304500007629395,-0.22809749675888633,0.8296976308510182,0.5,0.6318790523404073
2024-01-30,4.8,4.0,4.06,13.3100004196167,163.99060578443397,167.71959885740603,163.99060578443397,167.25466918945312,10822100.0,0.0,0.020494610033192195,0.13697646102602257,0.0,164.09876708984376,162.00110549926757,0.5524013082396144,-0.019323671497584516,-0.7400000000000002,0.05999999999999961,-0.7999999999999998,-0.021323526008731553,13.347500038146972,-0.2503845120045276,0.8407959841295157,0.5,0.6363183936518063
2024-01-31,4.73,3.91,3.99,14.350000381469728,167.18822653609234,169.18082757038678,165.42335588463555,165.4423370361328,11521800.0,0.0,-0.010835764179877305,0.13948244792999398,0.0,164.83128356933594,162.15930633544923,0.06465473429371382,-0.0454545454545453,-0.7400000000000002,0.08000000000000007,-0.8200000000000003,0.07813673396435394,13.405000066757202,-0.09380376183006428,0.8009949892862186,0.5,0.6203979957144874
2024-02-01,4.68,3.8,3.87,13.880000114440918,164.75916524911648,165.8977882402984,162.66218953700178,164.8445587158203,9354800.0,0.0,-0.003613212500630625,0.13912716289183144,0.0,164.9811981201172,162.32298278808594,-0.1880782516620667,-0.06521739130434778,-0.8099999999999996,0.07000000000000028,-0.8799999999999999,-0.032752630978026054,13.397000074386597,-0.029362507150238873,0.8189819882194027,0.5,0.6275927952877611
2024-02-02,4.81,3.99,4.03,13.850000381469728,164.4365405747899,166.82765873693674,164.398578274706,165.79339599609375,8607600.0,0.0,0.005755951471283716,0.13869203109649372,0.0,165.44613037109374,162.4804916381836,-0.07987343395903712,-0.028915662650602414,-0.7799999999999994,0.040000000000000036,-0.8199999999999994,-0.0021613640290951697,13.383000087738036,0.02125035636436452,0.8201300836627516,0.5,0.6280520334651007
2024-02-05,4.87,4.13,4.17,13.670000076293944,164.96789829400674,166.134985659533,164.07597245364303,165.57516479492188,7820200.0,0.0,-0.0013162840405115395,0.1380770252719359,0.0,165.7820251464844,162.58628768920897,-0.09147729913100056,0.022058823529411686,-0.7000000000000002,0.040000000000000036,-0.7400000000000002,-0.01299641156809006,13.399000072479248,0.05083497614580119,0.8270187293174385,0.5,0.6308074917269755
2024-02-06,4.82,4.03,4.09,13.0600004196167,165.6795413976579,166.87509326368186,164.87300900590824,166.1444854736328,6764800.0,0.0,0.0034384424706210837,0.13816734828038854,0.0,165.55998840332032,162.7324104309082,-0.13495818521265446,0.007389162561576512,-0.7300000000000004,0.05999999999999961,-0.79,-0.04462323725477402,13.39800009727478,0.01562825236232519,0.8503635313177822,0.5,0.6401454125271129
2024-02-07,4.83,4.06,4.09,12.829999923706056,166.7043226284831,166.87510956386498,165.062807676568,166.45761108398438,7225500.0,0.0,0.0018846584613321227,0.1341823500776515,0.0,165.76304321289064,162.95871124267578,0.06810253074739836,0.025062656641603898,-0.7400000000000002,0.03000000000000025,-0.7700000000000005,-0.017611063439567087,13.40150008201599,-0.06798133754196559,0.8591656937095814,0.5,0.6436662774838326
2024-02-08,4.83,4.12,4.15,12.789999961853027,166.04960084038564,166.34374353104843,164.69274533742478,165.85983276367188,6060300.0,0.0,-0.003591174452280854,0.13531096036965515,0.0,165.96609802246093,163.13804397583007,-0.16126219638779327,0.07235142118863047,-0.6799999999999997,0.03000000000000025,-0.71,-0.003117689952524594,13.406500101089478,-0.13727243250307408,0.8606964997998123,0.5,0.644278599919925
2024-02-09,4.86,4.14,4.17,12.93000030517578,166.04962921080383,166.14452050456146,164.7876502913963,166.05911254882812,6296700.0,0.0,0.001201495153080323,0.13383487668253796,0.0,166.0192413330078,163.36149978637695,0.03900796990248012,0.03473945409429269,-0.6900000000000004,0.03000000000000025,-0.7200000000000006,0.010946078478523136,13.431000137329102,-0.23809553599090633,0.8553386602353564,0.5,0.6421354640941426
2024-02-12,4.87,4.13,4.17,13.93000030517578,165.84085611158963,167.76703037532326,164.81609109548293,166.7991943359375,8539300.0,0.0,0.004456736976067743,0.13011803812624287,0.0,166.26404724121093,163.68126373291017,0.35615481125033743,0.0,-0.7000000000000002,0.040000000000000036,-0.7400000000000002,0.07733951866959421,13.492500162124633,-0.2717403306744357,0.8170684714822902,0.5,0.6268273885929161
2024-02-13,4.99,4.31,4.31,15.850000381469728,166.35324093999716,167.21668785869485,163.79132123629455,165.34744262695312,8397600.0,0.0,-0.00870358945535743,0.1324325975753118,0.0,166.104638671875,163.9787284851074,-0.016593866007752367,0.05378973105134466,-0.6800000000000006,0.0,-0.6800000000000006,0.13783201968635717,13.593000173568726,-0.08866467658349272,0.7435897061566192,0.5,0.5974358824626477
2024-02-14,4.94,4.25,4.27,14.380000114440918,166.11603914000582,167.09335855725456,165.4992747499821,167.0269317626953,7056700.0,0.0,0.010157333606491514,0.1326581908501886,0.0,166.2185028076172,164.4028663635254,-0.15967657425931214,0.044009779951100114,-0.6700000000000008,0.019999999999999574,-0.6900000000000004,-0.09274449411038443,13.57250018119812,0.1645457533959531,0.7998468938428696,0.5,0.6199387575371478
2024-02-15,4.93,4.22,4.24,14.010000228881836,167.14080565948487,170.9931691950975,167.14080565948487,170.67054748535156,8723400.0,0.0,0.021814540231349877,0.14901801149946425,0.0,167.18064575195314,164.99352951049804,0.236186886221605,0.02168674698795181,-0.6899999999999995,0.020000000000000462,-0.71,-0.02573017264356725,13.566500186920166,0.3371742466939424,0.8140068593018286,0.5,0.6256027437207314
2024-02-16,4.98,4.29,4.3,14.239999771118164,170.42382695213206,170.77489862748652,169.04799026069725,169.8734893798828,8152600.0,0.0,-0.004670156141247328,0.14261490987781833,0.0,167.94352111816406,165.40723037719727,-0.0654332026503428,0.031175059952038398,-0.6800000000000006,0.009999999999999787,-0.6900000000000004,0.016416812168366768,13.613500165939332,0.37469472021805694,0.8052047334073255,0.5,0.6220818933629302
2024-02-20,4.97,4.25,4.27,15.420000076293944,170.02529871425853,171.23034839812226,169.28519310769673,170.5376739501953,9668000.0,0.0,0.0039098777139214835,0.14200022847129654,0.0,168.69121704101562,165.86362915039064,0.18587935137256828,0.023980815347721673,-0.7000000000000002,0.019999999999999574,-0.7199999999999998,0.082865191302115,13.725000190734864,0.4829082633547003,0.7600458989995726,0.5,0.6040183595998291
2024-02-21,4.98,4.3,4.32,15.34000015258789,170.7464331647667,171.73325035019496,169.38957763277347,171.64784240722656,7024000.0,0.0,0.00650981352868385,0.13808584388454898,0.0,169.9512969970703,166.42867279052734,-0.2734795200661978,0.0023201856148493682,-0.6600000000000001,0.020000000000000462,-0.6800000000000006,-0.005188062471480848,13.864500188827515,0.5053582888700602,0.7631075111800342,0.5,0.6052430044720136
2024-02-22,5.02,4.33,4.33,14.539999961853027,172.52081000181218,174.0389691999663,171.970472406029,173.70687866210938,9296500.0,0.0,0.011995701349964305,0.14011154828591776,0.0,171.28728637695312,167.02502899169923,0.32353359908883816,0.014051522248243575,-0.6899999999999995,0.0,-0.6899999999999995,-0.05215125050698921,13.934500169754028,0.48032108156645253,0.7937236694819464,0.5,0.6174894677927786
2024-02-23,5.0,4.28,4.26,13.75,174.40901731437765,175.72792504973566,173.82073190790015,174.57981872558594,7105800.0,0.0,0.005025362669572653,0.13445940495568176,0.0,172.069140625,167.5492706298828,-0.23564782445006183,0.004716981132075304,-0.7400000000000002,-0.020000000000000462,-0.7199999999999998,-0.054332872347019445,13.949500179290771,0.36854690534641976,0.8239571171369768,0.5,0.6295828468547908
2024-02-26,5.03,4.29,4.28,13.739999771118164,174.35206266605564,175.0257559181345,173.14701306334396,173.9820098876953,7145400.0,0.0,-0.0034242723028042876,0.1341974608880619,0.0,172.8908447265625,168.07493438720704,0.005572912268850816,-0.0046511627906975495,-0.75,-0.009999999999999787,-0.7400000000000002,-0.0007272893732244157,13.973500156402588,0.27446899766110083,0.8243398277838585,0.5,0.6297359311135434
2024-02-27,5.03,4.32,4.31,13.43000030517578,173.9345742347972,174.15280678882112,172.91930710908773,174.06741333007812,5717100.0,0.0,0.0004908751338021933,0.13452213197618854,0.0,173.59679260253907,168.5835205078125,-0.19989083886136538,0.00936768149882905,-0.7200000000000006,-0.010000000000000675,-0.71,-0.022561824680231157,13.96500015258789,0.17939540863075296,0.8362035658588234,0.5,0.6344814263435294
2024-02-28,5.0,4.26,4.27,13.84000015258789,174.04843594056865,175.72791305734785,173.60248748692752,174.94985961914062,6131600.0,0.0,0.005069566279985782,0.11813531759269315,0.0,174.25719604492187,168.96828002929686,0.07250179286701308,-0.011574074074074292,-0.7300000000000004,0.009999999999999787,-0.7400000000000002,0.030528655107632474,13.99150013923645,0.1373955439017829,0.8205127943096335,0.5,0.6282051177238535
2024-02-29,5.01,4.26,4.25,13.399999618530272,176.1644091332413,176.89501700223315,174.44698403277337,176.5439453125,9643000.0,0.0,0.009111671748863515,0.10968451184045121,0.0,174.824609375,169.52336044311522,0.5726727118533499,-0.018475750577367167,-0.7599999999999998,-0.009999999999999787,-0.75,-0.03179194575191857,13.944000101089477,0.08492947312930405,0.8373516977994685,0.5,0.6349406791197874
2024-03-01,4.94,4.17,4.19,13.109999656677246,176.20234267897524,176.90450047991027,175.63303845622815,175.8133087158203,6311800.0,0.0,-0.004138553692036195,0.11013701293606414,0.0,175.07130737304686,170.07179794311523,-0.34545265996059316,-0.016431924882629012,-0.75,0.020000000000000462,-0.7700000000000005,-0.021641788814083074,13.905500078201294,0.004041679665361376,0.8484500510779658,0.5,0.6393800204311864
2024-03-04,4.98,4.21,4.22,13.489999771118164,175.26298666271404,177.99567880021087,174.84548820991387,177.13221740722656,7063600.0,0.0,0.007501756841048257,0.11083620968833588,0.0,175.70134887695312,170.63873901367188,0.11911023796698239,-0.014018691588785215,-0.7600000000000007,0.009999999999999787,-0.7700000000000005,0.02898551673472971,13.887500047683716,-0.03894948173997984,0.8339073749721251,0.5,0.63356294998885
2024-03-05,4.94,4.13,4.13,14.460000038146973,176.82862140879405,179.61825747313026,176.82862140879405,178.9066162109375,6617800.0,0.0,0.01001736911378237,0.11182323820245808,0.0,176.669189453125,171.30531158447266,-0.06311229401438356,-0.0417633410672853,-0.8100000000000005,0.0,-0.8100000000000005,0.07190513591449865,13.927000045776367,0.005539878956681682,0.7967852816624079,0.5,0.6187141126649631
2024-03-06,4.95,4.12,4.11,14.5,179.570778102442,180.3488460192698,178.0336378978686,179.83645629882812,7572900.0,0.0,0.005197348804553581,0.11190062021811614,0.0,177.6465087890625,171.98991012573242,0.14432288675995042,-0.03747072599531598,-0.8399999999999999,-0.009999999999999787,-0.8300000000000001,0.0027662490835065334,13.999000024795532,-0.00219289391328311,0.7952544755721771,0.5,0.6181017902288708
2024-03-07,4.93,4.07,4.09,14.4399995803833,180.19705535193344,180.75687632347888,177.08481213046088,178.26138305664062,7618300.0,0.0,-0.008758364541893826,0.12059689802648538,0.0,177.98999633789063,172.58009872436523,0.005995061337136454,-0.03764705882352948,-0.8399999999999999,0.019999999999999574,-0.8599999999999994,-0.004137959973565475,14.079500007629395,-0.06682364137700048,0.7975507029561715,0.5,0.6190202811824685
2024-03-08,4.92,4.06,4.09,14.739999771118164,178.80220930717653,180.7189001480093,178.3088007338345,178.5934600830078,6172200.0,0.0,0.0018628657574235596,0.11789180811185446,0.0,178.54602661132813,173.21678009033204,-0.18981925101400576,-0.023866348448687513,-0.8300000000000001,0.03000000000000025,-0.8600000000000003,0.020775637081209553,14.17699999809265,-0.16162717260762963,0.7860696390307923,0.5,0.6144278556123169
2024-03-11,4.95,4.08,4.1,15.220000267028809,177.70155853816826,178.80223378384542,176.69577458133077,178.65989685058594,5762600.0,0.0,0.00037200000239234754,0.11816435145934194,0.0,178.8515625,173.84681930541993,-0.06636207511098147,-0.028436018957346043,-0.8500000000000005,0.019999999999999574,-0.8700000000000001,0.032564484624427736,14.291499996185303,-0.24962192009005008,0.7676999294507265,0.5,0.6070799717802906
2024-03-12,5.0,4.15,4.16,13.84000015258789,179.28611974419184,180.43424047505957,178.2993170776544,180.13059997558594,5708400.0,0.0,0.008231859252834761,0.11924418294552197,0.0,179.0963592529297,174.51338958740234,-0.00940547669454761,0.007263922518159882,-0.8399999999999999,0.009999999999999787,-0.8499999999999996,-0.09067017675620026,14.286999988555909,-0.3437578964078621,0.8205127943096335,0.5,0.6282051177238535
2024-03-13,5.01,4.19,4.19,13.75,180.62402184480607,181.92394844272968,180.1306132360268,181.59185791015625,7795500.0,0.0,0.008112213775829158,0.11031610246902994,0.0,179.44743957519532,175.3256103515625,0.36561908766029005,0.019464720194647178,-0.8199999999999994,0.0,-0.8199999999999994,-0.00650290112685159,14.181999969482423,-0.1725788192319336,0.8239571171369768,0.5,0.6295828468547908
2024-03-14,5.04,4.29,4.29,14.399999618530272,181.25974046676785,181.82905916695464,177.53074786350967,178.3562469482422,10310900.0,0.0,-0.01781803985680297,0.1341465703848168,0.0,179.46641235351564,175.89207611083984,0.32267333718170743,0.0488997555012225,-0.75,0.0,-0.75,0.04727269952947433,14.18299994468689,-0.1432884283259993,0.7990815090464023,0.5,0.6196326036185609
2024-03-15,5.05,4.33,4.31,14.40999984741211,176.9424601771041,181.1743594608808,176.9424601771041,180.5670928955078,17214200.0,0.0,0.012395674304064075,0.12038463035207779,0.0,179.86113891601562,176.38690338134765,0.6695147853242684,0.05378973105134466,-0.7400000000000002,-0.020000000000000462,-0.7199999999999998,0.0006944603574134955,14.202999925613403,-0.14745645914076147,0.7986987983995205,0.5,0.6194795193598082
2024-03-18,5.06,4.36,4.34,14.329999923706056,180.88022211160907,182.84434431154483,180.17806424275935,182.806396484375,9013800.0,0.0,0.01240150435474452,0.12148768100427415,0.0,180.69043884277343,177.03354873657227,-0.476374156219865,0.05853658536585371,-0.7199999999999998,-0.020000000000000462,-0.6999999999999993,-0.005551694972461774,14.207499933242797,-0.1267518077245379,0.801760410579982,0.5,0.6207041642319928
2024-03-19,5.06,4.31,4.3,13.81999969482422,182.8538504319401,184.0114401929125,182.54072654965236,183.87860107421875,8478700.0,0.0,0.005865246569396687,0.12172981003626379,0.0,181.4400390625,177.70059509277343,-0.05936452994297636,0.033653846153846034,-0.7599999999999998,-0.009999999999999787,-0.75,-0.03558968817844477,14.127499914169311,0.026735074394530874,0.8212782156033969,0.5,0.6285112862413588
2024-03-20,5.01,4.25,4.27,13.039999961853027,184.25810197361545,186.50688304622224,183.70776449389064,186.2886505126953,9367000.0,0.0,0.013106742298435226,0.12585904517909063,0.0,182.3793975830078,178.43263549804686,0.10476841968698025,0.01909307875894961,-0.7400000000000002,0.019999999999999574,-0.7599999999999998,-0.05643992403728593,14.012499904632568,0.017947424978472938,0.8511289526115458,0.5,0.6404515810446183
2024-03-21,5.01,4.26,4.27,12.920000076293944,186.4689435734579,189.2300999523568,186.28865885050277,188.8790283203125,11203800.0,0.0,0.013905183168636759,0.12761192406562907,0.0,184.48395385742188,179.19124298095704,0.19609266574143258,-0.004662004662004726,-0.7400000000000002,0.009999999999999787,-0.75,-0.009202445238506884,13.931499910354614,-0.1499391491548172,0.8557213708822382,0.5,0.6422885483528953
2024-03-22,4.98,4.2,4.22,13.0600004196167,188.8316208127196,190.22643876540545,186.48794789784623,186.56385803222656,8108800.0,0.0,-0.012257423752518148,0.14029281282432124,0.0,185.6833068847656,179.79044494628906,-0.2762455595422981,-0.02088167053364265,-0.7600000000000007,0.019999999999999574,-0.7800000000000002,0.010835939821674856,13.896999931335449,-0.27167104207422554,0.8503635313177822,0.5,0.6401454125271129
2024-03-25,5.0,4.23,4.25,13.1899995803833,186.5449025482049,186.86750977989115,184.41946209318417,184.8559417724609,8620000.0,0.0,-0.00915459338041047,0.14535266267478408,0.0,186.0932159423828,180.33414154052736,0.0630426203630623,-0.020737327188940058,-0.75,0.019999999999999574,-0.7699999999999996,0.009953993613303291,13.869499921798706,-0.35146492266728696,0.8453884388975041,0.5,0.6381553755590017
2024-03-26,5.0,4.22,4.24,13.239999771118164,184.6376663748181,186.60180291274617,184.13477445009167,185.7193603515625,5961500.0,0.0,0.0046707645468295755,0.145123858609734,0.0,186.46136779785155,180.91673889160157,-0.3084106728538283,-0.013953488372092981,-0.7599999999999998,0.020000000000000462,-0.7800000000000002,0.003790765149775055,13.859999895095825,-0.4763450409154559,0.8434749221603917,0.5,0.6373899688641567
2024-03-27,4.99,4.18,4.2,12.779999732971191,186.44996054908697,189.39141609973535,186.3361026108392,189.3155059814453,8725800.0,0.0,0.01936333198151985,0.15592305413289131,0.0,187.06673889160157,181.6350212097168,0.4636920238195086,-0.016393442622950727,-0.79,0.020000000000000462,-0.8100000000000005,-0.0347432058987206,13.80699987411499,-0.5814648822664312,0.861079210446694,0.5,0.6444316841786777
2024-03-28,5.03,4.21,4.2,13.010000228881836,189.28707861308453,190.4541661440958,188.38565483061905,190.0556488037109,8628300.0,0.0,0.003909573166912983,0.15474988368258252,0.0,187.30206298828125,182.31060638427735,-0.011173760572096514,-0.016393442622950727,-0.8300000000000001,-0.009999999999999787,-0.8200000000000003,0.017996909289228258,13.787499904632568,-0.6803055351453887,0.8522770480548948,0.5,0.6409108192219579
2024-04-01,5.06,4.34,4.33,13.649999618530272,189.7615289818415,190.6629383946868,188.4141565317733,188.7652282714844,7309000.0,0.0,-0.006789698387545728,0.15681230478405617,0.0,187.74233703613282,182.95820236206055,-0.15290381651078433,0.026066350710900466,-0.7299999999999995,-0.009999999999999787,-0.7199999999999998,0.04919288073705452,13.81449990272522,-0.801877393022583,0.827784150611202,0.5,0.6311136602444809
2024-04-02,5.05,4.35,4.36,14.609999656677246,188.2433223187396,189.5622300456081,187.9491796173942,188.6892852783203,7014700.0,0.0,-0.0004023145250823257,0.1567183105836326,0.0,188.50900573730468,183.53605575561522,-0.04026542618689288,0.025882352941176467,-0.6899999999999995,0.010000000000000675,-0.7000000000000002,0.07032967508978882,13.870499897003175,-0.7576625515484792,0.7910447679483665,0.5,0.6164179071793466
2024-04-03,5.03,4.34,4.36,14.329999923706056,188.8600718225351,189.353480421599,187.5886097387711,188.15792846679688,9353400.0,0.0,-0.00281604125395718,0.1559453426730521,0.0,188.99671936035156,183.9986213684082,0.33339986029338387,0.028301886792452935,-0.6699999999999999,0.020000000000000462,-0.6900000000000004,-0.019164937683158745,13.863999891281129,-0.683253122877957,0.801760410579982,0.5,0.6207041642319928
2024-04-04,5.0,4.3,4.31,16.350000381469727,190.06669747224808,190.5725228336972,186.63090338860292,186.7263336181641,9243800.0,0.0,-0.007608474754681405,0.1596642990014837,0.0,188.4788848876953,184.343115234375,-0.011717664164902608,0.026190476190476097,-0.6900000000000004,0.009999999999999787,-0.7000000000000002,0.14096304734949738,13.956499910354614,-0.43340351160833984,0.7244546117800862,0.5,0.5897818447120344
2024-04-05,5.05,4.38,4.39,16.030000686645508,187.21308807266684,189.08368373972883,186.21097596961084,188.4442443847656,6532300.0,0.0,0.009200152615401525,0.15641237906030128,0.0,188.15660400390624,184.85225830078124,-0.2933317466842641,0.04523809523809508,-0.6600000000000001,0.009999999999999787,-0.6699999999999999,-0.019571846321599473,14.035999965667724,-0.26451360614767117,0.7367010605019326,0.5,0.594680424200773
2024-04-08,5.07,4.43,4.42,15.1899995803833,188.6065008303441,189.90447149415996,188.6065008303441,189.42727661132807,8001000.0,0.0,0.005216568061136018,0.15659096725244812,0.0,188.289013671875,185.39394912719726,0.22483658129602135,0.020785219399538146,-0.6500000000000004,-0.009999999999999787,-0.6400000000000006,-0.05240181349224815,14.058499956130982,-0.14450450401049322,0.7688480613913717,0.5,0.6075392245565487
2024-04-09,5.03,4.37,4.36,14.979999542236328,189.03596449913155,189.80901778367087,186.02008971749524,188.1579132080078,7351500.0,0.0,-0.0067010592456796525,0.1601351261732407,0.0,188.1827392578125,185.86884994506835,-0.08117735283089611,0.0,-0.6699999999999999,-0.009999999999999787,-0.6600000000000001,-0.013824887685854326,14.046499919891357,-0.005610891585243033,0.7768848024894075,0.5,0.6107539209957631
2024-04-10,5.19,4.61,4.55,15.800000190734863,186.63090309212447,188.0815794697576,185.32337934002092,186.55455017089844,7681400.0,0.0,-0.008521369150904956,0.1633871822354457,0.0,187.8620635986328,186.19004745483397,0.04487519553832553,0.04357798165137594,-0.6400000000000006,-0.0600000000000005,-0.5800000000000001,0.05473969783420429,14.144499921798706,-0.014736640175724559,0.7455032228937318,0.5,0.5982012891574927
2024-04-11,5.17,4.61,4.56,14.90999984741211,187.0603818015725,187.6043909224809,184.42627146372055,186.5163726806641,10137700.0,0.0,-0.00020464518393881193,0.16178752073098715,0.0,187.8200714111328,186.43627319335937,0.31977243731611416,0.058004640371229765,-0.6100000000000003,-0.05000000000000071,-0.5599999999999996,-0.05632913497334324,14.202499914169312,-0.04429078811579101,0.7795637040229874,0.5,0.611825481609195
2024-04-12,5.13,4.54,4.5,17.309999465942383,179.730669116781,180.31283283345405,174.21428344257563,174.452880859375,12452150.0,0.0,-0.06467792423747742,0.2787767151740467,0.0,185.02179870605468,186.24110488891603,0.22830129121990206,0.02505694760820054,-0.6299999999999999,-0.040000000000000036,-0.5899999999999999,0.16096577083110009,14.347999906539917,-0.41685477879726196,0.6877152656145469,0.5,0.5750861062458188
2024-04-15,5.16,4.65,4.63,19.229999542236328,176.0848925222756,178.90989232756837,173.88979338856458,174.54832458496094,14766600.0,0.0,0.0005471031783239599,0.2743889024709259,0.0,182.04600830078124,185.94016647338867,0.1858675007930357,0.04751131221719462,-0.5300000000000002,-0.020000000000000462,-0.5099999999999998,0.11091855202373435,14.588999891281128,-0.6634339630612776,0.6142365002888761,0.5,0.5456946001155505
2024-04-16,5.18,4.69,4.67,18.399999618530277,174.55785940954902,174.8060100362722,171.45609307815093,172.55364990234375,16451800.0,0.0,-0.01142763579862538,0.2713426408646101,0.0,178.92515563964844,185.42752914428712,0.11412241138786183,0.07110091743119251,-0.5099999999999998,-0.020000000000000462,-0.4899999999999993,-0.043161723529065,14.792499876022339,-0.7546317320248406,0.6460007540341373,0.5,0.558400301613655
2024-04-17,5.16,4.62,4.59,18.209999084472656,173.09765717367875,174.0997692825039,171.02663324895016,171.8665008544922,9017100.0,0.0,-0.0039822342108697395,0.2694460126848264,0.0,175.9875457763672,184.8269241333008,-0.45190799790904335,0.00879120879120876,-0.5700000000000003,-0.03000000000000025,-0.54,-0.010326116195473967,15.01199984550476,-0.8049463418772037,0.6532721103357058,0.5,0.5613088441342823
2024-04-18,5.18,4.68,4.64,18.0,172.83997115716338,174.99688652001322,171.7615061943233,172.98312377929688,9557700.0,0.0,0.00649703647454869,0.26511709704057757,0.0,173.28089599609376,184.16164779663086,0.05995275642945064,0.01754385964912286,-0.54,-0.040000000000000036,-0.5,-0.011532075509642303,15.259999847412109,-0.8340985414961987,0.6613088149364454,0.5,0.5645235259745782
2024-04-19,5.17,4.66,4.62,18.709999084472656,174.08067361637623,177.40196022253804,173.1358371435667,177.3256072998047,13402300.0,0.0,0.025103509669811785,0.2775890597221966,0.0,173.85544128417968,183.58397674560547,0.4022515877250803,0.026666666666666616,-0.5499999999999998,-0.040000000000000036,-0.5099999999999998,0.039444393581814285,15.549499797821046,-0.8363380224376495,0.6341370159591726,0.5,0.553654806383669
2024-04-22,5.16,4.66,4.62,16.940000534057617,177.5069543871332,181.45812735942548,177.49740116944542,180.77096557617188,11529700.0,0.0,0.019429558589031837,0.28622921772163956,0.0,175.09996948242187,183.29433212280273,-0.13972228647321727,-0.002159827213822796,-0.54,-0.040000000000000036,-0.5,-0.09460174436266822,15.743499803543092,-0.8453107883272073,0.7018751945762097,0.5,0.5807500778304839
2024-04-23,5.14,4.63,4.61,15.6899995803833,182.41249080398305,183.4623106371964,181.83031255941904,183.3764190673828,9144400.0,0.0,0.014413008653832104,0.28998038247835384,0.0,177.2645233154297,183.22035598754883,-0.20688309322879173,-0.012847965738757905,-0.5299999999999994,-0.019999999999999574,-0.5099999999999998,-0.07378990048797274,15.868499803543092,-0.8676944920956032,0.7497129670148386,0.5,0.5998851868059354
2024-04-24,5.17,4.64,4.65,15.970000267028809,181.8398629947669,184.41671219594372,181.4962821304213,184.2735595703125,6964900.0,0.0,0.004892343887465955,0.29003120370758256,0.0,179.74593505859374,183.14806594848633,-0.23834259218756837,0.013071895424836777,-0.5199999999999996,0.010000000000000675,-0.5300000000000002,0.017845805872141796,16.004999828338622,-0.8870460803373528,0.7389972878859269,0.5,0.5955989151543708
2024-04-25,5.21,4.7,4.7,15.369999885559082,183.4814117295957,185.0943325814848,182.46020780549335,184.55032348632807,9802300.0,0.0,0.001501918759592602,0.280812344802869,0.0,182.059375,182.90980682373046,0.4073856049620239,0.012931034482758674,-0.5099999999999998,0.0,-0.5099999999999998,-0.03757046784203688,16.13449983596802,-0.8941275840900543,0.7619594157366851,0.5,0.604783766294674
2024-04-26,5.21,4.68,4.67,15.029999732971191,184.74122414056745,185.9819191199223,184.25447606565837,184.6648712158203,6413700.0,0.0,0.000620685606659066,0.2802730527575675,0.0,183.52722778320313,182.64026794433593,-0.3456943778500964,0.010822510822510845,-0.54,-0.009999999999999787,-0.5300000000000002,-0.022121025056567434,16.235499811172485,-0.89303595192769,0.774971285752295,0.5,0.609988514300918
2024-04-29,5.2,4.65,4.63,14.670000076293944,184.6553067815528,185.3997295490782,183.65319472901305,184.4644317626953,5387800.0,0.0,-0.0010854227542321793,0.27951763758642406,0.0,184.26592102050782,182.42522811889648,-0.1599544724573959,0.0021645021645020357,-0.5700000000000003,-0.020000000000000462,-0.5499999999999998,-0.023952073391426576,16.28649983406067,-0.883713644818823,0.7887485405643723,0.5,0.615499416225749
2024-04-30,5.25,4.72,4.69,15.649999618530272,184.0158793679396,186.0964565277787,182.8992451443853,182.99468994140625,8153700.0,0.0,-0.007967616343403372,0.2805909116291427,0.0,184.1895751953125,182.14049835205077,0.5133635250009281,0.017353579175704903,-0.5599999999999996,-0.02999999999999936,-0.5300000000000002,0.06680296776684846,16.33849983215332,-0.8741168466607988,0.7512437731050695,0.5,0.6004975092420278
2024-05-01,5.21,4.64,4.63,15.390000343322754,183.50049513128624,185.5906107156563,182.0879880175604,183.10919189453125,7445300.0,0.0,0.0006257118890262703,0.2806230109405326,0.0,183.95670166015626,181.8880615234375,-0.08688080258042363,-0.004301075268817289,-0.5800000000000001,-0.009999999999999787,-0.5700000000000003,-0.016613372622684808,16.391499853134157,-0.8623121494845093,0.7611939944429216,0.5,0.6044775977771686
2024-05-02,5.16,4.57,4.58,14.68000030517578,184.2640433155668,184.6744239341498,180.87595665640484,182.91835021972656,6501700.0,0.0,-0.0010422288080141895,0.2796022798499568,0.0,183.63030700683595,181.69766235351562,-0.12673767343156084,-0.025531914893617058,-0.5800000000000001,0.009999999999999787,-0.5899999999999999,-0.0461338546009209,16.307999849319458,-0.8601622162536977,0.7883658299174906,0.5,0.6153463319669963
2024-05-03,5.12,4.48,4.5,13.489999771118164,183.2428007323514,183.74862604851333,179.86426800149363,181.8207550048828,8922800.0,0.0,-0.0060004653088402415,0.27753386836301414,0.0,183.06148376464844,181.3664878845215,0.3723795315071443,-0.03640256959314769,-0.6200000000000001,0.019999999999999574,-0.6399999999999997,-0.08106270499449875,16.18099980354309,-0.8198370358967871,0.8339073749721251,0.5,0.63356294998885
2024-05-06,5.12,4.48,4.49,13.489999771118164,182.98513906415369,183.43370340279216,181.1622657455252,183.24282836914065,7911100.0,0.0,0.007821292812361547,0.27853931977425256,0.0,182.8171630859375,181.0572654724121,-0.11338369121800329,-0.030237580993520474,-0.6299999999999999,0.009999999999999787,-0.6399999999999997,0.0,16.095999813079835,-0.8059046664786447,0.8339073749721251,0.5,0.63356294998885
2024-05-07,5.13,4.48,4.47,13.229999542236328,182.95650428655827,184.1303995509317,182.90878188854623,183.0042266845703,7688800.0,0.0,-0.0013021065364133833,0.27786272591950717,0.0,182.8190704345703,180.79958114624023,-0.028099758567076694,-0.046908315565032166,-0.6600000000000001,-0.010000000000000675,-0.6499999999999995,-0.01927355324634561,16.008499813079833,-0.7881653758635107,0.8438576328072734,0.5,0.6375430531229094
2024-05-08,5.13,4.5,4.48,13.0,182.2884274657276,187.6807232907595,182.2884274657276,186.7263336181641,9227600.0,0.0,0.02033891239030927,0.2865773550184219,0.0,183.54249877929686,180.80817031860352,0.20013526167932572,-0.03239740820734327,-0.6499999999999995,-0.019999999999999574,-0.6299999999999999,-0.017384697671535276,15.868499803543092,-0.829457652530087,0.8526597587017766,0.5,0.6410639034807106
2024-05-09,5.12,4.47,4.45,12.6899995803833,186.26821387498816,188.57783492709265,186.20141417659536,188.491943359375,7977300.0,0.0,0.009455601183823381,0.2884396553441291,0.0,184.65721740722657,180.90694885253907,-0.13549568685248603,-0.028384279475982543,-0.6699999999999999,-0.019999999999999574,-0.6500000000000004,-0.023846186124361513,15.75749979019165,-0.8555468505227948,0.8645235332740373,0.5,0.6458094133096149
2024-05-10,5.17,4.52,4.5,12.550000190734863,189.48452041598773,190.24803507157247,189.22684568795717,189.70404052734372,7529800.0,0.0,0.006430498547398189,0.15366183765218225,0.0,186.23387451171874,181.6695068359375,-0.05609667431336418,0.0,-0.6699999999999999,-0.019999999999999574,-0.6500000000000004,-0.011032261172400193,15.519499826431275,-0.8713344174869996,0.8698813363411971,0.5,0.6479525345364789
2024-05-13,5.16,4.5,4.48,13.600000381469728,189.73267730698475,190.73478941529615,189.00733180699527,189.66586303710935,7049200.0,0.0,-0.00020124763883910823,0.15392333587821933,0.0,187.5184814453125,182.4253837585449,-0.06382639645143295,-0.00222717149220486,-0.6799999999999997,-0.019999999999999574,-0.6600000000000001,0.0836653525718698,15.237999868392944,-0.8565904122458362,0.8296976308510182,0.5,0.6318790523404073
2024-05-14,5.16,4.46,4.45,13.420000076293944,189.92356346762145,192.3858908118772,189.1218795591192,192.31907653808597,8596200.0,0.0,0.013988882651262857,0.14591657804971228,0.0,189.38145141601564,183.41365509033204,0.21945752709527322,-0.004474272930648726,-0.71,-0.009999999999999787,-0.7000000000000002,-0.013235316185802426,14.988999891281129,-0.8231213477983852,0.836586276505705,0.5,0.634634510602282
2024-05-15,5.1,4.35,4.36,12.449999809265137,192.7962483249185,193.44524086083933,190.6584248250157,192.8916931152344,8370000.0,0.0,0.0029774299432798745,0.14197064969264464,0.0,190.6145233154297,184.46491470336915,-0.026313952676764174,-0.0267857142857143,-0.7399999999999993,0.010000000000000675,-0.75,-0.07228019832446086,14.700999927520751,-0.8048765969481841,0.8737083698154222,0.5,0.6494833479261689
2024-05-16,5.13,4.4,4.38,12.420000076293944,192.99669309394332,195.1536086492636,192.77718753280783,193.23529052734372,8497900.0,0.0,0.0017812970924779847,0.1426596788160024,0.0,191.56319274902344,185.47752304077147,0.015280764635603239,-0.01573033707865179,-0.75,-0.020000000000000462,-0.7299999999999995,-0.0024096171430354474,14.42199993133545,-0.7737519163047498,0.8748564652587714,0.5,0.6499425861035086
2024-05-17,5.14,4.44,4.42,11.989999771118164,194.5141194922966,195.697567701696,193.5597300029568,195.4494171142578,9260500.0,0.0,0.011458189551565301,0.12503756621361065,0.0,192.71226806640624,186.38371353149415,0.08973981807270026,-0.01777777777777778,-0.7199999999999998,-0.020000000000000462,-0.6999999999999993,-0.034621602458483114,14.085999965667725,-0.7463105372249978,0.8913126581017244,0.5,0.6565250632406898
2024-05-20,5.15,4.46,4.44,12.149999618530272,195.06768523154884,196.4897309451442,186.48771768417757,186.65951538085935,17373300.0,0.0,-0.04497277026034807,0.20756897676520625,0.0,192.11099853515626,186.67814102172852,0.8760650072890233,-0.008928571428571397,-0.71,-0.019999999999999574,-0.6900000000000004,0.01334444123990064,13.846499919891357,-0.6847225193449825,0.8851894337408013,0.5,0.6540757734963205
2024-05-21,5.14,4.43,4.41,11.859999656677246,188.01474921922215,190.78247320493176,187.63299920837585,190.41981506347656,14420800.0,0.0,0.02014523435863813,0.21315251214433076,0.0,191.73114624023438,187.0303108215332,-0.16994468523538997,-0.008988764044943864,-0.7299999999999995,-0.019999999999999574,-0.71,-0.023868310366918832,13.654999923706054,-0.685959861149573,0.8962877870192986,0.5,0.6585151148077195
2024-05-22,5.16,4.47,4.43,12.289999961853027,189.92356116796256,191.77507962196464,188.6733129194728,189.26502990722656,9425300.0,0.0,-0.006064416961360064,0.21470499514276895,0.0,191.0058135986328,187.2798843383789,-0.34640935315655164,0.016055045871559592,-0.7300000000000004,-0.040000000000000036,-0.6900000000000004,0.03625635055846632,13.470999908447265,-0.6942071485863728,0.8798315941763454,0.5,0.6519326376705381
2024-05-23,5.2,4.52,4.47,12.770000457763672,188.78782176676148,189.25547795628643,187.12719303061385,187.93841552734372,8069400.0,0.0,-0.007009294746806227,0.2167803688286757,0.0,189.9464385986328,187.44928894042968,-0.14385748994726955,0.020547945205479312,-0.7300000000000004,-0.04999999999999982,-0.6800000000000006,0.03905618367782915,13.340999937057495,-0.6911612650934557,0.8614618845962796,0.5,0.6445847538385119
2024-05-24,5.21,4.53,4.46,11.93000030517578,188.73054238375408,191.6032498216669,188.5492060306778,191.5555419921875,7356200.0,0.0,0.019246339045130068,0.22622443352105356,0.0,189.16766357421872,187.79382247924804,-0.08838327508860633,0.009049773755656076,-0.75,-0.07000000000000028,-0.6799999999999997,-0.0657791795204834,13.185999965667724,-0.702826565511603,0.8936088489884226,0.5,0.657443539595369
2024-05-28,5.21,4.56,4.54,12.920000076293944,190.7442918725669,191.26920902614896,189.5990273501878,190.4007110595703,6910200.0,0.0,-0.006028700191113678,0.22777389478435286,0.0,189.91590270996093,188.09063644409179,-0.06062912916995189,0.022522522522522515,-0.6699999999999999,-0.019999999999999574,-0.6500000000000004,0.08298405245544349,13.098499965667724,-0.6885919840227477,0.8557213708822382,0.5,0.6422885483528953
2024-05-29,5.22,4.63,4.61,14.279999732971191,188.9691437571096,189.91399471851383,187.90977070201868,189.0741271972656,6120000.0,0.0,-0.006967326198113133,0.22723876788845815,0.0,189.64676513671876,188.39460830688478,-0.11435269601458709,0.04535147392290262,-0.6099999999999994,-0.019999999999999574,-0.5899999999999999,0.10526313070017879,13.02999997138977,-0.6159642063539172,0.8036739273170946,0.5,0.6214695709268379
2024-05-30,5.19,4.57,4.55,14.470000267028809,189.5036107487647,190.7347815795727,189.35090490632123,190.23849487304688,6829100.0,0.0,0.006158260218049216,0.2277289524478211,0.0,189.84145812988282,188.75107345581054,0.11586601307189537,0.02708803611738153,-0.6400000000000006,-0.020000000000000462,-0.6200000000000001,0.01330535977664793,12.983999967575073,-0.46834375292832625,0.7964025710155263,0.5,0.6185610284062105
2024-05-31,5.18,4.52,4.51,12.920000076293944,190.20986585230213,194.0274245665969,189.3031985702233,193.3879852294922,14417900.0,0.0,0.01655548399153961,0.23310370463386076,0.0,190.9313720703125,189.27455520629883,1.1112445270972748,0.008948545861297452,-0.6699999999999999,-0.009999999999999787,-0.6600000000000001,-0.10711818674023654,12.895999956130982,-0.34423711430723747,0.8557213708822382,0.5,0.6422885483528953
2024-06-03,5.14,4.42,4.41,13.109999656677246,193.082586110738,193.1875695647281,190.1048947798636,192.6149444580078,6444300.0,0.0,-0.0039973567673659005,0.23219704726901036,0.0,191.14325256347655,189.81426467895508,-0.5530347692798535,-0.011210762331838486,-0.7299999999999995,-0.009999999999999787,-0.7199999999999998,0.014705849788029024,12.876999950408935,-0.2715397638716935,0.8484500510779658,0.5,0.6393800204311864
2024-06-04,5.11,4.35,4.33,13.15999984741211,191.0306378288864,192.7676194373073,189.2363806080914,190.0762481689453,6848300.0,0.0,-0.013180162609947255,0.23828924378556784,0.0,191.07835998535157,190.15593566894532,0.06269106031686911,-0.04625550660792954,-0.7800000000000002,-0.019999999999999574,-0.7600000000000007,0.003813897181103032,12.860499954223632,-0.20482061234355414,0.8465365343408533,0.5,0.6386146137363413
2024-06-05,5.08,4.31,4.29,12.630000114440918,190.6488677581653,190.7061433688964,187.9384046967656,188.2628936767578,8351600.0,0.0,-0.009540142493636217,0.2415481017498569,0.0,190.91611328125,190.4188690185547,0.21951433202400605,-0.06941431670282006,-0.79,-0.019999999999999574,-0.7700000000000005,-0.04027353640702469,12.830499982833862,-0.1474741899523017,0.8668197241607355,0.5,0.6467278896642943
2024-06-06,5.08,4.29,4.28,12.579999923706056,188.26290644052492,188.98825193066077,186.42094131495605,187.9288787841797,7640300.0,0.0,-0.0017741939797845108,0.23124249942606095,0.0,190.45419006347657,190.47899627685547,-0.08516930887494611,-0.05934065934065924,-0.7999999999999998,-0.009999999999999787,-0.79,-0.0039588432527163375,12.809499979019165,-0.1112222729939375,0.868733240897848,0.5,0.6474932963591392
2024-06-07,5.17,4.46,4.43,12.220000267028809,188.42516442606453,191.7559899505188,188.0243224720656,190.83023071289065,6964500.0,0.0,0.01543856350062578,0.23528203479726809,0.0,189.94263916015626,190.59591064453124,-0.08845202413517794,-0.0177383592017738,-0.7400000000000002,-0.03000000000000025,-0.71,-0.028616825028659587,12.78600001335144,-0.12459086393638213,0.8825104957099252,0.5,0.65300419828397
2024-06-10,5.16,4.48,4.47,12.739999771118164,190.1526025291521,191.6796172589224,189.38908788285167,190.50572204589844,6070800.0,0.0,-0.0017005097451275875,0.23443436439559726,0.0,189.5207946777344,190.635994720459,-0.12832220547060091,0.013605442176870763,-0.6900000000000004,-0.010000000000000675,-0.6799999999999997,0.042553149977613725,12.795499992370605,-0.13256929002119758,0.8626100165369248,0.5,0.64504400661477
2024-06-11,5.17,4.41,4.39,12.850000381469728,188.8832955638933,188.91192609389,184.7698777089303,185.4952087402344,9235300.0,0.0,-0.02630111711005123,0.2527855142013418,0.0,188.60458679199218,190.42746200561524,0.5212657310403901,0.013856812933025209,-0.7800000000000002,-0.020000000000000462,-0.7599999999999998,0.008634270983343129,12.757999992370605,-0.11150445931003737,0.858400272415818,0.5,0.6433601089663272
2024-06-12,5.13,4.32,4.31,12.039999961853027,187.06037343522323,187.747535155726,182.5842835979704,182.79425048828125,12751300.0,0.0,-0.014560797932714031,0.2506537874110678,0.0,187.51085815429687,189.951220703125,0.3807131333037368,0.004662004662004504,-0.8200000000000003,-0.010000000000000675,-0.8099999999999996,-0.06303505023896794,12.68899998664856,-0.002365416226240923,0.889399141364612,0.5,0.6557596565458448
2024-06-13,5.07,4.24,4.24,11.9399995803833,183.54823918155475,185.70515472071864,182.1739156454097,184.82711791992188,8587800.0,0.0,0.011121068776563936,0.2546138333280595,0.0,186.8905059814453,189.54799194335936,-0.3265157278081451,-0.009345794392523366,-0.8300000000000001,0.0,-0.8300000000000001,-0.008305679550378975,12.663499975204468,0.10105745653008309,0.893226174838837,0.5,0.6572904699355349
2024-06-14,5.07,4.22,4.2,12.65999984741211,182.71790538052036,185.97237775666235,182.68927485451107,184.94163513183597,6874000.0,0.0,0.000619590962640526,0.25441774424073743,0.0,185.7127868652344,189.133309173584,-0.19956216958941753,-0.05191873589164775,-0.8700000000000001,-0.019999999999999574,-0.8500000000000005,0.060301532021133974,12.675499963760377,0.12417819957181915,0.8656716287173865,0.5,0.6462686514869547
2024-06-17,5.11,4.3,4.28,12.75,184.6552991186537,186.65952314056108,183.85361533502265,186.08688354492188,8725400.0,0.0,0.006192485603739417,0.2513731566248968,0.0,184.82901916503909,188.6651824951172,0.26933372126854804,-0.042505592841163176,-0.8300000000000001,-0.019999999999999574,-0.8100000000000005,0.0071090168777756535,12.713499975204467,0.26158764586441496,0.862227305890043,0.5,0.6448909223560173
2024-06-18,5.09,4.24,4.22,12.300000190734863,185.7242259848272,188.93097569239987,185.2756616981407,188.01475524902344,9023000.0,0.0,0.010360062285830862,0.19793325409762452,0.0,185.3329284667969,188.7329444885254,0.03410731886217255,-0.038724373576309756,-0.8700000000000001,-0.020000000000000462,-0.8499999999999996,-0.03529410268746169,12.721000003814698,0.2430644320561879,0.8794488835294636,0.5,0.6517795534117854
2024-06-20,5.1,4.26,4.25,13.279999732971191,187.4325593195824,190.35298895297203,187.1653314160584,189.6085662841797,8731100.0,0.0,0.0084770529474949,0.18652782606464716,0.0,186.69579162597657,188.69238204956054,-0.03235065942591153,-0.013921113689094988,-0.8499999999999996,-0.009999999999999787,-0.8399999999999999,0.07967475829590032,12.792000007629394,0.3094142519978109,0.8419441160701608,0.5,0.6367776464280643
2024-06-21,5.1,4.26,4.25,13.199999809265137,187.73801349633672,188.17702462466875,185.36157778424013,187.34671020507807,20972100.0,0.0,-0.011929081704629363,0.19012217350948346,0.0,187.1997100830078,188.59646606445312,1.4019997480271673,0.002358490566037652,-0.8499999999999996,-0.009999999999999787,-0.8399999999999999,-0.006024090761646117,12.8375,0.3053743904239972,0.8450057282506225,0.5,0.638002291300249
2024-06-24,5.1,4.27,4.25,13.329999923706056,188.78781706567207,190.14304864072443,188.1102085595612,189.80902099609372,9785900.0,0.0,0.013143069276851937,0.19429955956932454,0.0,188.17318725585935,188.68999633789062,-0.53338483032219,0.011904761904761862,-0.8499999999999996,-0.019999999999999574,-0.8300000000000001,0.009848493660558288,12.86549997329712,0.3146034543735626,0.8400305993330482,0.5,0.6360122397332193
2024-06-25,5.1,4.25,4.23,12.84000015258789,189.0550270132535,190.94472885295815,188.7209994004138,189.03594970703125,6862500.0,0.0,-0.004072890134544149,0.18179455339537612,0.0,188.76300048828122,188.56401672363282,-0.2987359363982873,-0.011682242990654124,-0.8699999999999992,-0.019999999999999574,-0.8499999999999996,-0.03675917283740948,12.910999965667724,0.4283588313015868,0.8587829830626997,0.5,0.6435131932250799
2024-06-26,5.13,4.32,4.32,12.550000190734863,188.44424751166252,188.9119037176036,187.3276132855566,188.42515563964844,7758600.0,0.0,-0.003231100054404634,0.18095568750338162,0.0,188.84508056640624,188.46523895263672,0.13057923497267754,0.02369668246445511,-0.8099999999999996,0.0,-0.8099999999999996,-0.022585666542580096,12.892499971389771,0.4304197234237234,0.8698813363411971,0.5,0.6479525345364789
2024-06-27,5.1,4.29,4.29,12.239999771118164,188.4347100208521,190.74433141255324,187.91933141310847,190.08580017089844,7913500.0,0.0,0.008813284646694841,0.18209476634747418,0.0,188.94052734374998,188.51582260131835,0.019964942128734675,0.009411764705882453,-0.8099999999999996,0.0,-0.8099999999999996,-0.024701228279307874,12.79049997329712,0.4208439267753164,0.8817451109134579,0.5,0.6526980443653831
2024-06-28,5.09,4.33,4.36,12.4399995803833,190.8874893872689,193.3593699170051,190.2098808173549,193.0348663330078,15307600.0,0.0,0.015514394865150383,0.18896575782137257,0.0,190.07815856933593,188.6556411743164,0.9343653250773993,0.025882352941176467,-0.7299999999999995,0.03000000000000025,-0.7599999999999998,0.01633985400367921,12.688999938964844,0.3594864378374971,0.8740910804623039,0.5,0.6496364321849215
2024-07-01,5.1,4.44,4.48,12.220000267028809,193.5883881973363,197.64454410688452,193.416605054855,196.079345703125,10205800.0,0.0,0.015771655286693553,0.18811739722372428,0.0,191.33222351074218,188.79020919799805,-0.3332854268467951,0.054117647058823604,-0.6199999999999992,0.040000000000000036,-0.6599999999999993,-0.017684832859754307,12.653999948501587,0.1397535596778822,0.8825104957099252,0.5,0.65300419828397
2024-07-02,5.07,4.39,4.43,12.029999732971191,195.92664354617935,199.33382156432344,195.43037141669657,199.30519104003903,7802900.0,0.0,0.016451734502409776,0.19513442036044926,0.0,193.38607177734374,189.1247215270996,-0.23544455113758844,0.047281323877068404,-0.6400000000000006,0.040000000000000036,-0.6800000000000006,-0.015548324869538943,12.599999952316285,-0.14369774048789977,0.8897818520114936,0.5,0.6559127408045975
2024-07-03,5.04,4.33,4.36,12.09000015258789,199.9923607921085,200.78450597577336,198.17901165846092,199.1715850830078,5560900.0,0.0,-0.0006703586411072049,0.18730910486853602,0.0,195.5353576660156,189.57948837280273,-0.28732906996116825,0.0092592592592593,-0.6799999999999997,0.03000000000000025,-0.71,0.004987566163634494,12.546499967575073,-0.27204562318375636,0.8874856246274994,0.5,0.6549942498509997
2024-07-05,4.98,4.22,4.28,12.479999542236328,198.64377422771068,199.0084419463454,196.27336816071957,196.532470703125,8093100.0,0.0,-0.013250456277600686,0.19087671977963339,0.0,196.82469177246094,189.9929672241211,0.45535794565627863,-0.002331002331002252,-0.7000000000000002,0.0600000000000005,-0.7600000000000007,0.03225801362500036,12.538999938964844,-0.26556360296642445,0.8725602743720731,0.5,0.6490241097488292
2024-07-08,4.99,4.23,4.28,12.369999885559082,196.7723624234459,198.55736401431693,195.7455146211485,196.89712524414065,8707000.0,0.0,0.0018554416972984544,0.1903031617177054,0.0,197.5971435546875,190.44137954711914,0.07585474045792084,-0.01834862385321101,-0.71,0.04999999999999982,-0.7599999999999998,-0.008814075377564845,12.528499937057495,-0.27815041025907705,0.8767699819958837,0.5,0.6507079927983535
2024-07-09,5.02,4.24,4.3,12.510000228881836,197.338593809806,201.30205403205483,197.1658441534367,199.2579498291016,9058900.0,0.0,0.01199014247685759,0.18754367975149128,0.0,198.2328643798828,190.86276550292968,0.04041575743654535,-0.04017857142857151,-0.7199999999999998,0.05999999999999961,-0.7799999999999994,0.01131773198205055,12.542999935150146,-0.2659616330984798,0.8714121424314278,0.5,0.6485648569725712
2024-07-10,5.01,4.24,4.28,12.850000381469728,197.8280277635907,199.58424030901236,197.2906104118053,199.4210968017578,8328500.0,0.0,0.0008187727154482793,0.18705602678361447,0.0,198.25604553222655,191.30853424072265,-0.08062789080351918,-0.03386004514672669,-0.7299999999999995,0.040000000000000036,-0.7699999999999996,0.027178269094107144,12.548499965667725,-0.1888145937651156,0.858400272415818,0.5,0.6433601089663272
2024-07-11,4.91,4.13,4.2,12.920000076293944,197.89521368869632,199.70900458588088,197.09867916383936,199.085205078125,10658100.0,0.0,-0.0016843339497160104,0.1546374035973177,0.0,198.23876953125,191.9880340576172,0.2797142342558685,-0.03669724770642202,-0.71,0.07000000000000028,-0.7800000000000002,0.005447446906317488,12.551999950408936,-0.08410762429012268,0.8557213708822382,0.5,0.6422885483528953
2024-07-12,4.87,4.1,4.18,12.460000038146973,195.7743224082172,199.08520875553356,193.95093996868792,196.67642211914065,15443400.0,0.0,-0.012099256486885035,0.15101037720105603,0.0,198.26755981445314,192.68214263916016,0.44898246404143327,-0.02336448598130858,-0.6900000000000004,0.08000000000000007,-0.7700000000000005,-0.035603717912586874,12.572999954223633,-0.22512035829877325,0.8733256591685404,0.5,0.6493302636674162
2024-07-15,4.85,4.13,4.23,13.119999885559082,198.8356883597313,203.07746338803915,198.3846385255346,201.5803680419922,10719700.0,0.0,0.0249340814217216,0.16710428655099785,0.0,199.20420837402344,193.51980514526366,-0.305871763989795,-0.011682242990654124,-0.6199999999999992,0.10000000000000053,-0.7199999999999998,0.0529694899993165,12.631999969482422,-0.25812590122197315,0.8480673404310841,0.5,0.6392269361724336
2024-07-16,4.85,4.09,4.17,13.1899995803833,201.5323940342005,205.121595275812,199.68981390311083,205.0064239501953,11557000.0,0.0,0.01699598002266489,0.17222271879041554,0.0,200.3539031982422,194.52304458618164,0.0781085291565995,-0.03023255813953485,-0.6799999999999997,0.08000000000000007,-0.7599999999999998,0.0053353426398474735,12.658499956130981,-0.09738269780391062,0.8453884388975041,0.5,0.6381553755590017
2024-07-17,4.85,4.07,4.16,14.479999542236328,205.17916232258048,208.7875463835636,204.6705341466408,208.1253662109375,11572500.0,0.0,0.015213875744205518,0.17583820122560107,0.0,202.09475708007812,195.6249687194824,0.0013411785065329251,-0.028037383177570097,-0.6899999999999995,0.08999999999999986,-0.7799999999999994,0.09780136488947022,12.744999933242799,0.29485722865896274,0.7960198968659407,0.5,0.6184079587463762
2024-07-18,4.86,4.11,4.2,15.93000030517578,206.93538878296755,207.90465837072435,200.80304644620205,201.51319885253903,12415100.0,0.0,-0.03177011759199477,0.2191852318483133,0.0,202.58035583496093,196.2998908996582,0.07281054223374372,0.0,-0.6600000000000001,0.08999999999999986,-0.75,0.10013817740186948,12.926499938964843,0.3212289635228791,0.7405280939761578,0.5,0.5962112375904631
2024-07-19,4.87,4.16,4.25,16.520000457763672,202.6839842457076,203.78762269683403,200.49591964655664,201.3212432861328,8095900.0,0.0,-0.0009525706876734041,0.21893723122282166,0.0,203.5093200683594,196.88552474975586,-0.3478989295293634,0.01674641148325362,-0.6200000000000001,0.08999999999999986,-0.71,0.037037045906157084,13.088499975204467,0.3863935810689646,0.7179486767722812,0.5,0.5871794707089125
2024-07-22,4.88,4.17,4.26,14.90999984741211,201.97385135034517,203.6148926358178,201.25409280392117,201.8011016845703,7663200.0,0.0,0.0023835457729390885,0.21168767459355284,0.0,203.553466796875,197.60824432373047,-0.05344680640818189,0.007092198581560183,-0.6200000000000001,0.08999999999999986,-0.71,-0.09745766136434542,13.173999977111816,0.45909265457110454,0.7795637040229874,0.5,0.611825481609195
2024-07-23,4.85,4.15,4.25,14.720000267028809,202.5112860974499,202.95272984342495,200.90862535379435,201.8491058349609,5557300.0,0.0,0.00023787853480428112,0.2090798654458266,0.0,202.92200317382813,198.21024856567382,-0.27480686919302644,0.01918465227817756,-0.5999999999999996,0.09999999999999964,-0.6999999999999993,-0.012743097406287318,13.243499994277954,0.51934278178228,0.7868350238272597,0.5,0.614734009530904
2024-07-24,4.82,4.12,4.28,18.040000915527344,201.1005270559385,203.4805243866061,199.68020772158312,200.17922973632807,7119000.0,0.0,-0.008272893217561195,0.21152482602810221,0.0,201.33277587890626,198.76741256713868,0.2810177604232271,0.028846153846153966,-0.54,0.16000000000000014,-0.7000000000000002,0.22554351822499452,13.503500032424927,0.4651880002552851,0.6597779723489184,0.5,0.5639111889395674
2024-07-25,4.83,4.13,4.27,18.459999084472656,200.23679904485417,201.71471129291237,199.66100105914288,200.2559967041016,6403800.0,0.0,0.00038349117375791053,0.2105100501822793,0.0,201.08133544921876,199.35895462036132,-0.10046354825115889,0.016666666666666607,-0.5600000000000005,0.13999999999999968,-0.7000000000000002,0.023281493771090345,13.798999977111816,0.4221678390026498,0.6437045631474392,0.5,0.5574818252589757
2024-07-26,4.79,4.06,4.2,16.389999389648438,200.8030338162583,204.56496989068705,200.20802348732903,203.68206787109372,8027800.0,0.0,0.01710845729156607,0.21547930420646694,0.0,201.55350036621093,200.03876800537108,0.2535994253412037,-0.0117647058823529,-0.5899999999999999,0.14000000000000057,-0.7300000000000004,-0.11213433355830271,14.00649995803833,0.43428446816427674,0.7229238421871516,0.5,0.5891695368748606
2024-07-29,4.79,4.05,4.17,16.600000381469727,204.0755381037497,204.99683550482567,202.0602229194044,202.3481292724609,6533600.0,0.0,-0.006549121444883621,0.21345135606559276,0.0,201.66290588378905,200.50443115234376,-0.18612820448939937,-0.021126760563380254,-0.6200000000000001,0.1200000000000001,-0.7400000000000002,0.012812751655983723,14.214499998092652,0.42377806663339246,0.7148870645918197,0.5,0.5859548258367279
2024-07-30,4.78,4.03,4.15,17.690000534057617,204.63214713164876,207.08892060425245,204.37304460068856,206.51312255859372,8850700.0,0.0,0.02058330512423301,0.21806919625825727,0.0,202.5957092285156,201.0261199951172,0.35464368801273416,-0.0235294117647058,-0.6299999999999999,0.1200000000000001,-0.75,0.06566265828551643,14.488000011444091,0.4673916058302077,0.6731725530114101,0.5,0.569269021204564
2024-07-31,4.73,3.97,4.09,16.360000610351562,206.11965617262396,207.66473846208044,204.09473484474648,204.2194976806641,9071600.0,0.0,-0.011106436479739301,0.2169328092847226,0.0,203.4037628173828,201.27183532714844,0.02495847786050831,-0.04439252336448607,-0.6400000000000006,0.11999999999999966,-0.7600000000000002,-0.07518371303299154,14.70450005531311,0.4742726429804281,0.7240719011332044,0.5,0.5896287604532817
2024-08-01,4.62,3.84,3.99,18.59000015258789,204.60338069812147,205.20798262459832,198.0583832642799,199.57467651367188,10918600.0,0.0,-0.02274425909251465,0.23314669217041076,0.0,203.26749877929686,201.29198989868163,0.20360245160721369,-0.06557377049180313,-0.6299999999999999,0.15000000000000036,-0.7800000000000002,0.13630803539367387,15.029500055313111,0.36697952044346366,0.638729397732569,0.5,0.5554917590930276
2024-08-02,4.33,3.62,3.8,23.38999938964844,195.65916985684163,196.4173090899953,188.951014866982,191.11029052734372,18041700.0,0.0,-0.04241212429447827,0.27473623667426017,0.0,200.75314331054688,201.02088088989257,0.6523821735387321,-0.09523809523809534,-0.5300000000000002,0.17999999999999972,-0.71,0.2582032919667485,15.575000047683716,-0.2317851617076116,0.4550325209156878,0.5,0.48201300836627514
2024-08-05,4.34,3.62,3.78,25.549999237060547,186.2255269573448,188.26003972022244,183.2025323392783,187.04124450683597,13927000.0,0.0,-0.021291611295654267,0.2834104790102499,0.0,197.69176635742187,200.52808685302733,-0.2280660913328567,-0.09352517985611519,-0.56,0.1599999999999997,-0.7199999999999998,0.09234715279077954,16.23400001525879,-0.6049858997641617,0.37236891904863223,0.5,0.44894756761945287
2024-08-06,4.46,3.73,3.9,27.709999084472656,187.52107494379788,194.4307682439227,186.1775316040648,192.2618865966797,10605800.0,0.0,0.027911715961946193,0.2993292878411704,0.0,194.84151916503907,200.17828369140625,-0.23847203274215556,-0.06024096385542177,-0.56,0.16999999999999993,-0.73,0.08454011396912309,16.99399995803833,-0.6966035427395671,0.28970531718157655,0.5,0.4158821268726306
2024-08-07,4.45,3.79,3.96,27.850000381469727,195.30407255531497,197.4537566355557,192.12754058739836,192.3194732666016,9204400.0,0.0,0.0002995220266548415,0.29927894925471704,0.0,192.46151428222657,199.82320251464844,-0.13213524675177735,-0.0317848410757946,-0.4900000000000002,0.16999999999999993,-0.6600000000000001,0.005052374652567915,17.74399995803833,-0.7559507298281012,0.2843474411198247,0.5,0.4137389764479299
2024-08-08,4.48,3.83,3.99,23.790000915527344,194.30600938741944,196.64762609323657,193.65342072084405,195.83189392089844,7761200.0,0.0,0.018263468564245544,0.3075044293840996,0.0,191.71295776367188,199.6605369567871,-0.156794576506888,0.0,-0.4900000000000002,0.16000000000000014,-0.6500000000000004,-0.1457809483063327,18.2875,-0.7916275106727116,0.4397243870187877,0.5,0.47588975480751505
2024-08-09,4.5,3.8,3.94,20.3700008392334,195.2657181295499,198.14475263524707,194.71869454457465,197.50177001953125,5540200.0,0.0,0.008527089562373913,0.3060262070839541,0.0,192.9912536621094,199.70180435180663,-0.28616708756377884,0.03684210526315801,-0.56,0.14000000000000012,-0.7000000000000002,-0.1437578791374391,18.68300004005432,-0.8727688197408073,0.5706084354740578,0.5,0.5282433741896231
2024-08-12,4.47,3.75,3.9,20.709999084472656,198.0871526844076,198.7877135708688,195.44803800867777,197.8760223388672,6936000.0,0.0,0.0018949314697227493,0.2921274625449148,0.0,195.15820922851563,199.5165870666504,0.25194036316378465,0.031746031746031855,-0.5699999999999998,0.1499999999999999,-0.7199999999999998,0.01669112573546916,19.0625,-0.8899957190432201,0.5575966384530402,0.5,0.5230386553812161
2024-08-13,4.4,3.68,3.85,18.1200008392334,199.35392685485715,199.69941155528463,197.11787513313567,199.5554656982422,6387800.0,0.0,0.008487351522050046,0.28677866262289115,0.0,196.61692504882814,199.24403915405273,-0.07903690888119952,-0.012820512820512775,-0.5500000000000003,0.16999999999999993,-0.7200000000000002,-0.12506027811373066,19.309000062942506,-0.8831634073100344,0.6567163601684569,0.5,0.5626865440673827
2024-08-14,4.42,3.67,3.83,16.190000534057617,199.3635155406144,202.26173259433187,198.76850521541047,201.76271057128903,6999800.0,0.0,0.01106080891006278,0.2839932370554023,0.0,198.5055725097656,198.9259063720703,0.09580763330098008,-0.03282828282828276,-0.5899999999999999,0.16000000000000014,-0.75,-0.10651215318914042,19.39450011253357,-0.8795765589479301,0.7305778361410094,0.5,0.5922311344564037
2024-08-15,4.52,3.79,3.92,15.229999542236328,204.4114430890453,205.2655560448501,202.58806048697608,203.01991271972656,7001000.0,0.0,0.006231092677520866,0.26121164885911596,0.0,199.94317626953125,199.0012420654297,0.00017143346952774863,-0.01754385964912286,-0.5999999999999996,0.1299999999999999,-0.7299999999999995,-0.05929592094835401,19.359500074386595,-0.8835815535268015,0.7673172553011409,0.5,0.6069269021204564
2024-08-16,4.49,3.77,3.89,14.800000190734863,203.15423577226989,205.45745708775615,203.0582621159896,205.34230041503903,7931200.0,0.0,0.011439211376859326,0.26398512279641084,0.0,201.51128234863282,199.202294921875,0.13286673332381094,-0.012690355329949221,-0.6000000000000001,0.1200000000000001,-0.7200000000000002,-0.028233707447526624,19.273500061035158,-0.8904109687524226,0.783773411646798,0.5,0.6135093646587193
2024-08-19,4.48,3.75,3.86,14.649999618530272,205.37108886847773,206.83939501460688,205.1983538600032,206.7626190185547,6090800.0,0.0,0.006916833992046012,0.26476180635812835,0.0,203.28860168457032,199.45037078857422,-0.23204559209199116,-0.01025641025641022,-0.6200000000000006,0.10999999999999988,-0.7300000000000004,-0.010135173666990571,19.260500049591066,-0.9011868615493566,0.7895139618581357,0.5,0.6158055847432543
2024-08-20,4.43,3.7,3.82,15.880000114440918,206.33077379457384,207.290451812223,205.0639917823852,205.87013244628903,5640000.0,0.0,-0.004316479335104373,0.2655076878209542,0.0,204.5515350341797,199.6514221191406,-0.07401326590924018,-0.007792207792207906,-0.6099999999999999,0.11999999999999966,-0.7299999999999995,0.08395908040535804,19.31850004196167,-0.9112979699067576,0.7424416107132703,0.5,0.5969766442853082
2024-08-21,4.36,3.64,3.79,16.270000457763672,205.7837412719152,206.3307647468797,204.2578568052096,205.9468994140625,5202300.0,0.0,0.0003728902627169184,0.2632144350369948,0.0,205.38837280273438,199.9398056030273,-0.07760638297872335,-0.010443864229765065,-0.5700000000000003,0.1499999999999999,-0.7200000000000002,0.024559215397492062,19.230000019073486,-0.9126805589326853,0.7275162239605478,0.5,0.5910064895842191
2024-08-22,4.43,3.72,3.86,17.549999237060547,205.92770721801395,208.05819355178016,205.6973792260983,207.89505004882807,5247100.0,0.0,0.009459480285006538,0.26464727847110925,0.0,206.3634002685547,200.32175827026364,0.008611575649231984,-0.015306122448979553,-0.5699999999999998,0.13999999999999968,-0.7099999999999995,0.07867232595473528,19.18450002670288,-0.8953734761282702,0.678530429073162,0.5,0.5714121716292648
2024-08-23,4.36,3.65,3.81,15.859999656677246,208.8259457571692,210.3518303146011,207.770294063869,209.5073089599609,7214000.0,0.0,0.007755157762314058,0.25960283887163776,0.0,207.19640197753907,200.613020324707,0.3748546816336642,-0.020565552699228773,-0.5500000000000003,0.16000000000000014,-0.7100000000000004,-0.09629627657273676,19.158000040054322,-0.8892477667875982,0.7432070320070336,0.5,0.5972828128028135
2024-08-26,4.38,3.66,3.82,16.149999618530273,210.1790743477144,210.82205685305937,209.25779166440867,210.33262634277344,5105200.0,0.0,0.003939325014051143,0.2579329629055024,0.0,207.9104034423828,201.01224517822263,-0.29232048794011645,-0.010362694300518172,-0.56,0.1599999999999997,-0.7199999999999998,0.018284991685414864,19.13550000190735,-0.8839729510872922,0.7321086787285364,0.5,0.5928434714914146
2024-08-27,4.34,3.66,3.83,15.43000030517578,210.65894306314183,211.5322536842561,209.54250271553846,211.3019256591797,5185200.0,0.0,0.0046084116062270475,0.24879120570389135,0.0,208.99676208496095,201.25168533325194,0.015670296952127183,0.002617801047120505,-0.5099999999999998,0.16999999999999993,-0.6799999999999997,-0.044582001879949096,19.022499990463256,-0.8854554679834138,0.7596631883526909,0.5,0.6038652753410764
2024-08-28,4.36,3.63,3.84,17.110000610351562,210.40942013221067,213.25007370690733,209.82721376666825,211.3307113647461,6506400.0,0.0,0.00013623020933950514,0.24454086909329167,0.0,210.07352447509766,201.60724601745602,0.2548021291367739,0.01319261213720302,-0.5200000000000005,0.20999999999999996,-0.7300000000000004,0.10887882514248881,19.059999990463258,-0.8685749608589634,0.6953692595684048,0.5,0.5781477038273619
2024-08-29,4.38,3.66,3.87,15.649999618530272,210.58215899441583,213.2164837686061,210.11192481779804,211.3594970703125,6416100.0,0.0,0.0001362116531975488,0.22689957979864714,0.0,210.76641387939452,202.19648704528805,-0.0138786425673183,0.002590673575129543,-0.5099999999999998,0.20999999999999996,-0.7199999999999998,-0.0853302711712347,18.912999963760377,-0.8732272913292461,0.7512437731050695,0.5,0.6004975092420278
2024-08-30,4.38,3.71,3.91,15.0,210.754897856621,213.18289383030486,209.55850920962672,211.3882827758789,8574100.0,0.0,0.0001361931021099938,0.15189570740834993,0.0,211.14260864257812,203.21038665771485,0.33634139118779327,0.026246719160105014,-0.46999999999999975,0.20000000000000018,-0.6699999999999999,-0.041533522963198344,18.493499994277954,-0.8716392980788948,0.776119381195644,0.5,0.6104477524782577
2024-09-03,4.35,3.65,3.84,20.71999931335449,210.92763671882614,213.14930389200362,209.00509360145543,211.4170684814453,8956100.0,0.0,0.00013617455607484175,0.11771793669025568,0.0,211.3594970703125,204.42917785644528,0.04455278104990601,0.005235602094240788,-0.5099999999999998,0.18999999999999995,-0.6999999999999997,0.38133328755696594,18.25199999809265,-0.7804024367189003,0.5572139278061585,0.5,0.5228855711224634
2024-09-04,4.23,3.56,3.77,21.31999969482422,211.1003755810313,213.1157139537024,208.4516779932841,210.48619079589844,7389500.0,0.0,-0.004403039415091348,0.09153130559811487,0.0,211.19635009765625,205.34039306640625,-0.1749198870043881,-0.015665796344647487,-0.4600000000000004,0.20999999999999996,-0.6700000000000004,0.028957548327861904,17.932500028610228,-0.6396963585589382,0.5342517999554002,0.5,0.51370071998216
2024-09-05,4.21,3.54,3.73,19.899999618530277,211.27311444323647,211.8969139547451,207.31924560820755,208.854736328125,8067900.0,0.0,-0.007750885992114376,0.10051426396404006,0.0,210.70115509033204,206.16715621948242,0.09180594086203397,-0.02864583333333326,-0.48,0.18999999999999995,-0.6699999999999999,-0.06660413211162808,17.534999990463255,-0.4284087513326901,0.5885954709045378,0.5,0.5354381883618151
2024-09-06,4.1,3.5,3.72,22.3799991607666,208.8259326693763,209.9199649722642,202.57841969666677,203.8931884765625,7777000.0,0.0,-0.02375597479277447,0.12892102053855395,0.0,209.20789337158203,206.57022094726562,-0.03605647070489226,-0.03875968992248058,-0.37999999999999945,0.2200000000000002,-0.5999999999999996,0.12462309496363133,17.46449990272522,-0.2654686573362331,0.4936854203156359,0.5,0.49747416812625433
2024-09-09,4.12,3.49,3.7,19.450000762939453,206.51312105129105,209.35375986693387,205.543836853024,208.0677947998047,8935100.0,0.0,0.020474476633740357,0.14307934863612004,0.0,208.54379577636718,207.0985221862793,0.14891346277484896,-0.053708439897698246,-0.41999999999999993,0.20999999999999996,-0.6299999999999999,-0.13092039802055044,17.41849989891052,-0.14958329783855953,0.6058170120466624,0.5,0.5423268048186649
2024-09-10,4.07,3.43,3.65,19.07999992370605,209.78561744862617,209.82399812562028,192.52100489184315,197.2714080810547,11296900.0,0.0,-0.05188879292510351,0.24081914036871785,0.0,205.71466369628905,207.06829147338868,0.2643283231301272,-0.04947916666666663,-0.4200000000000004,0.21999999999999975,-0.6400000000000001,-0.019023178648836403,17.336999940872193,-0.07867536689066736,0.6199770140029177,0.5,0.5479908056011671
2024-09-11,4.12,3.45,3.65,17.690000534057617,196.97391086092543,199.3251190484655,193.6918138354718,198.8740692138672,13658700.0,0.0,0.008124143019012653,0.24065192890679715,0.0,203.39223937988282,207.03422164916992,0.20906620400286813,-0.03183023872679047,-0.4700000000000002,0.19999999999999973,-0.6699999999999999,-0.07285112134206151,17.315499925613402,-0.06211261770821522,0.6731725530114101,0.5,0.569269021204564
2024-09-12,4.09,3.47,3.68,17.06999969482422,199.27715101962823,200.3615919553569,196.62844474311245,198.26950073242188,9054400.0,0.0,-0.003039956309211722,0.23719022089531308,0.0,201.2751922607422,206.85956115722655,-0.33709650259541535,-0.013404825737265313,-0.4099999999999997,0.20999999999999996,-0.6199999999999997,-0.035048096128643014,17.359499883651733,-0.07640136680737468,0.6969001021559318,0.5,0.5787600408623728
2024-09-13,4.0,3.43,3.66,16.559999465942383,198.5190120847975,199.4690986741892,194.833851700199,196.08143615722656,10226700.0,0.0,-0.011035810183172123,0.2383520153436274,0.0,199.712841796875,206.51263732910155,0.12947296342109915,-0.016129032258064502,-0.33999999999999986,0.22999999999999998,-0.5699999999999998,-0.029876991095463934,17.425999879837036,-0.06565296123898245,0.7164179071793466,0.5,0.5865671628717386
2024-09-16,3.96,3.41,3.63,17.139999389648438,197.5305381683303,199.8145766523365,197.30021016072055,199.4786834716797,8634900.0,0.0,0.01732569579778609,0.24349261769054406,0.0,197.99501953125,206.2194564819336,-0.15565138314412275,-0.018918918918918948,-0.33000000000000007,0.21999999999999975,-0.5499999999999998,0.03502415111177348,17.542999839782716,-0.06680692599146862,0.6942212006223518,0.5,0.5776884802489407
2024-09-17,3.99,3.44,3.65,17.610000610351562,199.35392255393128,201.4652113916493,199.28675270326917,200.8126373291016,7573300.0,0.0,0.006687200026619822,0.24339076350970051,0.0,198.70326538085936,205.92195739746094,-0.12294294085629254,0.0,-0.3400000000000003,0.20999999999999996,-0.5500000000000003,0.027421309068831112,17.690999889373778,-0.05897519685547189,0.6762341651918717,0.5,0.5704936660767487
2024-09-18,3.95,3.47,3.7,18.229999542236328,200.58229137057424,202.8183428439659,198.3654375571648,199.16197204589844,8259900.0,0.0,-0.008219927317113851,0.24441507990435132,0.0,198.76084594726564,205.5865493774414,0.09066061030198203,0.013698630136986356,-0.25,0.22999999999999998,-0.48,0.03520720672322497,17.80849986076355,-0.07123046600783416,0.6525066890419422,0.5,0.5610026756167769
2024-09-19,3.93,3.49,3.73,16.329999923706055,201.3212702522084,203.36538928713296,198.97965334983056,201.9930419921875,11635200.0,0.0,0.014214912200390506,0.25070965948244844,0.0,199.50555419921875,205.38885650634765,0.40863690843714817,0.013586956521739024,-0.20000000000000018,0.23999999999999977,-0.43999999999999995,-0.10422378860340853,17.81149983406067,-0.044442020894868366,0.7252200330738496,0.5,0.5900880132295399
2024-09-20,3.92,3.48,3.73,16.149999618530273,201.46520015567117,202.89512568030523,201.05254563504943,202.57843017578125,20885000.0,0.0,0.0028980611303255355,0.2482010572249064,0.0,200.8049530029297,205.1230255126953,0.7949841859185918,0.0191256830601092,-0.18999999999999995,0.25,-0.43999999999999995,-0.011022676424785383,17.741499853134155,-0.022032173978342125,0.7321086787285364,0.5,0.5928434714914146
2024-09-23,3.91,3.51,3.75,15.890000343322754,202.49207645675105,203.25982185543435,201.52280686007276,202.91433715820312,7223500.0,0.0,0.0016581576929508568,0.24622690227815924,0.0,201.49208374023436,204.79337692260742,-0.6541297581996648,0.03305785123966953,-0.16000000000000014,0.2400000000000002,-0.40000000000000036,-0.01609902670890473,17.742999887466432,0.03253723786485751,0.7420589000663885,0.5,0.5968235600265555
2024-09-24,3.88,3.47,3.74,15.390000343322754,202.6360126341457,204.3634360377964,201.88746493315116,203.0582733154297,7323200.0,0.0,0.0007093444418091455,0.24554985881065725,0.0,201.9412109375,204.42965927124024,0.013802173461618272,0.024657534246575352,-0.13999999999999968,0.27,-0.4099999999999997,-0.031466330345934046,17.704999923706055,0.08938320896556978,0.7611939944429216,0.5,0.6044775977771686
2024-09-25,3.89,3.52,3.79,15.40999984741211,203.1446478984502,203.68207992104144,200.19844382266885,201.71473693847656,8976500.0,0.0,-0.006616506459040328,0.24499201099304263,0.0,202.45176391601564,203.95029983520507,0.22576196198383225,0.024324324324324298,-0.10000000000000009,0.27,-0.3700000000000001,0.0012995129072905787,17.70399990081787,0.19483368774755994,0.7604286096464543,0.5,0.6041714438585817
2024-09-26,3.96,3.55,3.79,15.369999885559082,202.61681440246963,203.16382323049552,200.5822871493728,201.3212432861328,7807500.0,0.0,-0.001950743204567007,0.24483959257631654,0.0,202.3174041748047,203.4498264312744,-0.1302289310978667,0.01608579088471851,-0.16999999999999993,0.2400000000000002,-0.41000000000000014,-0.002595714617073419,17.616999864578247,0.2456101613320644,0.7619594157366851,0.5,0.604783766294674
2024-09-27,3.9,3.5,3.75,16.959999084472656,202.1561834046356,203.87401538274105,200.8894159429532,202.01223754882807,7032500.0,0.0,0.0034322968178432944,0.24555452375711762,0.0,202.20416564941405,202.9824634552002,-0.09926352865834132,0.00536193029490617,-0.1499999999999999,0.25,-0.3999999999999999,0.10344822451218505,17.682499837875366,0.3588638047533725,0.7011098462770384,0.5,0.5804439385108153
2024-09-30,3.98,3.58,3.81,16.729999542236328,197.99117378793656,202.45368545325596,196.9835089187661,202.3577117919922,8663800.0,0.0,0.0017101649254323004,0.24581173638119644,0.0,202.09284057617188,202.53093490600585,0.23196587273373614,0.016000000000000014,-0.16999999999999993,0.22999999999999998,-0.3999999999999999,-0.013561294495994303,17.768999814987183,0.5548304413717773,0.7099119721715417,0.5,0.5839647888686167
2024-10-01,3.96,3.51,3.74,19.26000022888184,200.47672835038065,200.6590695133516,197.87600917065316,198.6917266845703,8540100.0,0.0,-0.018116359761916168,0.2521024243109944,0.0,201.21953125,201.8946678161621,-0.014277799579861084,0.0,-0.21999999999999975,0.23000000000000043,-0.4500000000000002,0.15122538887453674,17.69599986076355,0.42009920262024547,0.6130883683482307,0.5,0.5452353473392922
2024-10-02,3.97,3.55,3.79,18.899999618530277,198.73013169432917,200.5247249559692,197.39617979497947,198.93165588378903,5810900.0,0.0,0.0012075449905351032,0.2524679286791812,0.0,200.6629150390625,201.31694107055665,-0.3195747122399035,0.0,-0.18000000000000016,0.2400000000000002,-0.4200000000000004,-0.018691620253031727,17.574999856948853,0.21106150972441676,0.6268656596576041,0.5,0.5507462638630416
2024-10-03,4.02,3.62,3.85,20.489999771118164,197.8568269060444,198.16393091884424,196.1006142720993,196.9547271728516,7251300.0,0.0,-0.009937728121522937,0.25316694557476077,0.0,199.78961181640625,200.72194061279296,0.24787898604347003,0.0158311345646438,-0.16999999999999948,0.22999999999999998,-0.39999999999999947,0.0841269938984015,17.604499864578248,-0.06346789758416178,0.5660160537006615,0.5,0.5264064214802646
2024-10-04,4.2,3.81,3.98,19.209999084472656,202.0915171398113,204.37988743060356,199.7838315422252,203.9453887939453,10211700.0,0.0,0.03549374885000134,0.27458982243121033,0.0,200.17624206542968,200.72455062866212,0.408257829630549,0.06133333333333324,-0.2200000000000002,0.16999999999999993,-0.3900000000000001,-0.06246953152482426,17.44599986076355,-0.19643093874435127,0.6150019215826394,0.5,0.5460007686330558
2024-10-07,4.24,3.86,4.03,22.63999938964844,203.76190602752732,205.98269458084312,202.46806055788844,203.66534423828125,6718900.0,0.0,-0.0013731350207040194,0.26389157773429245,0.0,200.4377685546875,200.50442810058593,-0.34203903365747135,0.05774278215223094,-0.20999999999999996,0.17000000000000037,-0.38000000000000034,0.17855286145995897,17.605499792099,-0.17703896271871647,0.4837351624804874,0.5,0.49349406499219495
2024-10-08,4.21,3.86,4.04,21.420000076293945,203.32740337902976,204.05157258412177,201.20317665741183,203.49154663085935,6021800.0,0.0,-0.0008533489488450341,0.18296936206737682,0.0,201.39773254394532,200.81543502807617,-0.10375210227864684,0.08021390374331538,-0.16999999999999993,0.18000000000000016,-0.3500000000000001,-0.05388689691892434,17.722499799728393,0.003981288393691633,0.5304247664811752,0.5,0.5121699065924701
2024-10-09,4.24,3.91,4.06,20.86000061035156,202.47769976692015,206.8613454534999,202.1687285781039,206.069580078125,7024000.0,0.0,0.012668995297098418,0.18580277852646424,0.0,202.8253173828125,201.17521057128906,0.1664286425985586,0.07124010554089688,-0.1800000000000006,0.14999999999999947,-0.33000000000000007,-0.02614376582389244,17.88099980354309,0.1482622290378769,0.5518560517444067,0.5,0.5207424206977627
2024-10-10,4.22,3.91,4.09,20.93000030517578,207.41171960680364,207.41171960680364,204.1867561889192,205.5095672607422,7927100.0,0.0,-0.0027175909087139294,0.1856939035258719,0.0,204.53628540039062,201.53721389770507,0.12857346241457868,0.06233766233766236,-0.1299999999999999,0.17999999999999972,-0.3099999999999996,0.003355689970089726,18.07399983406067,0.2213043720103016,0.5491771502108266,0.5,0.5196708600843306
2024-10-11,4.18,3.88,4.08,20.459999084472656,208.2420986525401,207.41171960680364,207.74966888805528,205.5095672607422,18320700.0,0.0,0.0,0.17956023210676597,0.0,204.84912109375,202.00862045288085,1.3111478346431862,0.025125628140703515,-0.09999999999999964,0.20000000000000018,-0.2999999999999998,-0.022455863060207304,18.268999814987183,0.22943784945694345,0.5671641856413068,0.5,0.5268656742565228
2024-10-14,4.18,3.87,4.055,19.700000762939453,208.2420986525401,207.41171960680364,207.74966888805528,205.5095672607422,9048900.0,0.0,0.0,0.17079098663363781,0.0,205.21796569824218,202.31016464233397,-0.5060832828439961,0.006203473945409321,-0.125,0.1849999999999996,-0.3099999999999996,-0.037145569674535084,18.396999883651734,0.23769142238495677,0.5962494648583959,0.5,0.5384997859433583
2024-10-15,4.18,3.86,4.03,20.63999938964844,208.2420986525401,207.41171960680364,207.74966888805528,205.5095672607422,9235800.0,0.0,0.0,0.16976694068859888,0.0,205.62156982421874,202.545011138916,0.02065444418658613,-0.0024752475247524774,-0.14999999999999947,0.17000000000000037,-0.31999999999999984,0.047715664482478326,18.548499822616577,0.27294718008911856,0.5602755399866199,0.5,0.524110215994648
2024-10-16,4.17,3.84,4.02,19.57999992370605,208.2420986525401,207.41171960680364,207.74966888805528,205.5095672607422,6382500.0,0.0,0.0,0.16618042070246947,0.0,205.5095672607422,202.8623908996582,-0.3089391281751446,-0.009852216748768461,-0.15000000000000036,0.17999999999999972,-0.33000000000000007,-0.05135656479108286,18.615999841690062,0.29081295607080687,0.6008419196263846,0.5,0.5403367678505538
2024-10-17,4.21,3.9,4.09,19.11000061035156,208.2420986525401,207.41171960680364,207.74966888805528,205.5095672607422,6470200.0,0.0,0.0,0.1594155121081766,0.0,205.5095672607422,203.03821716308593,0.013740697218957987,0.0,-0.1200000000000001,0.18999999999999995,-0.31000000000000005,-0.024004050826652468,18.75499987602234,0.2814178117935265,0.6188288820622725,0.5,0.547531552824909
2024-10-18,4.19,3.88,4.08,18.030000686645508,208.2420986525401,207.41171960680364,207.74966888805528,205.5095672607422,7000500.0,0.0,0.0,0.15926816215485914,0.0,205.5095672607422,203.18477401733398,0.08196037216778462,0.0,-0.11000000000000032,0.20000000000000018,-0.3100000000000005,-0.05651490786039193,18.8489999294281,0.25541735708821106,0.6601606829958002,0.5,0.5640642731983201
2024-10-21,4.24,3.98,4.19,18.3700008392334,208.2420986525401,207.41171960680364,207.74966888805528,205.5095672607422,5870000.0,0.0,0.0,0.15925369155554472,0.0,205.5095672607422,203.31453552246094,-0.161488465109635,0.03329223181257723,-0.04999999999999982,0.2100000000000004,-0.26000000000000023,0.018857467534081795,18.97299995422363,0.2427228409882934,0.6471488129801903,0.5,0.5588595251920762
2024-10-22,4.24,4.0,4.2,18.200000762939453,208.2420986525401,207.41171960680364,207.74966888805528,205.5095672607422,9586800.0,0.0,0.0,0.15927202951139113,0.0,205.5095672607422,203.43710021972657,0.6331856899488926,0.042183622828784184,-0.040000000000000036,0.20000000000000018,-0.2400000000000002,-0.009254222565459602,19.11349997520447,0.22969128528476443,0.6536547479879953,0.5,0.5614618991951981
2024-10-23,4.27,4.05,4.24,19.239999771118164,208.2420986525401,207.41171960680364,207.74966888805528,205.5095672607422,6180500.0,0.0,0.0,0.15698500109930327,0.0,205.5095672607422,203.62684173583983,-0.35531146993783114,0.054726368159204064,-0.02999999999999936,0.1900000000000004,-0.21999999999999975,0.05714280025176999,19.30499997138977,0.18050347318066556,0.6138537896419943,0.5,0.5455415158567978
2024-10-24,4.25,4.03,4.21,19.07999992370605,208.2420986525401,207.41171960680364,207.74966888805528,205.5095672607422,6002200.0,0.0,0.0,0.15665464504991425,0.0,205.5095672607422,203.8362579345703,-0.02884879864088663,0.02933985330073363,-0.040000000000000036,0.17999999999999972,-0.21999999999999975,-0.008316000484173358,19.49049997329712,0.07900379495026416,0.6199770140029177,0.5,0.5479908056011671
2024-10-25,4.29,4.07,4.25,20.32999992370605,208.2420986525401,207.41171960680364,207.74966888805528,205.5095672607422,6369700.0,0.0,0.0,0.15644346476383664,0.0,205.5095672607422,204.01112442016603,0.06122754989837054,0.04166666666666674,-0.040000000000000036,0.17999999999999972,-0.21999999999999975,0.06551362709634656,19.65900001525879,0.03123862482284283,0.5721392780615848,0.5,0.5288557112246339
2024-10-28,4.28,4.11,4.28,19.799999237060547,208.2420986525401,207.41171960680364,207.74966888805528,205.5095672607422,6843000.0,0.0,0.0,0.1564443749833031,0.0,205.5095672607422,204.16871719360353,0.0743049123192614,0.021479713603818507,0.0,0.16999999999999993,-0.16999999999999993,-0.026069881388808613,19.8125,-0.04993731044576695,0.592422504378763,0.5,0.5369690017515052
2024-10-29,4.29,4.11,4.28,19.34000015258789,208.2420986525401,207.41171960680364,207.74966888805528,205.5095672607422,6580000.0,0.0,0.0,0.13968106975988115,0.0,205.5095672607422,204.5096092224121,-0.03843343562764867,0.01904761904761898,-0.009999999999999787,0.16999999999999993,-0.17999999999999972,-0.023232277888761477,19.816499996185303,-0.12746750674233473,0.6100267561677692,0.5,0.5440107024671077
2024-10-30,4.28,4.14,4.29,20.350000381469727,208.2420986525401,207.41171960680364,207.74966888805528,205.5095672607422,7110900.0,0.0,0.0,0.13980604658047827,0.0,205.5095672607422,204.83850479125977,0.08068389057750758,0.011792452830188704,0.009999999999999787,0.15000000000000036,-0.14000000000000057,0.05222338267389759,19.889000034332277,-0.27234218879094796,0.5713738567678213,0.5,0.5285495427071285
2024-10-31,4.27,4.15,4.28,23.15999984741211,208.2420986525401,207.41171960680364,207.74966888805528,205.5095672607422,7829900.0,0.0,0.0,0.1331605339548322,0.0,205.5095672607422,205.2662467956543,0.10111237677368545,0.016627078384798155,0.010000000000000675,0.1299999999999999,-0.11999999999999922,0.13808350925148427,20.022500038146973,-0.33299065491864527,0.46383464681019104,0.5,0.4855338587240764
2024-11-01,4.28,4.22,4.37,21.8799991607666,208.2420986525401,207.41171960680364,207.74966888805528,205.5095672607422,6923500.0,0.0,0.0,0.04713626333884144,0.0,205.5095672607422,205.34445571899414,-0.11576137626278749,0.028235294117647136,0.08999999999999986,0.15000000000000036,-0.0600000000000005,-0.055267732948130144,20.15600004196167,-0.410424389272682,0.5128205146921689,0.5,0.5051282058768676
2024-11-04,4.25,4.17,4.31,21.979999542236328,208.2420986525401,207.41171960680364,207.74966888805528,205.5095672607422,8229600.0,0.0,0.0,0.04670653646668242,0.0,205.5095672607422,205.4366668701172,0.18864736043908437,0.007009345794392274,0.05999999999999961,0.13999999999999968,-0.08000000000000007,0.004570401522182799,20.123000049591063,-0.18183784686988794,0.508993481217944,0.5,0.5035973924871776
2024-11-05,4.27,4.16,4.26,20.489999771118164,208.2420986525401,207.41171960680364,207.74966888805528,205.5095672607422,5600700.0,0.0,0.0,0.046487224826556615,0.0,205.5095672607422,205.53756790161134,-0.3194444444444444,-0.004672897196261738,-0.009999999999999787,0.09999999999999964,-0.10999999999999943,-0.06778888999770039,20.076500034332277,0.14045240162313244,0.5660160537006615,0.5,0.5264064214802646
2024-11-06,4.31,4.27,4.42,16.270000457763672,208.2420986525401,207.41171960680364,207.74966888805528,205.5095672607422,23987800.0,0.0,0.0,0.009646490780238031,0.0,205.5095672607422,205.5095672607422,3.2830003392433085,0.030303030303030276,0.11000000000000032,0.15000000000000036,-0.040000000000000036,-0.20595409275225196,19.84700002670288,-inf,0.7275162239605478,0.5,0.5910064895842191
2024-11-07,4.28,4.17,4.31,15.199999809265137,208.2420986525401,207.41171960680364,207.74966888805528,205.5095672607422,16451100.0,0.0,0.0,0.0,0.0,205.5095672607422,205.5095672607422,-0.31418887934700135,0.007009345794392274,0.02999999999999936,0.13999999999999968,-0.11000000000000032,-0.06576525005492273,19.56050000190735,-inf,0.7684653507444901,0.5,0.607386140297796
2024-11-08,4.32,4.2,4.3,14.9399995803833,208.2420986525401,207.41171960680364,207.74966888805528,205.5095672607422,9502100.0,0.0,0.0,0.0,0.0,205.5095672607422,205.5095672607422,-0.4224033651245206,-0.016018306636155666,-0.020000000000000462,0.09999999999999964,-0.1200000000000001,-0.017105278430553206,19.28450002670288,-inf,0.7784156085796383,0.5,0.6113662434318554
2024-11-11,4.35,4.26,4.365,14.970000267028809,208.2420986525401,207.41171960680364,207.74966888805528,205.5095672607422,9017100.0,0.0,0.0,0.0,0.0,205.5095672607422,205.5095672607422,-0.05104134875448585,0.012761020881670637,0.015000000000000568,0.10500000000000043,-0.08999999999999986,0.002008078145122605,19.048000001907347,-inf,0.7772674766389931,0.5,0.6109069906555973
2024-11-12,4.38,4.32,4.43,14.710000038146973,208.2420986525401,207.41171960680364,207.74966888805528,205.5095672607422,6861000.0,0.0,0.0,0.0,0.0,205.5095672607422,205.5095672607422,-0.23911235319559498,0.039906103286385,0.04999999999999982,0.10999999999999943,-0.05999999999999961,-0.017368084451840793,18.751500034332274,-inf,0.7872177344741415,0.5,0.6148870937896567
2024-11-13,4.31,4.3,4.44,14.020000457763672,208.2420986525401,207.41171960680364,207.74966888805528,205.5095672607422,11472600.0,0.0,0.0,0.0,0.0,205.5095672607422,205.5095672607422,0.6721469173589856,0.00452488687782826,0.13000000000000078,0.14000000000000057,-0.009999999999999787,-0.04690683742990798,18.473500061035157,-inf,0.8136241486549468,0.5,0.6254496594619787
2024-11-14,4.36,4.32,4.43,14.3100004196167,208.2420986525401,207.41171960680364,207.74966888805528,205.5095672607422,10172200.0,0.0,0.0,0.0,0.0,205.5095672607422,205.5095672607422,-0.1133483255757195,0.0278422273781902,0.0699999999999994,0.10999999999999943,-0.040000000000000036,0.020684732695029018,18.233500051498414,-inf,0.8025257953764495,0.5,0.6210103181505798
2024-11-15,4.34,4.3,4.43,16.139999389648438,208.2420986525401,207.41171960680364,207.74966888805528,205.5095672607422,11518800.0,0.0,0.0,0.0,0.0,205.5095672607422,205.5095672607422,0.13238040935097617,0.03023255813953485,0.08999999999999986,0.1299999999999999,-0.040000000000000036,0.1278825238553527,18.13899998664856,-inf,0.7324913893754181,0.5,0.5929965557501673
2024-11-18,4.33,4.28,4.42,15.579999923706056,208.2420986525401,207.41171960680364,207.74966888805528,205.5095672607422,9051400.0,0.0,0.0,0.0,0.0,205.5095672607422,205.5095672607422,-0.21420634093829216,0.012600229095074411,0.08999999999999986,0.13999999999999968,-0.04999999999999982,-0.03469637466662745,17.99949994087219,-inf,0.7539226746386493,0.5,0.6015690698554597
2024-11-19,4.34,4.25,4.39,16.350000381469727,208.2420986525401,207.41171960680364,207.74966888805528,205.5095672607422,6792700.0,0.0,0.0,0.0,0.0,205.5095672607422,205.5095672607422,-0.2495415073911218,-0.009029345372460473,0.04999999999999982,0.13999999999999968,-0.08999999999999986,0.049422365952137115,17.906999921798707,-inf,0.7244546117800862,0.5,0.5897818447120344
2024-11-20,4.37,4.28,4.41,17.15999984741211,208.2420986525401,207.41171960680364,207.74966888805528,205.5095672607422,9015300.0,0.0,0.0,0.0,0.0,205.5095672607422,205.5095672607422,0.32720420451366916,-0.006756756756756799,0.040000000000000036,0.1299999999999999,-0.08999999999999986,0.049541250583724494,17.802999925613403,-inf,0.6934557793285884,0.5,0.5773823117314354
2024-11-21,4.39,4.3,4.43,16.8700008392334,208.2420986525401,207.41171960680364,207.74966888805528,205.5095672607422,8783500.0,0.0,0.0,0.0,0.0,205.5095672607422,205.5095672607422,-0.02571184541834437,0.0,0.040000000000000036,0.1299999999999999,-0.08999999999999986,-0.016899709251596895,17.692499971389772,-inf,0.7045540961097896,0.5,0.5818216384439159
2024-11-25,4.37,4.17,4.27,14.600000381469728,208.2420986525401,207.41171960680364,207.74966888805528,205.5095672607422,10295400.0,0.0,0.0,0.0,0.0,205.5095672607422,205.5095672607422,0.28735948382579113,-0.03393665158371051,-0.10000000000000053,0.09999999999999964,-0.20000000000000018,-0.04199471123755005,17.178000020980836,inf,0.791427442097952,0.5,0.6165709768391808
2024-11-26,4.37,4.17,4.3,14.100000381469728,208.2420986525401,207.41171960680364,207.74966888805528,205.5095672607422,6212100.0,0.0,0.0,0.0,0.0,205.5095672607422,205.5095672607422,-0.3966140217961419,-0.02050113895216399,-0.07000000000000028,0.1299999999999999,-0.20000000000000018,-0.0342465744476691,16.916000032424925,inf,0.8105625364744852,0.5,0.6242250145897941
2024-11-27,4.34,4.11,4.25,14.100000381469728,208.2420986525401,207.41171960680364,207.74966888805528,205.5095672607422,5472300.0,0.0,0.0,0.0,0.0,205.5095672607422,205.5095672607422,-0.11909016274689721,-0.03628117913832207,-0.08999999999999986,0.13999999999999968,-0.22999999999999954,0.0,16.603500032424925,inf,0.8105625364744852,0.5,0.6242250145897941
