Date,Open,High,Low,Close,Volume,Dividends
2018-01-02 00:00:00-05:00,85.26251619094215,85.5714665776644,84.61292742349194,85.5160140991211,13578800,0.0
2018-01-03 00:00:00-05:00,85.4447231127205,85.94379543402091,85.14369622677427,85.60315704345703,11901000,0.0
2018-01-04 00:00:00-05:00,86.28798540579947,87.61781907890763,86.16057313574409,86.82947540283203,12953700,0.56
2018-01-05 00:00:00-05:00,87.00467268221591,87.23560288759464,85.82613337120587,86.27206420898438,14155000,0.0
2018-01-08 00:00:00-05:00,86.12075311897327,86.54279559129132,85.76241070023751,86.39945983886719,12466500,0.0
2018-01-09 00:00:00-05:00,86.57466484563938,87.29930245287431,86.39151120954371,86.83744812011719,13292300,0.0
2018-01-10 00:00:00-05:00,87.17191000227011,88.15136625209735,87.10820385137079,87.79302978515625,15834500,0.0
2018-01-11 00:00:00-05:00,88.12748450559089,88.3345264737049,87.6337769878581,88.26285552978516,13676800,0.0
2018-01-12 00:00:00-05:00,88.90786063594079,89.86342857127254,88.26284650800673,89.7200927734375,18884200,0.0
2018-01-16 00:00:00-05:00,88.79636780073547,90.32527875329848,88.44599009584942,89.40155792236328,22703300,0.0
2018-01-17 00:00:00-05:00,89.09896112222852,90.22175906804839,88.63710071577701,89.97489929199219,14940300,0.0
2018-01-18 00:00:00-05:00,89.79177179267388,90.55622742482262,89.40157615072819,90.18992614746094,14572900,0.0
2018-01-19 00:00:00-05:00,90.7314120345592,91.04993064308648,89.82362063447975,89.9908447265625,18785500,0.0
2018-01-22 00:00:00-05:00,89.71210524174234,91.08971534055105,89.58469298444052,91.04193878173828,12475700,0.0
2018-01-23 00:00:00-05:00,90.5163961349787,91.2888164407667,90.26157762872052,90.94640350341797,12320800,0.0
2018-01-24 00:00:00-05:00,91.4640083817624,92.37179972057432,91.30474908824729,92.10901641845703,15904500,0.0
2018-01-25 00:00:00-05:00,92.40364448840177,92.50716241234636,91.6391890126096,92.13289642333984,13510000,0.0
2018-01-26 00:00:00-05:00,92.13289631673506,92.6266098022461,91.5436296939556,92.6266098022461,13883900,0.0
2018-01-29 00:00:00-05:00,92.38771585286702,93.44680768881405,92.38771585286702,92.53105163574219,11679900,0.0
2018-01-30 00:00:00-05:00,91.99751112886206,92.84956089838141,91.55954514146212,91.6630630493164,14279100,0.0
2018-01-31 00:00:00-05:00,92.09309291924656,92.89736632480891,91.7029033973877,92.10901641845703,13141400,0.0
2018-02-01 00:00:00-05:00,92.18863855566913,93.16013596289145,91.95771442148872,93.06458282470703,13800600,0.0
2018-02-02 00:00:00-05:00,92.76199287554189,93.10440583782767,90.85085090174579,91.00215148925781,16477300,0.0
2018-02-05 00:00:00-05:00,89.9828757964057,91.24900361046899,82.80017457855577,86.63838195800781,30097600,0.0
2018-02-06 00:00:00-05:00,85.08557713672164,89.56879867698851,84.89446476384353,89.27416229248047,33114800,0.0
2018-02-07 00:00:00-05:00,88.8282292458771,91.13751939021743,88.50970458189313,89.87935638427734,21878300,0.0
2018-02-08 00:00:00-05:00,90.07045798875075,90.07045798875075,85.8739086486229,85.90576171875,27425800,0.0
2018-02-09 00:00:00-05:00,86.8772539126711,88.43005909316247,84.59185246435514,87.62578582763672,28188000,0.0
2018-02-12 00:00:00-05:00,88.52562703873551,89.76787260610946,87.64968877960882,88.97952270507812,18043300,0.0
2018-02-13 00:00:00-05:00,88.64508095951635,90.02269763267506,88.23100312400013,89.52898406982422,16358200,0.0
2018-02-14 00:00:00-05:00,89.68823110096388,91.79048521744444,89.60860145987868,91.59937286376953,15186900,0.0
2018-02-15 00:00:00-05:00,92.16473781132449,92.36381492276483,90.95435164692175,91.9815902709961,12130200,0.0
2018-02-16 00:00:00-05:00,91.21715315000046,92.42753955667239,91.17733528960198,91.32067108154297,13214300,0.0
2018-02-20 00:00:00-05:00,91.29676689315693,91.8860334572289,90.75527689295929,91.34454345703125,13461500,0.0
2018-02-21 00:00:00-05:00,91.57549080074796,93.52644447897069,91.31270749949597,91.72679138183594,14212500,0.0
2018-02-22 00:00:00-05:00,91.97363280530732,92.71419996181866,91.38436620964454,91.55955505371094,17070400,0.0
2018-02-23 00:00:00-05:00,91.82235301934446,93.47867655117817,91.82235301934446,93.41497039794922,12162500,0.0
2018-02-26 00:00:00-05:00,94.07591859909182,94.6811149718067,93.42294564378366,94.57759094238281,16511200,0.0
2018-02-27 00:00:00-05:00,94.68904591537374,95.02349402469045,93.44680053378762,93.45476531982422,17563300,0.0
2018-02-28 00:00:00-05:00,93.82106052818496,94.35458572700698,91.84621291603385,91.97362518310547,17735600,0.0
2018-03-01 00:00:00-05:00,91.95772196376608,92.8814368023062,89.70416711468361,90.32528686523438,18690000,0.0
2018-03-02 00:00:00-05:00,89.49712651706656,90.4288061568876,88.4858172292472,90.2376937866211,18353700,0.0
2018-03-05 00:00:00-05:00,89.22639097864925,92.31606650297424,89.09897867231676,91.62327575683594,13933000,0.0
2018-03-06 00:00:00-05:00,92.08512848359545,92.22846427844745,91.03400134646512,91.7029037475586,10674400,0.0
2018-03-07 00:00:00-05:00,90.58010378583008,91.65511918711887,90.0704667648435,91.36048889160156,13006500,0.0
2018-03-08 00:00:00-05:00,91.66310567891722,91.7586649212366,90.15011775664037,91.36846923828125,11173700,0.0
2018-03-09 00:00:00-05:00,92.80975602991374,94.02810703561512,92.10900067735753,93.99625396728516,15366600,0.0
2018-03-12 00:00:00-04:00,93.96440653479732,94.56163793226425,93.36717513733039,93.69366455078125,12339300,0.0
2018-03-13 00:00:00-04:00,94.12367645405755,94.33868318365546,92.23642891287923,92.57087707519531,13312300,0.0
2018-03-14 00:00:00-04:00,92.81772469935316,92.84161298432583,91.256960635832,91.5356674194336,12905100,0.0
2018-03-15 00:00:00-04:00,92.26829521202401,92.37181316033507,91.44013339947514,91.76661682128906,8748000,0.0
2018-03-16 00:00:00-04:00,91.84622183161962,92.84957226847514,91.84622183161962,91.92585754394531,19888900,0.0
2018-03-19 00:00:00-04:00,91.65510561643869,91.93381237175089,90.2217539853967,91.20121002197266,13214900,0.0
2018-03-20 00:00:00-04:00,91.47197201241883,91.93382638791375,91.13751777970194,91.288818359375,9921200,0.0
2018-03-21 00:00:00-04:00,91.42421061079574,92.87349237152632,90.94642654990672,91.36846923828125,13633000,0.0
2018-03-22 00:00:00-04:00,90.14212572065347,90.46065035675143,87.22763957743456,87.55412292480469,22550400,0.0
2018-03-23 00:00:00-04:00,87.80892803025624,88.32652972557693,85.01388981115667,85.21296691894531,23081500,0.0
2018-03-26 00:00:00-04:00,86.94894325580167,88.51767226507789,86.51893585665847,87.84080505371094,20217500,0.0
2018-03-27 00:00:00-04:00,88.4459997451366,88.93971328539813,85.44391886778016,86.13670349121094,18039900,0.0
2018-03-28 00:00:00-04:00,86.2242852980853,86.93299939259305,84.9263046017586,86.0013198852539,19189300,0.0
2018-03-29 00:00:00-04:00,86.39947102078898,88.21505340290229,85.82612793688969,87.5700454711914,13274600,0.0
2018-04-02 00:00:00-04:00,87.56208557543393,88.17524654815163,84.47241065396325,85.88187408447266,18822500,0.0
2018-04-03 00:00:00-04:00,86.28797420735955,87.19576524996123,85.41203622813784,87.06039428710938,14050700,0.0
2018-04-04 00:00:00-04:00,85.28463887292719,88.55746728390089,85.22093273503849,88.38227844238281,15302600,0.0
2018-04-05 00:00:00-04:00,89.34271419635405,90.3031340534891,89.15063266739172,89.54280090332031,16627000,0.56
2018-04-06 00:00:00-04:00,88.47832595342088,89.27867261566382,86.29337687878707,87.309814453125,18906000,0.0
2018-04-09 00:00:00-04:00,88.04613404212401,90.42316449849538,87.95009024877966,88.35826873779297,15974300,0.0
2018-04-10 00:00:00-04:00,89.74288426729319,90.33514529428754,89.17463877341602,90.0470199584961,13951400,0.0
2018-04-11 00:00:00-04:00,89.36671647382184,89.48676359526458,88.4543156077313,88.53435516357422,14503300,0.0
2018-04-12 00:00:00-04:00,89.28667413553903,91.5516567173076,89.23865528845833,90.73530578613281,16435500,0.0
2018-04-13 00:00:00-04:00,92.05589124935211,92.15994024694695,87.27782572300468,88.27825927734375,39152800,0.0
2018-04-16 00:00:00-04:00,88.79046304118609,89.21464580654963,87.8700631337245,88.20620727539062,16580500,0.0
2018-04-17 00:00:00-04:00,89.13461235941396,89.57479937174038,88.03013002799581,88.20620727539062,15501400,0.0
2018-04-18 00:00:00-04:00,88.46232292249746,88.89451088861885,87.1497547762744,87.49390411376953,16081400,0.0
2018-04-19 00:00:00-04:00,87.66197266786801,89.53478711239467,87.63796324396498,89.41473388671875,17911000,0.0
2018-04-20 00:00:00-04:00,89.87893459553999,90.23108298250798,88.74243766939608,89.21464538574219,15584400,0.0
2018-04-23 00:00:00-04:00,89.29467681943326,89.59880635272216,88.54234900331387,88.78245544433594,11285800,0.0
2018-04-24 00:00:00-04:00,89.43873349705562,90.35913331803361,87.7099818917933,88.36627197265625,16453100,0.0
2018-04-25 00:00:00-04:00,88.25420927187179,88.46230107962155,86.91763203080401,88.03011322021484,13548200,0.0
2018-04-26 00:00:00-04:00,88.01413643803096,88.69442998029682,87.5099140583185,88.11817932128906,10299500,0.0
2018-04-27 00:00:00-04:00,87.67798321862196,88.16619519295195,87.34183296474049,87.55792999267578,9384000,0.0
2018-04-30 00:00:00-04:00,87.83805915579255,88.27825232751164,87.03771237532975,87.06172180175781,13744900,0.0
2018-05-01 00:00:00-04:00,86.79760589872636,87.21378964401738,86.06929350370912,87.06172180175781,10503400,0.0
2018-05-02 00:00:00-04:00,86.52547326777128,87.62994940121033,86.22134375147476,86.37340545654297,12162100,0.0
2018-05-03 00:00:00-04:00,86.10930563273934,86.25336829488211,84.18047310166463,85.82918548583984,15379100,0.0
2018-05-04 00:00:00-04:00,85.18089242675211,87.02969119571222,84.82073888422956,86.78158569335938,11967900,0.0
2018-05-07 00:00:00-04:00,87.04570072847885,87.78201815870888,86.72556085693877,87.5339126586914,9356700,0.0
2018-05-08 00:00:00-04:00,87.66199956866797,89.11062557952415,87.46191283319446,88.83050537109375,12543200,0.0
2018-05-09 00:00:00-04:00,89.19063480957001,90.9513950401345,88.86248974409399,90.76731872558594,11368100,0.0
2018-05-10 00:00:00-04:00,90.59123856539867,91.59167187014542,90.23908408815652,91.47161865234375,9159700,0.0
2018-05-11 00:00:00-04:00,91.63170346865425,91.82379109718777,90.97541933656854,91.12748718261719,10253000,0.0
2018-05-14 00:00:00-04:00,91.32755692742374,91.79975852103928,91.03142646803342,91.15948486328125,8710700,0.0
2018-05-15 00:00:00-04:00,91.16749718815535,91.16749718815535,90.09502941542168,90.46318817138672,11536200,0.0
2018-05-16 00:00:00-04:00,90.35115009209231,90.99142997688546,90.1430582136103,90.7113037109375,7571100,0.0
2018-05-17 00:00:00-04:00,90.59924703205229,90.76732521810331,89.7989003052456,90.40716552734375,8617200,0.0
2018-05-18 00:00:00-04:00,90.2390839000686,90.27910367463917,88.71041888264486,88.94252014160156,11806300,0.0
2018-05-21 00:00:00-04:00,89.67884716915128,90.07101532927084,89.57479819369877,89.75888061523438,9441900,0.0
2018-05-22 00:00:00-04:00,89.91894236722435,91.47161677835274,89.87092352355157,90.44717407226562,11507600,0.0
2018-05-23 00:00:00-04:00,90.04702384487199,90.25510962490996,88.93454223605933,90.03101348876953,11453900,0.0
2018-05-24 00:00:00-04:00,89.75088008408416,89.75888526095495,88.13418240735096,89.02256774902344,14084800,0.0
2018-05-25 00:00:00-04:00,88.40631794732154,88.90253522413528,88.19822604334647,88.56639099121094,8283500,0.0
2018-05-29 00:00:00-04:00,87.3818659938397,87.39787024351796,84.00440143869591,84.7807388305664,30643800,0.0
2018-05-30 00:00:00-04:00,86.1493295746103,86.91766177442925,85.35698794763475,86.71757507324219,17490800,0.0
2018-05-31 00:00:00-04:00,86.39742521250396,86.58951282003001,85.17289571878935,85.64510345458984,19808200,0.0
2018-06-01 00:00:00-04:00,86.70954341356753,87.18975623468425,86.27736164441795,86.757568359375,13594200,0.0
2018-06-04 00:00:00-04:00,87.22977242149858,87.44586941848209,86.65352190442235,86.7975845336914,9415400,0.0
2018-06-05 00:00:00-04:00,86.62951945802529,86.68554347913127,85.693115345471,86.30937957763672,10415200,0.0
2018-06-06 00:00:00-04:00,86.96567646283452,88.6303929793979,86.82161381074954,88.32626342773438,15453600,0.0
2018-06-07 00:00:00-04:00,88.98255823831619,89.23866897228615,88.06215818911859,88.67842864990234,13444400,0.0
2018-06-08 00:00:00-04:00,88.53434553676267,88.95052309355287,88.08614727618844,88.926513671875,10383200,0.0
2018-06-11 00:00:00-04:00,88.93452436325033,89.56679896667333,88.65439814320888,88.70242309570312,12642900,0.0
2018-06-12 00:00:00-04:00,88.95055077904308,89.26268557032643,87.65398664944622,88.19022369384766,15294100,0.0
2018-06-13 00:00:00-04:00,88.40629782113767,89.19863936298187,87.70199490684959,88.01412963867188,14979700,0.0
2018-06-14 00:00:00-04:00,88.26222865373836,88.32625785199214,86.26136200451084,86.4614486694336,20487300,0.0
2018-06-15 00:00:00-04:00,86.27737317071924,86.74156959703531,85.0528376406703,86.35740661621094,26028600,0.0
2018-06-18 00:00:00-04:00,85.84520246442742,86.75759735967827,85.38900501680197,86.5815200805664,9786800,0.0
2018-06-19 00:00:00-04:00,85.55708196597479,86.34141848225694,85.31697546155091,86.07730865478516,12707200,0.0
2018-06-20 00:00:00-04:00,86.58151159224353,86.94967036421929,85.98925670742696,86.06929016113281,8876900,0.0
2018-06-21 00:00:00-04:00,85.71714295970277,86.60552841589727,85.26094551783221,86.0452880859375,11048700,0.0
2018-06-22 00:00:00-04:00,86.5655038636552,86.73357594152857,84.44458384183456,84.63666534423828,19478900,0.0
2018-06-25 00:00:00-04:00,84.56463574041123,84.5966442351743,83.20404267887196,83.86833190917969,16907600,0.0
2018-06-26 00:00:00-04:00,83.80431656523551,84.204489983715,82.5237628473335,83.92436981201172,17086800,0.0
2018-06-27 00:00:00-04:00,83.78031677840256,84.77274526071331,82.61981617372841,82.62781524658203,16276800,0.0
2018-06-28 00:00:00-04:00,82.97995138791035,84.4045676277043,82.84389390571904,83.98038482666016,14491300,0.0
2018-06-29 00:00:00-04:00,85.38098053507426,85.55705777437694,83.35610449541392,83.3961181640625,18972400,0.0
2018-07-02 00:00:00-04:00,83.01196887137895,84.10844005035547,82.73984779139205,84.1004409790039,11130000,0.0
2018-07-03 00:00:00-04:00,84.36453837660372,84.6606627118535,82.85187767884665,82.92391204833984,8311700,0.0
2018-07-05 00:00:00-04:00,83.79299591235211,83.99416992109722,83.31017951923253,83.46307373046875,10723400,0.56
2018-07-06 00:00:00-04:00,82.98025375290548,84.09073202304626,82.23992876680171,83.73666381835938,12173700,0.0
2018-07-09 00:00:00-04:00,84.25971330392514,86.4726271957385,84.25971330392514,86.3277816772461,13900800,0.0
2018-07-10 00:00:00-04:00,86.92326141147628,87.22904982837,85.72426606024568,85.79669189453125,14575900,0.0
2018-07-11 00:00:00-04:00,85.54723325655065,86.15075528096844,85.46676488116366,85.61161041259766,10186500,0.0
2018-07-12 00:00:00-04:00,86.44043454806801,86.55309148610522,85.27362791582155,85.98175811767578,12456800,0.0
2018-07-13 00:00:00-04:00,86.34389494468627,86.74624299915482,84.60574840249701,85.58747863769531,21289100,0.0
2018-07-16 00:00:00-04:00,86.14270813580691,89.13617205984093,86.08637966211296,88.98328399658203,24662600,0.0
2018-07-17 00:00:00-04:00,89.07182429622168,89.26494966510461,88.31540790402512,88.91893005371094,14821900,0.0
2018-07-18 00:00:00-04:00,88.85454377687789,90.22253085955651,88.67750964882055,89.74775695800781,14244900,0.0
2018-07-19 00:00:00-04:00,89.36954778240892,89.39368768335184,88.29930662476,88.42805480957031,16775300,0.0
2018-07-20 00:00:00-04:00,88.5165448440842,89.91671392532933,88.33951077210126,89.54655456542969,13578100,0.0
2018-07-23 00:00:00-04:00,89.36953337599789,91.92846683229617,89.26492510899342,91.21228790283203,18140000,0.0
2018-07-24 00:00:00-04:00,91.37323221733992,92.36300484805957,91.26861780934911,91.85604858398438,14000400,0.0
2018-07-25 00:00:00-04:00,91.6387758891157,92.95847680368321,91.23642789956847,92.68488311767578,13329100,0.0
2018-07-26 00:00:00-04:00,92.87801855350251,93.01481541141142,92.20207680429816,92.41934204101562,11897800,0.0
2018-07-27 00:00:00-04:00,92.68487566741616,93.58613730171967,92.38713596892082,93.36886596679688,12802700,0.0
2018-07-30 00:00:00-04:00,93.57004256858592,94.6402896381984,93.39300848015766,93.93215942382812,13411600,0.0
2018-07-31 00:00:00-04:00,94.21380802438118,94.21380802438118,92.3951933671594,92.49980163574219,15843800,0.0
2018-08-01 00:00:00-04:00,93.14355616318646,93.89997232037571,92.76534808459184,93.07113647460938,13531600,0.0
2018-08-02 00:00:00-04:00,92.19402525282803,93.54591484846998,92.00089992183447,93.46544647216797,11058100,0.0
2018-08-03 00:00:00-04:00,93.34473943815232,94.25404374148101,93.29645964096387,94.22185516357422,11016100,0.0
2018-08-06 00:00:00-04:00,93.98044342333891,94.57591672434252,93.48957838866174,94.2459945678711,9857400,0.0
2018-08-07 00:00:00-04:00,94.7449214775486,95.18750680875864,94.41499925374646,94.59203338623047,10562100,0.0
2018-08-08 00:00:00-04:00,94.41499677332365,95.17140694768656,94.3747595117819,94.78515625,8997100,0.0
2018-08-09 00:00:00-04:00,94.5598111310178,94.72879652293703,93.90800331722403,94.05284881591797,9694200,0.0
2018-08-10 00:00:00-04:00,92.94238914024643,93.30449988895163,92.28253865772491,93.12747192382812,12630600,0.0
2018-08-13 00:00:00-04:00,92.99065307276027,93.24815550641773,91.59048397345673,91.64681243896484,10336300,0.0
2018-08-14 00:00:00-04:00,91.95259633824408,92.57221560948189,91.45368881730924,92.25838470458984,10597600,0.0
2018-08-15 00:00:00-04:00,91.59050800094977,92.00090472265212,90.90651755767512,91.49394226074219,10152100,0.0
2018-08-16 00:00:00-04:00,92.0169867326845,92.78949415899025,91.97675561613282,92.3549575805664,10118600,0.0
2018-08-17 00:00:00-04:00,92.25034931032009,92.59636883724964,91.97675561613282,92.3549575805664,8505100,0.0
2018-08-20 00:00:00-04:00,92.21011452129311,92.58028009526853,91.82386386747864,92.23426055908203,8618700,0.0
2018-08-21 00:00:00-04:00,92.83778364415244,93.65857089744533,92.44347816720159,92.79754638671875,10976700,0.0
2018-08-22 00:00:00-04:00,92.78947804609177,92.8699525439073,92.3629902207752,92.51588439941406,8314700,0.0
2018-08-23 00:00:00-04:00,92.50787637450384,92.66077062033233,92.08138836176641,92.32279968261719,9265400,0.0
2018-08-24 00:00:00-04:00,92.52395827758507,92.71708361839053,92.09746419676314,92.28254699707031,8845700,0.0
2018-08-27 00:00:00-04:00,92.71707371478898,94.37474550327099,92.67683645921984,93.91606903076172,13768000,0.0
2018-08-28 00:00:00-04:00,94.14945191727462,94.17359182008647,93.32061584422964,93.45741271972656,8302600,0.0
2018-08-29 00:00:00-04:00,93.62637902454857,93.64247638269296,92.82973169801339,93.151611328125,7221700,0.0
2018-08-30 00:00:00-04:00,93.01481326611128,93.37693017141352,92.52395432489719,92.69293975830078,8991800,0.0
2018-08-31 00:00:00-04:00,92.40325379611973,92.41129633671889,91.59050902349458,92.20207977294922,13065700,0.0
2018-09-04 00:00:00-04:00,92.0089433678194,92.7331710403552,91.43760990930326,92.66075134277344,10174200,0.0
2018-09-05 00:00:00-04:00,92.54001886875363,93.10330348439192,91.93649700656611,92.21009063720703,11462400,0.0
2018-09-06 00:00:00-04:00,92.13769078083611,92.2986275229693,91.33299479148384,91.81581115722656,9877600,0.0
2018-09-07 00:00:00-04:00,92.13768150761429,92.35494670156169,91.43759385717476,91.99283599853516,10955600,0.0
2018-09-10 00:00:00-04:00,92.41932890779724,92.51589463225132,91.46174489916824,91.5019760131836,8276900,0.0
2018-09-11 00:00:00-04:00,91.36519608302399,92.20208076514034,91.07550499539357,92.08137512207031,9333800,0.0
2018-09-12 00:00:00-04:00,91.93652619463646,92.44348250965973,90.80995046635202,90.99503326416016,10800800,0.0
2018-09-13 00:00:00-04:00,91.22839870252406,91.83996331575193,90.66510775116912,91.3490982055664,12470800,0.0
2018-09-14 00:00:00-04:00,91.58246929040548,92.12966293245934,91.11575017695671,91.33301544189453,10337900,0.0
2018-09-17 00:00:00-04:00,91.56635915434826,92.0813641064496,91.17205983087702,91.6065902709961,9561300,0.0
2018-09-18 00:00:00-04:00,92.00088550064105,92.26643662622162,91.38126620761975,91.97674560546875,7944200,0.0
2018-09-19 00:00:00-04:00,92.08940499269774,95.00240035538965,92.08940499269774,94.6483383178711,16052800,0.0
2018-09-20 00:00:00-04:00,95.3565046747809,95.9519781748304,95.01853372659158,95.46111297607422,15590000,0.0
2018-09-21 00:00:00-04:00,95.86344509408973,95.94391961632992,94.74491799560481,94.83343505859375,24788200,0.0
2018-09-24 00:00:00-04:00,94.7610180129243,95.32430284833585,93.69077068629811,93.92413330078125,12492500,0.0
2018-09-25 00:00:00-04:00,94.18162297713727,94.92999052178472,93.60224086007558,93.6585693359375,9308300,0.0
2018-09-26 00:00:00-04:00,93.94827169865337,94.04483744289725,92.26645976031213,92.55614471435547,14023600,0.0
2018-09-27 00:00:00-04:00,92.87802104233238,93.15162090482556,91.86410839135628,92.15379333496094,13283000,0.0
2018-09-28 00:00:00-04:00,91.45370308675272,91.92847078744153,90.54439266306757,90.80189514160156,15815100,0.0
2018-10-01 00:00:00-04:00,91.22840714979033,92.22622868317869,90.96285593982054,91.33301544189453,10146300,0.0
2018-10-02 00:00:00-04:00,91.22033947537831,91.8319101572386,90.77775421758271,91.7112045288086,13753100,0.0
2018-10-03 00:00:00-04:00,92.49175910685103,93.07114120226956,92.12159968796547,92.57222747802734,17142000,0.0
2018-10-04 00:00:00-04:00,92.82342717037115,94.65477094969813,92.54791138988992,93.4068603515625,16357400,0.8
2018-10-05 00:00:00-04:00,93.86064198812312,94.0794286397008,92.3939386620349,92.88014221191406,13777600,0.0
2018-10-08 00:00:00-04:00,92.58034117326618,93.82014694116101,91.85104184440553,93.44739532470703,14370900,0.0
2018-10-09 00:00:00-04:00,92.92066894763796,93.21238864825347,92.11033781978065,92.79911804199219,14069500,0.0
2018-10-10 00:00:00-04:00,92.94497211947805,93.14755488885994,90.32760620117188,90.32760620117188,23086400,0.0
2018-10-11 00:00:00-04:00,89.92246845382374,90.32763411780792,87.01337577160184,87.62112426757812,33705600,0.0
2018-10-12 00:00:00-04:00,89.43625431882026,89.80900591872538,85.57097113863217,86.6649169921875,32075700,0.0
2018-10-15 00:00:00-04:00,86.8674783976178,88.20452574823037,86.15438936238064,86.17059326171875,18903200,0.0
2018-10-16 00:00:00-04:00,86.83509046077224,88.14782298913744,86.48664781312327,88.01817321777344,19302800,0.0
2018-10-17 00:00:00-04:00,87.8236584832495,89.78466390996056,87.70211379720736,88.99864196777344,18794500,0.0
2018-10-18 00:00:00-04:00,88.34229223899331,89.00676348194537,87.36179236721868,87.58868408203125,17582500,0.0
2018-10-19 00:00:00-04:00,87.23216034939031,88.50438016533222,86.92423051751676,87.4428482055664,15234500,0.0
2018-10-22 00:00:00-04:00,87.63730671595904,87.79126541572593,85.9842305863935,86.18681335449219,16199100,0.0
2018-10-23 00:00:00-04:00,84.43650333540882,86.02475782945716,84.03133776051273,85.287353515625,21407500,0.0
2018-10-24 00:00:00-04:00,84.89029981368968,85.10908652150964,83.39118830242049,83.69911193847656,23168900,0.0
2018-10-25 00:00:00-04:00,84.42029570116091,85.81406620637084,84.04754413061292,84.97132110595703,17464700,0.0
2018-10-26 00:00:00-04:00,84.27442922286848,84.72821263264431,83.24531150931674,83.80443572998047,19174900,0.0
2018-10-29 00:00:00-04:00,84.64718243832067,86.40559936831697,84.03132909691874,84.96321105957031,18445200,0.0
2018-10-30 00:00:00-04:00,85.66009243183503,86.68921630195157,84.97131229286303,86.46231842041016,18019700,0.0
2018-10-31 00:00:00-04:00,87.58059332800624,89.52538935005998,87.3455965495342,88.34230041503906,20860000,0.0
2018-11-01 00:00:00-04:00,88.82850985857081,89.31470735025309,87.77507680797876,88.30989837646484,13065000,0.0
2018-11-02 00:00:00-04:00,89.0553991951431,89.7927973646994,87.1024980558254,87.82369232177734,19009200,0.0
2018-11-05 00:00:00-05:00,88.01006186544133,88.5610872644904,87.85609697704453,88.39901733398438,10276400,0.0
2018-11-06 00:00:00-05:00,88.05867821469181,88.86900930605513,87.3212801363657,88.81228637695312,10825000,0.0
2018-11-07 00:00:00-05:00,89.43624820708602,90.53829902816348,88.60970700011002,90.3357162475586,12679600,0.0
2018-11-08 00:00:00-05:00,89.95488298968873,91.51071766498168,89.94677794530584,91.06503295898438,11662500,0.0
2018-11-09 00:00:00-05:00,90.94346833067576,91.04880915528298,89.80900347615074,90.18175506591797,10432200,0.0
2018-11-12 00:00:00-05:00,90.28708698374582,90.70846260527843,88.00195359723591,88.28556823730469,13279700,0.0
2018-11-13 00:00:00-05:00,88.40711584922806,90.04398802364656,88.40711584922806,88.8041763305664,13746100,0.0
2018-11-14 00:00:00-05:00,89.32280080648871,89.71175627644462,85.87889359550613,86.97283935546875,18361400,0.0
2018-11-15 00:00:00-05:00,87.71023832489627,89.20125079417271,86.5514645809287,89.19314575195312,19100000,0.0
2018-11-16 00:00:00-05:00,88.6907392368533,89.7522772155317,87.96144616957619,89.1283187866211,13798600,0.0
2018-11-19 00:00:00-05:00,89.10399267989256,90.10880135119424,88.75555011565335,89.8089828491211,13987000,0.0
2018-11-20 00:00:00-05:00,88.95814341258118,89.5334777274075,87.49955120357143,87.88040161132812,18936200,0.0
2018-11-21 00:00:00-05:00,88.35039687978417,88.82039039109671,87.22403717041016,87.22403717041016,10619600,0.0
2018-11-23 00:00:00-05:00,86.49472552542822,87.02144188946413,85.94370022160113,86.42179870605469,6488400,0.0
2018-11-26 00:00:00-05:00,87.2888631026388,89.12021303622178,87.07007025350318,88.53677368164062,13948300,0.0
2018-11-27 00:00:00-05:00,88.13162863892444,89.1607466080397,88.02628161954017,88.9095458984375,9238200,0.0
2018-11-28 00:00:00-05:00,88.97436293520393,90.27089154153846,88.22075471678197,89.89813995361328,13977300,0.0
2018-11-29 00:00:00-05:00,89.35521213256631,89.78469283014479,88.8447057397502,89.18504333496094,11144300,0.0
2018-11-30 00:00:00-05:00,89.01486876466367,90.20605645298768,88.79608209116984,90.10071563720703,18652700,0.0
2018-12-03 00:00:00-05:00,91.0650068335856,91.47827742582668,90.54639542393767,90.9515609741211,16034500,0.0
2018-12-04 00:00:00-05:00,90.43295848683397,90.43295848683397,86.48664959538871,86.89181518554688,23555900,0.0
2018-12-06 00:00:00-05:00,85.0928639209388,85.37647854740348,83.36685485554554,85.23872375488281,27213900,0.0
2018-12-07 00:00:00-05:00,85.21443353615408,86.68923610014733,83.39118830242049,83.69911193847656,19248600,0.0
2018-12-10 00:00:00-05:00,83.35875632580041,83.86115761399846,80.44966467685008,82.1351547241211,23636400,0.0
2018-12-11 00:00:00-05:00,83.56944865408059,83.99892935355768,81.2032831973895,81.33293914794922,16860700,0.0
2018-12-12 00:00:00-05:00,82.37827495718268,83.38308394093445,81.081740056725,81.85965728759766,22621500,0.0
2018-12-13 00:00:00-05:00,82.28913173284623,82.62946933612804,81.57603635568118,81.94068908691406,17250900,0.0
2018-12-14 00:00:00-05:00,81.02500275689228,82.60515206836874,80.91966194239471,81.26810455322266,19879500,0.0
2018-12-17 00:00:00-05:00,80.8467509612954,81.48691342922983,79.76901503246435,80.23090362548828,25113500,0.0
2018-12-18 00:00:00-05:00,80.56311814884543,81.75430587972033,79.50969140640233,79.85002899169922,20837200,0.0
2018-12-19 00:00:00-05:00,79.74469318971798,81.50311034006121,78.2779895720298,78.83712005615234,28767900,0.0
2018-12-20 00:00:00-05:00,78.28608140857011,79.63933274673651,77.54057834372414,78.15642547607422,31825200,0.0
2018-12-21 00:00:00-05:00,78.34282443742477,79.76090410574012,75.91993576375737,76.30889129638672,41313900,0.0
2018-12-24 00:00:00-05:00,75.27165056883354,76.34939234664448,74.66390228271484,74.66390228271484,17009300,0.0
2018-12-26 00:00:00-05:00,75.10959638173023,77.7593765258789,73.82927167909651,77.7593765258789,22542900,0.0
2018-12-27 00:00:00-05:00,76.83558566370576,78.72365838953141,75.80646800735678,78.634521484375,20304700,0.0
2018-12-28 00:00:00-05:00,79.37192226970487,79.67174697778326,78.14832686022676,78.46435546875,17963300,0.0
2018-12-31 00:00:00-05:00,79.08021520642744,80.06882021417093,78.41574390025599,79.10453033447266,13237200,0.0
2019-01-02 00:00:00-05:00,77.75127063189353,80.85484039070879,77.74317177175233,80.47398376464844,15670900,0.0
2019-01-03 00:00:00-05:00,80.58018108899887,80.78440904314425,78.9872055396819,79.33030700683594,16286400,0.8
2019-01-04 00:00:00-05:00,80.9641376466087,82.45091703215078,80.2860992843586,82.2548599243164,16935200,0.0
2019-01-07 00:00:00-05:00,82.04245982187845,82.8920489194349,81.45428227491298,82.31204223632812,15430700,0.0
2019-01-08 00:00:00-05:00,83.02275445673554,83.17796971271667,81.32358243525782,82.15682983398438,13578800,0.0
2019-01-09 00:00:00-05:00,82.3528749263568,82.90837518861478,81.6339948003639,82.0179443359375,14230300,0.0
2019-01-10 00:00:00-05:00,81.70751365149404,82.28752650105433,81.09482981530769,82.00977325439453,14376100,0.0
2019-01-11 00:00:00-05:00,81.60134167991956,81.83007604971607,80.83344238199346,81.61768341064453,15439900,0.0
2019-01-14 00:00:00-05:00,80.76806881581183,82.80217737478134,80.59651809228835,82.45907592773438,21258500,0.0
2019-01-15 00:00:00-05:00,80.78440636286945,83.7089520650106,80.54750119601577,83.06359100341797,26504900,0.0
2019-01-16 00:00:00-05:00,83.5292391335092,84.50953088949163,83.16163128315154,83.73346710205078,18533000,0.0
2019-01-17 00:00:00-05:00,83.41483413302534,84.55034062445098,83.2596189529251,84.07653045654297,14247600,0.0
2019-01-18 00:00:00-05:00,84.77093609049112,85.69405042798437,84.00304322441995,85.44080352783203,16428700,0.0
2019-01-22 00:00:00-05:00,84.20726265144614,84.62388314645074,83.43119276816999,84.0928955078125,17083700,0.0
2019-01-23 00:00:00-05:00,84.50135548377295,84.71374805654398,83.30049418465825,83.88050079345703,12146700,0.0
2019-01-24 00:00:00-05:00,83.43119535441417,84.21542989187292,83.2759863589812,83.92951202392578,11296800,0.0
2019-01-25 00:00:00-05:00,84.5585266368323,85.21205221730925,83.92950117610755,84.46049499511719,14369400,0.0
2019-01-28 00:00:00-05:00,84.05205314453175,85.15488280888181,83.80697711576849,84.86079406738281,12283100,0.0
2019-01-29 00:00:00-05:00,84.86077402833324,85.8655780299371,84.7382422754286,85.0976791381836,9743300,0.0
2019-01-30 00:00:00-05:00,85.0731925355207,85.97179424981056,84.77910379520151,85.29376220703125,12526300,0.0
2019-01-31 00:00:00-05:00,84.47685019408716,84.79544528980699,83.92134993417066,84.55036926269531,17520600,0.0
2019-02-01 00:00:00-05:00,84.95882572539658,85.65319949683608,84.56670532588383,84.86079406738281,13000800,0.0
2019-02-04 00:00:00-05:00,84.78728433436606,85.1630630493164,84.15009406847014,85.1630630493164,9871500,0.0
2019-02-05 00:00:00-05:00,85.3836270337985,85.4081396255572,84.37882891069862,84.78728485107422,12763000,0.0
2019-02-06 00:00:00-05:00,84.7219383406373,85.46533121337455,84.52588121600455,84.74644470214844,8745000,0.0
2019-02-07 00:00:00-05:00,84.34615259937085,84.55038057176642,82.86754407364072,83.63543701171875,13177500,0.0
2019-02-08 00:00:00-05:00,83.39035490026181,83.60274747283495,81.74018963616484,82.80217742919922,12892600,0.0
2019-02-11 00:00:00-05:00,83.1289434138967,83.33317135628268,82.32019627461789,82.4100570678711,10978500,0.0
2019-02-12 00:00:00-05:00,83.28414591521721,84.07655126706818,83.23513320728142,83.81513977050781,12852300,0.0
2019-02-13 00:00:00-05:00,84.06023744617752,84.83630127375967,84.06023744617752,84.21544647216797,10754100,0.0
2019-02-14 00:00:00-05:00,83.70897706197394,84.22362939931398,82.79403334082524,83.66812896728516,11518500,0.0
2019-02-15 00:00:00-05:00,84.8771310040375,86.34756839601907,84.681073931615,86.22503662109375,14716900,0.0
2019-02-19 00:00:00-05:00,85.7022194554881,86.0779981335041,84.80361149442557,85.92278289794922,12764900,0.0
2019-02-20 00:00:00-05:00,85.94729606866888,86.42927730713683,85.67771365897711,86.33941650390625,10030300,0.0
2019-02-21 00:00:00-05:00,86.14335675821847,86.58448992903183,85.7430716751361,86.15969848632812,8400100,0.0
2019-02-22 00:00:00-05:00,86.34756968105545,86.66616476568659,85.59601236513284,85.7757339477539,10647300,0.0
2019-02-25 00:00:00-05:00,86.38843662414315,87.63014001580702,86.33942390274193,86.67435455322266,11230700,0.0
2019-02-26 00:00:00-05:00,85.3672884259644,86.15969391860844,84.90981978383705,86.01264953613281,15465400,0.0
2019-02-27 00:00:00-05:00,85.92279911972189,86.08617901664631,85.37546960922714,85.90646362304688,9968800,0.0
2019-02-28 00:00:00-05:00,85.78390833576529,85.94728819983942,85.1058700580273,85.25291442871094,15156900,0.0
2019-03-01 00:00:00-05:00,85.85744148974595,86.51914438264579,85.12221951571465,85.31011199951172,13813300,0.0
2019-03-04 00:00:00-05:00,85.7103786426628,86.52729038626244,84.36247301921502,85.1140365600586,12466300,0.0
2019-03-05 00:00:00-05:00,85.06502629011744,85.40813399414273,84.35431698955227,85.04869079589844,10856600,0.0
2019-03-06 00:00:00-05:00,84.8444544260938,85.42446101776625,84.59121377928327,84.73008728027344,9070800,0.0
2019-03-07 00:00:00-05:00,84.34614305844397,84.52586465102952,83.45571219114224,84.1174087524414,12705700,0.0
2019-03-08 00:00:00-05:00,83.31683193105415,84.32980704068729,83.31683193105415,84.15008544921875,10582400,0.0
2019-03-11 00:00:00-04:00,84.94248997615162,85.40812944336547,84.68107845477793,85.24474334716797,9763200,0.0
2019-03-12 00:00:00-04:00,85.44079858611859,85.60418467878995,84.75459569452532,84.99150085449219,10219100,0.0
2019-03-13 00:00:00-04:00,85.11404018129107,85.75940123409713,84.91797686705529,85.27742004394531,13022200,0.0
2019-03-14 00:00:00-04:00,85.36728673545628,86.48645819283264,85.3346095141596,86.0534896850586,10926500,0.0
2019-03-15 00:00:00-04:00,86.11069019060707,87.24619728337623,85.96364579278226,87.0419692993164,24811700,0.0
2019-03-18 00:00:00-04:00,87.04196569939286,88.05493471332258,87.00111761125292,87.56478881835938,12935500,0.0
2019-03-19 00:00:00-04:00,88.3898645997906,88.55325071841595,87.04196495825458,87.2461929321289,12889300,0.0
2019-03-20 00:00:00-04:00,86.94391025572884,87.12363182233709,85.29375140626863,85.38360595703125,14920700,0.0
2019-03-21 00:00:00-04:00,84.5421944873306,84.5421944873306,83.55373202679758,84.03571319580078,19751000,0.0
2019-03-22 00:00:00-04:00,83.17799231754508,83.58644838004187,81.29909193704187,81.49515533447266,31115200,0.0
2019-03-25 00:00:00-04:00,81.35624381747964,82.15682013016601,80.13087610773319,80.81708526611328,21032300,0.0
2019-03-26 00:00:00-04:00,81.54414166446382,82.0179520393563,80.7272298039773,81.6258316040039,15987100,0.0
2019-03-27 00:00:00-04:00,81.59312270198403,82.05876203236852,80.93959720686115,81.34805297851562,12753200,0.0
2019-03-28 00:00:00-04:00,81.69118777272661,82.34471976792564,81.47878893940548,82.27119445800781,12454100,0.0
2019-03-29 00:00:00-04:00,82.94922454917335,83.3168323645134,82.17315460311644,82.69598388671875,14523400,0.0
2019-04-01 00:00:00-04:00,83.44755009205959,85.5143361587709,83.42304373277733,85.48165893554688,17499300,0.0
2019-04-02 00:00:00-04:00,85.4489730810214,86.13518223432517,85.2284096372174,85.89010620117188,10295400,0.0
2019-04-03 00:00:00-04:00,86.43743180094421,86.88673576440287,85.60418454353433,86.06165313720703,11499200,0.0
2019-04-04 00:00:00-04:00,86.06166135614879,87.03299357709494,85.9793400633407,86.89305114746094,11952100,0.8
2019-04-05 00:00:00-04:00,87.0906100759087,87.34578848537211,86.42384406502268,86.687255859375,9933700,0.0
2019-04-08 00:00:00-04:00,86.52263158772725,86.9671401977539,86.35800156041353,86.9671401977539,8056300,0.0
2019-04-09 00:00:00-04:00,86.49794429749294,86.59671980930862,85.81471769967831,86.32508087158203,9092200,0.0
2019-04-10 00:00:00-04:00,86.53908118908036,87.02475038493978,85.99579714312056,86.71194458007812,10882300,0.0
2019-04-11 00:00:00-04:00,87.01651675501688,87.85614611490232,86.89304111030053,87.44456481933594,11183800,0.0
2019-04-12 00:00:00-04:00,90.0869272195858,92.07074604593234,89.62595184049714,91.5439224243164,25834100,0.0
2019-04-15 00:00:00-04:00,91.30517743445024,91.37103193769684,89.82348879278841,90.49848175048828,15163800,0.0
2019-04-16 00:00:00-04:00,90.46557647291601,91.69208706270507,90.4326492132947,91.453369140625,11583200,0.0
2019-04-17 00:00:00-04:00,91.94727342701309,94.38384060786855,91.3792954200606,94.0875015258789,17791900,0.0
2019-04-18 00:00:00-04:00,94.27681803185386,94.62254484028308,93.28902535627533,93.39603424072266,12501900,0.0
2019-04-22 00:00:00-04:00,92.87742860943085,93.78290612509765,92.73749248833077,93.51126098632812,7975900,0.0
2019-04-23 00:00:00-04:00,93.01737964569531,94.14511473945164,92.893903991889,93.62651824951172,9193100,0.0
2019-04-24 00:00:00-04:00,93.2313901442893,93.96400429544117,92.86096323670456,93.47010803222656,9245700,0.0
2019-04-25 00:00:00-04:00,93.02564238853374,93.96404760523963,92.60582754519649,93.51953887939453,9311800,0.0
2019-04-26 00:00:00-04:00,93.79939173851446,94.31798828421641,93.51128603547632,94.2274398803711,7889300,0.0
2019-04-29 00:00:00-04:00,94.33443685896746,96.44173747834265,94.21096120748247,95.58564758300781,14242200,0.0
2019-04-30 00:00:00-04:00,95.84082229494554,96.0795402038829,94.87772355491818,95.52802276611328,11389100,0.0
2019-05-01 00:00:00-04:00,95.2563638799235,96.31001085711301,94.75423426107048,94.79539489746094,10412900,0.0
2019-05-02 00:00:00-04:00,94.80363427097423,95.30576395481782,94.31797135591064,95.0011978149414,8613300,0.0
2019-05-03 00:00:00-04:00,95.4868658057733,96.04661664963714,95.2152206285528,95.58564758300781,8185400,0.0
2019-05-06 00:00:00-04:00,93.98872573989763,95.05060647145882,93.61007161767353,94.73780059814453,9387000,0.0
2019-05-07 00:00:00-04:00,93.86524741548845,93.86524741548845,92.43294598837662,93.19025421142578,15017700,0.0
2019-05-08 00:00:00-04:00,92.73751837662066,93.56890823187845,92.57288205857454,92.69635772705078,9575800,0.0
2019-05-09 00:00:00-04:00,91.48632896470814,92.80338841720356,91.02535972639345,92.6222915649414,12205900,0.0
2019-05-10 00:00:00-04:00,91.98845388705472,92.88569843170895,90.99242753371789,92.61405944824219,13189000,0.0
2019-05-13 00:00:00-04:00,90.61373497544814,90.9183010994794,89.70825742685233,90.09513854980469,13783700,0.0
2019-05-14 00:00:00-04:00,90.17748486790829,91.96374658942555,90.13632421690302,90.81131744384766,10503600,0.0
2019-05-15 00:00:00-04:00,89.89759951719817,91.28874651778656,89.40370314333457,90.46558380126953,10142000,0.0
2019-05-16 00:00:00-04:00,91.05827314709758,92.3341717462835,91.0335729871722,91.62625122070312,9672700,0.0
2019-05-17 00:00:00-04:00,90.54791479625274,91.98844980437494,90.40797861700565,91.18174743652344,9570100,0.0
2019-05-20 00:00:00-04:00,91.0253470729266,92.03783383494091,90.85248363258842,91.6591796875,8518200,0.0
2019-05-21 00:00:00-04:00,91.73326689127859,92.12838152889864,91.55217006560525,91.97198486328125,7967900,0.0
2019-05-22 00:00:00-04:00,91.70033631741063,92.02136930398595,91.16527924637388,91.222900390625,7918900,0.0
2019-05-23 00:00:00-04:00,90.25154545983811,90.37502110382998,88.48997802756834,89.42838287353516,14558000,0.0
2019-05-24 00:00:00-04:00,90.15277067079934,90.5149642464983,89.88113176925775,90.30917358398438,8537300,0.0
2019-05-28 00:00:00-04:00,89.88936361470171,90.40796013093615,89.26376448943313,89.3296127319336,11665500,0.0
2019-05-29 00:00:00-04:00,88.44882572162948,89.23083402045349,88.12779278513555,89.0826644897461,9966400,0.0
2019-05-30 00:00:00-04:00,89.43662425334824,89.87289945825395,87.69975053855681,88.12779235839844,10367800,0.0
2019-05-31 00:00:00-04:00,86.89305421448502,87.74091080637835,86.30037605465157,87.22232055664062,10952800,0.0
2019-06-03 00:00:00-04:00,87.09059662091865,87.96314687736322,86.6790153633155,87.63388061523438,11680700,0.0
2019-06-04 00:00:00-04:00,88.77809298526215,90.46557897621184,88.18541485614355,90.33386993408203,12858600,0.0
2019-06-05 00:00:00-04:00,90.43265605758857,90.8606979045963,89.42839654394636,90.6549072265625,8340500,0.0
2019-06-06 00:00:00-04:00,90.67137359724208,91.26405175219885,89.66711408803567,90.85247039794922,8726700,0.0
2019-06-07 00:00:00-04:00,90.30093231934899,90.56434409317217,89.69179376992639,89.85643005371094,10618900,0.0
2019-06-10 00:00:00-04:00,91.1652737869926,91.54392789514354,90.72899853804117,90.82777404785156,11380600,0.0
2019-06-11 00:00:00-04:00,91.22288539700213,91.84025738974854,90.85246471344735,91.1076431274414,9847700,0.0
2019-06-12 00:00:00-04:00,91.12409849251969,91.2887347827993,89.63417617682502,89.94697570800781,9670500,0.0
2019-06-13 00:00:00-04:00,90.10338071184687,90.67959832089474,89.7658872993214,90.16923522949219,8406900,0.0
2019-06-14 00:00:00-04:00,90.19393619403054,90.79484772437716,89.42016125144985,90.39972686767578,9077400,0.0
2019-06-17 00:00:00-04:00,90.30094495922569,90.85246873681334,89.77412133783717,89.90583038330078,8128600,0.0
2019-06-18 00:00:00-04:00,89.73295792249007,91.70854944359166,89.70826404901406,91.13233184814453,11057300,0.0
2019-06-19 00:00:00-04:00,91.22288302121012,91.85671548728666,90.30093860850266,90.47380828857422,13126500,0.0
2019-06-20 00:00:00-04:00,91.27227024205618,91.44513364089596,89.7494206311254,90.70429229736328,13638000,0.0
2019-06-21 00:00:00-04:00,90.70430135604519,91.92257865436675,89.79881734754971,90.08692932128906,27089500,0.0
2019-06-24 00:00:00-04:00,89.95522689540671,90.35857489601086,89.34608820139974,89.44486999511719,13039600,0.0
2019-06-25 00:00:00-04:00,89.4613181497926,89.70826945991269,88.62992210463652,88.70401000976562,18660100,0.0
2019-06-26 00:00:00-04:00,89.14851474152394,89.97990447046504,89.0332724765176,89.29668426513672,10324600,0.0
2019-06-27 00:00:00-04:00,89.59300231933594,90.17745321333236,89.26374234780681,89.59300231933594,10906600,0.0
2019-06-28 00:00:00-04:00,91.40398141945975,92.54817700066423,91.28873915086598,92.02958679199219,21634700,0.0
2019-07-01 00:00:00-04:00,93.20670488772751,94.2685791256776,93.08322924045378,93.5771255493164,12724500,0.0
2019-07-02 00:00:00-04:00,93.43718542051256,94.00516332532975,93.19846752071263,93.6759033203125,10174900,0.0
2019-07-03 00:00:00-04:00,93.9577521409198,94.39712228729307,93.0624474753832,93.52667999267578,6849400,0.8
2019-07-05 00:00:00-04:00,94.09871378402154,94.72874201263839,93.60960609831847,94.0821304321289,7929400,0.0
2019-07-08 00:00:00-04:00,93.64277475616252,94.07385339774332,93.26143984996177,93.56816864013672,6917200,0.0
2019-07-09 00:00:00-04:00,93.07901471200597,94.08209205266863,92.97124826744806,93.96603393554688,8947300,0.0
2019-07-10 00:00:00-04:00,93.9826566217673,94.36399149832154,93.4603885514052,93.6925048828125,9242300,0.0
2019-07-11 00:00:00-04:00,93.98265481078889,94.8033536309349,93.77540718678364,94.58781433105469,11595200,0.0
2019-07-12 00:00:00-04:00,94.61264959272228,95.62401865234627,94.44685408199746,95.58257293701172,10783400,0.0
2019-07-15 00:00:00-04:00,95.78153292623841,95.80640162144529,94.1152607757481,94.42198944091797,12946600,0.0
2019-07-16 00:00:00-04:00,94.07380625133658,95.74836359365946,93.60956746039426,95.433349609375,16945000,0.0
2019-07-17 00:00:00-04:00,94.86136268457403,95.28414951919645,94.28107198975444,94.4966049194336,13120900,0.0
2019-07-18 00:00:00-04:00,94.44685935023747,95.39190772840895,94.13184533241154,95.06031036376953,9397200,0.0
2019-07-19 00:00:00-04:00,95.24270138823631,95.43337195276843,94.00750753009362,94.12356567382812,10402800,0.0
2019-07-22 00:00:00-04:00,93.60131567298771,94.87795541290804,93.48525119011786,94.7287368774414,9061100,0.0
2019-07-23 00:00:00-04:00,95.23442551655575,96.53594033699855,95.18468811090047,96.46133422851562,12752200,0.0
2019-07-24 00:00:00-04:00,95.81472167268026,96.89240550722081,95.76497794284006,96.85095977783203,10011000,0.0
2019-07-25 00:00:00-04:00,96.90066351839272,97.19080882209576,95.59914916347337,95.92245483398438,10138400,0.0
2019-07-26 00:00:00-04:00,95.97221116342064,96.58566858340309,95.77325524799919,96.34526062011719,12800400,0.0
2019-07-29 00:00:00-04:00,96.54422838866952,97.14110253290907,95.98880629738368,96.03854370117188,8500400,0.0
2019-07-30 00:00:00-04:00,95.49140694404684,96.22920789982079,95.13494081628119,95.822998046875,7121100,0.0
2019-07-31 00:00:00-04:00,96.24577007737163,96.312090817584,95.21782390285557,96.16287231445312,13648000,0.0
2019-08-01 00:00:00-04:00,95.60746920682696,96.8260861686844,93.34432251699242,93.62618255615234,15664500,0.0
2019-08-02 00:00:00-04:00,93.17851789526917,94.03237695564225,92.34952753378937,93.61788177490234,11025500,0.0
2019-08-05 00:00:00-04:00,91.84387386633307,92.00138411201054,89.75481390938812,90.83250427246094,15855300,0.0
2019-08-06 00:00:00-04:00,91.23039608103257,91.60343923128202,89.81281693081702,91.54541015625,10203500,0.0
2019-08-07 00:00:00-04:00,89.5309555818524,89.76307186215055,87.82323752706368,89.55582427978516,17320900,0.0
2019-08-08 00:00:00-04:00,90.40139584926149,91.25525485674157,90.12782752899288,91.0728759765625,10903300,0.0
2019-08-09 00:00:00-04:00,90.65011338802454,91.56200170807175,89.77138544821305,90.97341918945312,9980800,0.0
2019-08-12 00:00:00-04:00,89.89572818985614,89.95375726950958,88.87606713343688,89.26569366455078,9393700,0.0
2019-08-13 00:00:00-04:00,89.4895038704686,91.46250490977664,88.72683428243582,90.64179992675781,12124700,0.0
2019-08-14 00:00:00-04:00,88.12167458152814,88.62735918864674,86.58803741174869,86.87818908691406,19491800,0.0
2019-08-15 00:00:00-04:00,86.8947713938606,88.18799436298522,86.49685322852511,87.20978546142578,13365600,0.0
2019-08-16 00:00:00-04:00,88.17970765279425,89.5143826502167,87.76521246911508,89.29884338378906,11830600,0.0
2019-08-19 00:00:00-04:00,90.8822052686085,90.98168638254536,89.87912775401482,90.10295867919922,8265400,0.0
2019-08-20 00:00:00-04:00,89.40661708033194,89.8957247254433,88.9009324093993,88.9589614868164,8374000,0.0
2019-08-21 00:00:00-04:00,89.70506517599216,89.88744410593343,89.07503059747575,89.20767211914062,8189300,0.0
2019-08-22 00:00:00-04:00,89.83767754735013,90.58376372819131,89.47291980582328,90.12782287597656,9343400,0.0
2019-08-23 00:00:00-04:00,89.53094506842959,90.1775564375284,87.13516380359248,87.88954162597656,14762300,0.0
2019-08-26 00:00:00-04:00,88.3869677718533,88.6936902034436,87.8812830701177,88.5942153930664,8209500,0.0
2019-08-27 00:00:00-04:00,88.99211519076495,89.16620240996367,86.91134758562767,87.65744018554688,14331800,0.0
2019-08-28 00:00:00-04:00,87.11031406735177,88.87606136916615,87.07715369188688,88.53617858886719,10585500,0.0
2019-08-29 00:00:00-04:00,89.64701677660766,91.09774990259731,89.54753565679263,90.54232788085938,10002200,0.0
2019-08-30 00:00:00-04:00,91.05629262853124,91.65316666377396,90.74957026158837,91.0728759765625,10170300,0.0
2019-09-03 00:00:00-04:00,90.34338190615455,90.35166725686321,88.96725472509385,89.99520111083984,9868800,0.0
2019-09-04 00:00:00-04:00,90.73301878666453,91.37134509152544,89.9952176574486,91.0811996459961,6929200,0.0
2019-09-05 00:00:00-04:00,92.22518445624117,94.27279181072645,92.18373240525925,93.15365600585938,13224700,0.0
2019-09-06 00:00:00-04:00,93.39405977616367,93.65933644627991,92.8137627120568,93.35260772705078,7836600,0.0
2019-09-09 00:00:00-04:00,94.26451601178752,96.21264256684009,94.17332654402499,95.66551208496094,13985100,0.0
2019-09-10 00:00:00-04:00,96.41158522609557,97.2157005944812,95.93906095512081,96.88410949707031,14333100,0.0
2019-09-11 00:00:00-04:00,96.90068390388859,97.15766889484694,95.64890667349172,97.14938354492188,9919200,0.0
2019-09-12 00:00:00-04:00,96.61881905818285,98.21047886787835,96.0965511372528,97.74624633789062,12283500,0.0
2019-09-13 00:00:00-04:00,98.64985655304561,99.81044436566745,98.44260895524509,99.66951751708984,16257200,0.0
2019-09-16 00:00:00-04:00,98.56694671566595,99.37106830867002,98.13586822316971,98.78248596191406,11993900,0.0
2019-09-17 00:00:00-04:00,98.1690233062072,98.32653347667718,97.19081456400751,98.29337310791016,10735400,0.0
2019-09-18 00:00:00-04:00,98.08614376915936,99.54516864249936,97.61361949465709,99.27989196777344,10665600,0.0
2019-09-19 00:00:00-04:00,99.23014329969426,99.76069662271557,98.72445867545605,98.9648666381836,9382600,0.0
2019-09-20 00:00:00-04:00,99.26331980305564,99.76071283362666,98.54210212237109,98.56697082519531,21862800,0.0
2019-09-23 00:00:00-04:00,97.63848115437087,98.74933149791453,97.5555833853767,98.55036926269531,9135100,0.0
2019-09-24 00:00:00-04:00,98.44261442693579,98.86540132086294,97.02504153815133,97.26544952392578,11696500,0.0
2019-09-25 00:00:00-04:00,97.21571123923701,98.11931415529867,97.09136772644015,97.82087707519531,9389400,0.0
2019-09-26 00:00:00-04:00,97.72140247308725,97.86233567150438,96.95044101872955,97.01676177978516,9899200,0.0
2019-09-27 00:00:00-04:00,97.78772396532968,98.35143778912557,97.22401014153377,97.5887680053711,10207800,0.0
2019-09-30 00:00:00-04:00,98.11932598168325,98.45920883212003,97.17427722234713,97.56390380859375,9755000,0.0
2019-10-01 00:00:00-04:00,98.15246201036805,98.64985497217961,95.67378255130932,95.78984069824219,11250300,0.0
2019-10-02 00:00:00-04:00,95.17640193020534,95.25101436769167,93.61790199096728,93.8831787109375,12548700,0.0
2019-10-03 00:00:00-04:00,93.81629632313663,94.35110606699288,92.35394196779222,93.74945068359375,12735200,0.9
2019-10-04 00:00:00-04:00,93.87480018139472,96.04744626822402,93.81630625600222,95.78004455566406,9453100,0.0
2019-10-07 00:00:00-04:00,95.4207073785228,96.51538196502432,95.32042936187158,95.57112121582031,6771600,0.0
2019-10-08 00:00:00-04:00,94.47645025048074,94.47645025048074,93.30657180922537,93.44026947021484,10806300,0.0
2019-10-09 00:00:00-04:00,94.15057536947724,94.56003928946794,93.64919787345028,94.11714935302734,7273700,0.0
2019-10-10 00:00:00-04:00,94.54329115856687,96.43181901023105,94.42630332818895,95.43741607666016,10994100,0.0
2019-10-11 00:00:00-04:00,96.95827385716208,98.59611002014924,96.82457619863213,97.0501937866211,15076500,0.0
2019-10-14 00:00:00-04:00,96.80788002726983,97.6602274811868,96.64911442339161,97.30925750732422,8779000,0.0
2019-10-15 00:00:00-04:00,99.31477362376178,101.6044014829419,98.49585856206754,100.24232482910156,23379000,0.0
2019-10-16 00:00:00-04:00,100.2423069891004,100.79382658076453,99.75763941618817,100.00833129882812,11087700,0.0
2019-10-17 00:00:00-04:00,100.9024528646364,101.58767009491397,100.17545153023394,100.56819915771484,10818500,0.0
2019-10-18 00:00:00-04:00,100.27574667574567,101.12808771733098,100.15875881465278,100.74369812011719,10417400,0.0
2019-10-21 00:00:00-04:00,101.98879406210793,103.4260744208616,101.93865185311675,103.24224090576172,12714600,0.0
2019-10-22 00:00:00-04:00,103.15865526274081,104.53744783300309,102.88290184897575,104.27840423583984,12549100,0.0
2019-10-23 00:00:00-04:00,103.78539836715146,104.5792518773229,103.76033044978949,104.55418395996094,8828300,0.0
2019-10-24 00:00:00-04:00,104.69623929715334,105.0054251524785,103.67676815969465,104.47897338867188,8020500,0.0
2019-10-25 00:00:00-04:00,104.45386870782282,105.83266104983772,104.24496097040718,105.31456756591797,9055700,0.0
2019-10-28 00:00:00-04:00,105.76585696995451,106.30066051004793,105.62380117422744,105.7157211303711,9522200,0.0
2019-10-29 00:00:00-04:00,105.33967887221118,106.47613794197957,105.23940719717098,105.64886474609375,9797300,0.0
2019-10-30 00:00:00-04:00,105.33132845914395,105.50681026800694,104.38706100503617,105.06392669677734,8513700,0.0
2019-10-31 00:00:00-04:00,104.86336400186451,105.06392009255337,103.5012873565787,104.38705444335938,11589100,0.0
2019-11-01 00:00:00-04:00,105.4566480908148,106.95242860742148,105.30623422949793,106.79366302490234,11682600,0.0
2019-11-04 00:00:00-05:00,107.86329379664569,108.14740538917324,107.42876193407741,107.64603424072266,9159900,0.0
2019-11-05 00:00:00-05:00,108.12232470060982,108.88275218262127,107.66272497243143,107.87999725341797,13747600,0.0
2019-11-06 00:00:00-05:00,107.5373911805311,108.49836204971551,107.44547122994395,108.04712677001953,11231100,0.0
2019-11-07 00:00:00-05:00,108.99138779879117,109.71003124963474,108.56522041252151,108.63207244873047,13528900,0.0
2019-11-08 00:00:00-05:00,108.53178461863938,108.96630366325148,108.00533288103904,108.94960021972656,9293400,0.0
2019-11-11 00:00:00-05:00,108.29780545984195,108.71562104764887,108.08889766593849,108.56520080566406,8679000,0.0
2019-11-12 00:00:00-05:00,108.32287003597786,109.15013671387419,107.80477005257832,107.93012237548828,9099000,0.0
2019-11-13 00:00:00-05:00,107.06942182284855,107.64600934834884,106.47611810438207,107.36188507080078,8023300,0.0
2019-11-14 00:00:00-05:00,106.72682152995746,107.66272442569843,106.61818539001588,107.4621810913086,8483400,0.0
2019-11-15 00:00:00-05:00,107.98861168967147,108.23930358886719,107.29503629387517,108.23930358886719,10163600,0.0
2019-11-18 00:00:00-05:00,108.26436429139254,109.17519913876357,107.78806119029859,109.15013122558594,8749300,0.0
2019-11-19 00:00:00-05:00,109.4593186476369,109.6765781359715,108.78244676910872,109.11670684814453,8824500,0.0
2019-11-20 00:00:00-05:00,108.8827550164108,109.15015038748793,107.74629600021063,108.32288360595703,11782800,0.0
2019-11-21 00:00:00-05:00,108.63206293014802,109.23371845258806,108.12232735560079,108.57356262207031,7705500,0.0
2019-11-22 00:00:00-05:00,108.75739472737246,109.65152622471078,108.71562336827598,109.29219818115234,8167900,0.0
2019-11-25 00:00:00-05:00,109.67658017931078,110.36180379106163,109.35903628599029,109.87713623046875,10068500,0.0
2019-11-26 00:00:00-05:00,110.15292497828399,110.15292497828399,108.93289766008753,110.02757263183594,10490700,0.0
2019-11-27 00:00:00-05:00,110.54564619626551,110.66263405461618,110.01084273655955,110.35345458984375,6607900,0.0
2019-11-29 00:00:00-05:00,110.19465734800289,110.64590523437597,109.84369385344456,110.10273742675781,5712000,0.0
2019-12-02 00:00:00-05:00,110.5623549593712,110.92168298276002,109.76015619909002,109.86042785644531,8615600,0.0
2019-12-03 00:00:00-05:00,108.43985231971655,108.59862427015297,107.4538009831362,108.44820404052734,10361300,0.0
2019-12-04 00:00:00-05:00,108.94958025737834,110.69604608975276,108.62368465827156,110.58740997314453,10318200,0.0
2019-12-05 00:00:00-05:00,110.8715505812049,111.39800236057631,110.4537349469663,111.18909454345703,9587400,0.0
2019-12-06 00:00:00-05:00,112.55116466972984,113.46199958762733,112.5177322824251,112.8436279296875,10170600,0.0
2019-12-09 00:00:00-05:00,112.50102431887167,113.1945996942976,112.31718444824219,112.31718444824219,8498200,0.0
2019-12-10 00:00:00-05:00,111.34784847387151,112.61801136625138,111.03866903488715,112.39238739013672,7532900,0.0
2019-12-11 00:00:00-05:00,112.21690468032581,112.8269246175063,111.98292897180063,112.12498474121094,9011900,0.0
2019-12-12 00:00:00-05:00,112.38406184985362,115.70987096381516,112.15008609816118,115.3338394165039,13717400,0.0
2019-12-13 00:00:00-05:00,115.27532723533382,116.01068680821561,113.82968875748291,114.32270812988281,10592100,0.0
2019-12-16 00:00:00-05:00,115.6346504482853,116.01903366291376,114.74888340941416,114.76558685302734,11372000,0.0
2019-12-17 00:00:00-05:00,115.09148254516086,115.8769779196872,114.6736669417507,115.46751403808594,11546800,0.0
2019-12-18 00:00:00-05:00,115.44244484410534,116.16945265648157,115.08312954949561,115.35052490234375,10381500,0.0
2019-12-19 00:00:00-05:00,115.11654776565994,115.50094372211295,114.56504087262044,114.7739486694336,9350400,0.0
2019-12-20 00:00:00-05:00,115.33381336302142,116.05245665251567,114.39789781694937,114.68202209472656,29992600,0.0
2019-12-23 00:00:00-05:00,114.98285019499288,115.24189380879754,114.38119475292815,114.64859008789062,9738400,0.0
2019-12-24 00:00:00-05:00,114.75724056492543,115.00793248891692,114.53161655826098,114.96614837646484,3324300,0.0
2019-12-26 00:00:00-05:00,115.22517130774153,116.23629054413287,115.13325137716049,116.18614196777344,6770900,0.0
2019-12-27 00:00:00-05:00,116.4034260339622,116.79617370899032,115.87697430983516,116.26972198486328,7868200,0.0
2019-12-30 00:00:00-05:00,116.9047786284267,117.05519884758606,115.70983234897099,115.84353637695312,6963000,0.0
2019-12-31 00:00:00-05:00,115.74325025243708,116.55381337773898,115.55941040438606,116.4869613647461,7201600,0.0
2020-01-02 00:00:00-05:00,116.81289247061584,117.90758017160772,116.37000890677704,117.89921569824219,10803700,0.0
2020-01-03 00:00:00-05:00,115.636942644423,117.09186203875413,115.28372588680051,116.34337615966797,10386800,0.9
2020-01-06 00:00:00-05:00,114.84640047879925,116.28450914453764,114.79594277694515,116.25086212158203,10259000,0.0
2020-01-07 00:00:00-05:00,115.4519330618954,115.93971229536085,114.22408605401766,114.27454376220703,10531300,0.0
2020-01-08 00:00:00-05:00,114.12313797056154,115.70421432613709,114.039046082388,115.16597747802734,9695300,0.0
2020-01-09 00:00:00-05:00,116.09944888586507,116.25082193910478,115.25003508965936,115.58644104003906,9469000,0.0
2020-01-10 00:00:00-05:00,115.39303027749644,115.42666446051375,114.21562855066661,114.43429565429688,10190900,0.0
2020-01-13 00:00:00-05:00,114.53521953211117,115.3846206665039,114.1735846668225,115.3846206665039,12355200,0.0
2020-01-14 00:00:00-05:00,116.00696767707434,118.37856926177686,115.79671871806343,116.730224609375,24906000,0.0
2020-01-15 00:00:00-05:00,115.93129416866786,116.56204111663106,114.50159082055434,114.98096466064453,16293400,0.0
2020-01-16 00:00:00-05:00,115.59487812365074,115.97332369326148,115.08187013693181,115.42668151855469,10783800,0.0
2020-01-17 00:00:00-05:00,115.67054855687206,116.30129536254609,115.48554129984484,116.2256088256836,14697700,0.0
2020-01-21 00:00:00-05:00,115.37621706944914,116.11629748766266,114.95571916502377,115.08186340332031,8474200,0.0
2020-01-22 00:00:00-05:00,115.4182492337137,115.55279878683105,114.6949924513344,114.94728088378906,7549100,0.0
2020-01-23 00:00:00-05:00,114.13152136526675,114.99774582823783,113.29893108080073,114.82953643798828,9345700,0.0
2020-01-24 00:00:00-05:00,114.68657613177565,114.73703381908047,111.28055391294424,111.97856903076172,15166400,0.0
2020-01-27 00:00:00-05:00,109.55651898285218,111.80197607571017,109.08556342020316,111.03666687011719,12860500,0.0
2020-01-28 00:00:00-05:00,111.71787353408547,113.50919860699318,111.41511454757398,113.0550537109375,13062800,0.0
2020-01-29 00:00:00-05:00,113.37463515465771,113.98855845985048,112.432724019833,112.88685607910156,9326000,0.0
2020-01-30 00:00:00-05:00,111.59172934499789,114.4847568099499,111.59172934499789,114.28291320800781,9048900,0.0
2020-01-31 00:00:00-05:00,113.1055419675051,113.39147749054321,110.56573078429983,111.31421661376953,12785200,0.0
2020-02-03 00:00:00-05:00,111.56651249869195,112.89528748109961,111.56651249869195,112.16361236572266,10021100,0.0
2020-02-04 00:00:00-05:00,113.99697979731971,114.88002792703945,113.6017107567078,113.77831268310547,9157100,0.0
2020-02-05 00:00:00-05:00,114.85483215742656,115.83037778401224,114.38386360871868,115.71263885498047,10150700,0.0
2020-02-06 00:00:00-05:00,116.25927027068721,116.30130979688845,115.30894085910028,115.72943878173828,8992300,0.0
2020-02-07 00:00:00-05:00,114.98938047995853,115.77991877999872,114.62775835647412,115.35942077636719,6379800,0.0
2020-02-10 00:00:00-05:00,115.17437412626668,115.93127805818648,115.00617753003264,115.8387680053711,5960700,0.0
2020-02-11 00:00:00-05:00,116.27610368361744,116.74707222842625,115.87242919207631,116.05744934082031,6578600,0.0
2020-02-12 00:00:00-05:00,116.56205207968226,117.14232854701855,115.88925270539323,116.05744934082031,7958000,0.0
2020-02-13 00:00:00-05:00,115.84717888373132,116.34336335775208,114.71182934784672,115.95651245117188,7447500,0.0
2020-02-14 00:00:00-05:00,115.92286406715303,116.21721774560972,115.16597294051893,115.6032943725586,6627600,0.0
2020-02-18 00:00:00-05:00,115.50236800371833,115.81354519718566,113.57649313613626,114.07267761230469,8996400,0.0
2020-02-19 00:00:00-05:00,115.14076083864512,116.38543127578392,114.66138697816285,115.6285400390625,7071200,0.0
2020-02-20 00:00:00-05:00,115.35941517017841,116.36020242339855,114.82117826499028,115.6285400390625,7422800,0.0
2020-02-21 00:00:00-05:00,114.83796337498717,115.14912767207178,113.46713630175363,114.21562194824219,9772800,0.0
2020-02-24 00:00:00-05:00,110.5404705682211,112.02061829622998,110.00223386416558,111.14598846435547,13618400,0.0
2020-02-25 00:00:00-05:00,110.17046971170907,111.20489113954399,105.62067853158193,106.18415069580078,20797200,0.0
2020-02-26 00:00:00-05:00,106.74758979148861,108.44639836720594,106.25139896722577,106.50370025634766,24825600,0.0
2020-02-27 00:00:00-05:00,103.3668126615891,105.64591085808617,102.01280870327209,102.0716781616211,23005500,0.0
2020-02-28 00:00:00-05:00,98.83381856450109,99.64958547560381,94.74658508743141,97.64801788330078,45931400,0.0
2020-03-02 00:00:00-05:00,98.0853310200374,102.24826379018259,96.26037180091474,102.19779968261719,27355400,0.0
2020-03-03 00:00:00-05:00,101.73527215158519,103.40044039302923,97.75735883473226,98.36287689208984,32547700,0.0
2020-03-04 00:00:00-05:00,99.51505443036163,101.07930744409786,96.46223496018766,100.79336547851562,25795900,0.0
2020-03-05 00:00:00-05:00,97.27799522691956,97.91715391414192,94.6793209486552,95.84830474853516,25025600,0.0
2020-03-06 00:00:00-05:00,89.36422417787799,92.77866540405694,88.32138466493645,90.89483642578125,38159400,0.0
2020-03-09 00:00:00-04:00,81.2149637625565,83.45201565972098,78.21260902750697,78.58264923095703,40352000,0.0
2020-03-10 00:00:00-04:00,83.25857284102145,85.17604197681466,79.54137345206877,84.68826293945312,31102700,0.0
2020-03-11 00:00:00-04:00,82.1652963930927,84.14164187980985,79.51616445629044,80.70196533203125,38127000,0.0
2020-03-12 00:00:00-04:00,75.34483378891414,81.5429770489135,72.59477950123534,74.0497055053711,49725200,0.0
2020-03-13 00:00:00-04:00,80.72717257566458,87.45513793640842,77.37160164855416,87.38786315917969,38543300,0.0
2020-03-16 00:00:00-04:00,71.65282223492314,79.03676895977605,71.10618023038325,74.31037139892578,38589700,0.0
2020-03-17 00:00:00-04:00,76.43810082695923,81.94662538465855,73.5871258364281,78.85176086425781,35239800,0.0
2020-03-18 00:00:00-04:00,73.73011102299046,76.35402061238307,67.58243287961596,70.5511474609375,41525600,0.0
2020-03-19 00:00:00-04:00,68.59163899997603,74.10016595220095,64.68101231720044,71.73696899414062,32175100,0.0
2020-03-20 00:00:00-04:00,72.57794306308594,75.23548656287478,69.3653392328673,70.22315216064453,30150800,0.0
2020-03-23 00:00:00-04:00,69.53354965222746,70.43341511707158,65.67337466934029,66.46391296386719,32536600,0.0
2020-03-24 00:00:00-04:00,71.40054839444535,75.77372421400952,69.71855670749157,74.3692626953125,34363200,0.0
2020-03-25 00:00:00-04:00,75.05047722010946,80.02076639347999,71.09779879852198,77.14456176757812,38111700,0.0
2020-03-26 00:00:00-04:00,79.1208778472263,82.89694678429504,78.66673939438535,82.51850128173828,29826300,0.0
2020-03-27 00:00:00-04:00,78.37240171846678,79.76003967426142,76.15217328964872,76.63994598388672,30041500,0.0
2020-03-30 00:00:00-04:00,76.23628800961296,79.12930986097201,75.10094470290322,78.63312530517578,21656900,0.0
2020-03-31 00:00:00-04:00,77.41365089930203,79.19655754209593,75.13454707826122,75.71483612060547,23379300,0.0
2020-04-01 00:00:00-04:00,71.56873087887269,72.79658379818618,70.01289015860567,70.94639587402344,28029600,0.0
2020-04-02 00:00:00-04:00,70.23155248861583,73.93193484054835,69.76900228851628,73.59553527832031,24018000,0.0
2020-04-03 00:00:00-04:00,73.0771998480112,74.33481032580613,70.33255332679745,71.42021942138672,21199400,0.9
2020-04-06 00:00:00-04:00,75.61791174234779,77.31738165037291,74.52175287371601,76.01728820800781,26820800,0.0
2020-04-07 00:00:00-04:00,80.2574617728116,80.29995111261724,76.79904085722691,77.01997375488281,22563800,0.0
2020-04-08 00:00:00-04:00,78.26059163598303,80.60586203420857,76.94350628531062,80.13001251220703,22903300,0.0
2020-04-09 00:00:00-04:00,82.35632992894931,88.70385259428714,82.33083891149249,87.31878662109375,42055900,0.0
2020-04-13 00:00:00-04:00,87.61616466677734,87.61616466677734,82.67920705069699,83.43547058105469,26911900,0.0
2020-04-14 00:00:00-04:00,85.84022284975198,86.6729659634735,79.56918117567332,81.14968872070312,46151300,0.0
2020-04-15 00:00:00-04:00,77.45335847384973,78.20112305513318,76.58662500991946,77.14745330810547,30118600,0.0
2020-04-16 00:00:00-04:00,76.67158423471965,76.9604909940041,73.9694269456389,74.20735168457031,32449600,0.0
2020-04-17 00:00:00-04:00,78.17561955564989,81.31963644459388,77.29189438271736,80.87777709960938,30191900,0.0
2020-04-20 00:00:00-04:00,78.57499966005659,80.47840432168444,76.86703042586065,77.92919921875,23679400,0.0
2020-04-21 00:00:00-04:00,75.30350565747224,77.64876920428621,75.05708177001725,75.66889190673828,23035000,0.0
2020-04-22 00:00:00-04:00,77.06246103516733,78.06514848793088,75.77935950629195,75.91531372070312,16662400,0.0
2020-04-23 00:00:00-04:00,76.25521539505937,77.56380804401839,75.84734623455678,75.95780944824219,16638800,0.0
2020-04-24 00:00:00-04:00,77.01996370706358,77.41084094702319,75.19303254412894,77.0794448852539,15809200,0.0
2020-04-27 00:00:00-04:00,78.12464159776209,81.26015948476388,77.78474628540593,80.40193176269531,22870200,0.0
2020-04-28 00:00:00-04:00,83.11255838834319,83.57991511969986,80.75029669085751,80.97122955322266,20238900,0.0
2020-04-29 00:00:00-04:00,84.1917297299254,84.50612747247649,82.65370525696754,83.1550521850586,20462600,0.0
2020-04-30 00:00:00-04:00,81.23466764019584,82.28833726305821,80.34244974771859,81.3706283569336,19127600,0.0
2020-05-01 00:00:00-04:00,79.45021908021165,79.65415365620386,78.03965592910423,79.23778533935547,18547700,0.0
2020-05-04 00:00:00-04:00,78.1926004039082,78.74492936966685,77.15592930131574,78.29457092285156,15725900,0.0
2020-05-05 00:00:00-04:00,79.57766179915052,80.05351119156947,78.09062596487954,78.17559814453125,18064100,0.0
2020-05-06 00:00:00-04:00,78.3116024846697,78.82144232982694,76.41669005532633,76.70559692382812,20978000,0.0
2020-05-07 00:00:00-04:00,77.61478907897653,78.94887920605416,76.96899516925221,77.50432586669922,16771900,0.0
2020-05-08 00:00:00-04:00,78.85538729163098,79.94304673295638,78.26906824033834,78.7704086303711,20487800,0.0
2020-05-11 00:00:00-04:00,77.4193658347673,77.4193658347673,75.90683838710348,76.45066833496094,31907600,0.0
2020-05-12 00:00:00-04:00,76.60362187521712,77.14745182990575,73.84198275285961,73.95244598388672,27962900,0.0
2020-05-13 00:00:00-04:00,73.40009680740663,73.80797240345976,70.86789048832885,71.4032211303711,35451600,0.0
2020-05-14 00:00:00-04:00,70.29008800034538,74.87015963754665,70.01817302963273,74.36881256103516,35152500,0.0
2020-05-15 00:00:00-04:00,73.79945574187937,74.16484191399624,72.48237087621989,72.9922103881836,26099000,0.0
2020-05-18 00:00:00-04:00,75.36300668626254,77.45335421527285,74.67471685969953,76.85853576660156,30504400,0.0
2020-05-19 00:00:00-04:00,76.51860812448261,77.49579778942973,75.27798982563252,75.3459701538086,19597300,0.0
2020-05-20 00:00:00-04:00,77.07942442365606,78.5069788042258,76.79051777284289,77.60626220703125,20552400,0.0
2020-05-21 00:00:00-04:00,76.70557767445808,77.9716875264744,76.19573795724584,76.62060546875,14621400,0.0
2020-05-22 00:00:00-04:00,76.48464500652173,76.78205094375814,75.38848613816768,76.02578735351562,13557900,0.0
2020-05-26 00:00:00-04:00,78.93186935344762,82.84914751349177,78.69394463375978,81.42159271240234,41233900,0.0
2020-05-27 00:00:00-04:00,86.73244614958645,87.16581278962795,83.953815713591,86.13763427734375,39402000,0.0
2020-05-28 00:00:00-04:00,87.47172333042644,87.48021601272724,84.46366064023253,84.85453796386719,24713900,0.0
2020-05-29 00:00:00-04:00,83.83483015796696,84.27668935760256,82.23732474344745,82.68768310546875,26526400,0.0
2020-06-01 00:00:00-04:00,83.06158588961256,84.55712111830216,82.74718164496176,83.78385925292969,15176800,0.0
2020-06-02 00:00:00-04:00,85.21142625177359,85.33038863521534,83.21455026347141,84.06428527832031,21195000,0.0
2020-06-03 00:00:00-04:00,86.31607744801146,89.15418905837475,85.87421164523576,88.60186004638672,25941100,0.0
2020-06-04 00:00:00-04:00,88.21948517516128,90.59024654223458,87.34425918491169,90.44579315185547,26784700,0.0
2020-06-05 00:00:00-04:00,97.66001481367589,98.37378888993105,93.07144587944735,94.51599884033203,42231000,0.0
2020-06-08 00:00:00-04:00,96.36842872687076,97.03122084698803,95.11931750835952,96.40241241455078,24881800,0.0
2020-06-09 00:00:00-04:00,94.0231664855443,94.85590304383504,92.629601790355,93.92969512939453,17031100,0.0
2020-06-10 00:00:00-04:00,93.86172173162181,93.90421107227657,89.94444309629861,90.12288665771484,24913300,0.0
2020-06-11 00:00:00-04:00,84.99900553565199,86.3160976038757,82.03343169418397,82.60275268554688,36259200,0.0
2020-06-12 00:00:00-04:00,85.57680370672573,85.93369082009835,82.70470198778511,84.86302947998047,24856800,0.0
2020-06-15 00:00:00-04:00,81.93145314243932,86.1886276193446,81.46410274800189,86.03567504882812,22153600,0.0
2020-06-16 00:00:00-04:00,89.5365726682743,89.79998842426295,84.38717454033288,86.72394561767578,22193600,0.0
2020-06-17 00:00:00-04:00,87.12331118510309,87.13181034864253,84.3021918055033,84.53162384033203,15639800,0.0
2020-06-18 00:00:00-04:00,83.84336755656177,85.41537632237963,83.38450978741581,84.07279968261719,16591900,0.0
2020-06-19 00:00:00-04:00,85.42383608805817,85.48331726312517,82.19484782548014,83.11255645751953,40371200,0.0
2020-06-22 00:00:00-04:00,82.63671281602647,83.23152460814971,82.03340186031224,82.21184539794922,16216900,0.0
2020-06-23 00:00:00-04:00,84.09828677473169,84.94802190393709,83.14658109615442,83.21456146240234,15381400,0.0
2020-06-24 00:00:00-04:00,82.2118482130969,82.28832123914754,80.13849306733486,80.43590545654297,22919800,0.0
2020-06-25 00:00:00-04:00,80.17248493432064,83.45246210215028,80.09601190665377,83.24002838134766,25743600,0.0
2020-06-26 00:00:00-04:00,80.81827621442886,81.03920907456312,78.17560050481396,78.67694091796875,41896300,0.0
2020-06-29 00:00:00-04:00,79.36524776377283,80.29145577239181,78.32857005958263,79.02535247802734,18499700,0.0
2020-06-30 00:00:00-04:00,78.88088569942337,80.43590199176249,78.65995282874513,79.92605590820312,19137000,0.0
2020-07-01 00:00:00-04:00,80.6313423782995,81.32812472173669,79.05083498024102,79.24627685546875,18755700,0.0
2020-07-02 00:00:00-04:00,81.28835929152241,81.47712368540391,78.87733864235875,79.50369262695312,27845600,0.9
2020-07-06 00:00:00-04:00,81.02238327270975,81.68305215899171,80.20727137395266,81.5114517211914,18625300,0.0
2020-07-07 00:00:00-04:00,80.49896708075929,80.73921023350485,78.93738004177821,79.21194458007812,25757200,0.0
2020-07-08 00:00:00-04:00,79.18622114026967,80.08713314467664,78.76579553821307,80.05281829833984,18762200,0.0
2020-07-09 00:00:00-04:00,80.24157023935705,80.75638454247391,77.89061066992413,78.31961822509766,25600800,0.0
2020-07-10 00:00:00-04:00,78.93740528142418,83.09019606930114,78.82586565230977,82.60112762451172,28954200,0.0
2020-07-13 00:00:00-04:00,84.7118293401332,85.1751517096699,82.56679170061548,83.78517150878906,32079200,0.0
2020-07-14 00:00:00-04:00,84.40294870668428,85.75860760508982,82.91857968644726,84.26566314697266,42731700,0.0
2020-07-15 00:00:00-04:00,86.56515663548157,86.90836403910548,84.64320433977912,85.56986236572266,22508400,0.0
2020-07-16 00:00:00-04:00,84.75475030004415,86.8483097271397,84.55741044684974,85.81011199951172,16886900,0.0
2020-07-17 00:00:00-04:00,85.80151543273496,85.87015821615381,84.2056067219952,84.22277069091797,16137700,0.0
2020-07-20 00:00:00-04:00,83.59642579495822,84.4201196467182,83.45056477400983,83.4848861694336,14458100,0.0
2020-07-21 00:00:00-04:00,83.83667342021911,85.84443260807564,83.77661261160709,85.29530334472656,17798100,0.0
2020-07-22 00:00:00-04:00,85.50122995171635,85.91307364913467,83.68223507406242,84.67753601074219,14271200,0.0
2020-07-23 00:00:00-04:00,84.51448806402155,85.243799595956,84.05974110456133,84.92633819580078,12870200,0.0
2020-07-24 00:00:00-04:00,85.4583245898192,85.62993158155595,84.03402256215986,84.32574462890625,12744200,0.0
2020-07-27 00:00:00-04:00,83.66505999779919,83.76801762736532,82.51531628060009,83.14167022705078,11959100,0.0
2020-07-28 00:00:00-04:00,82.79844216731563,83.9910824168121,82.79844216731563,83.50201416015625,11754300,0.0
2020-07-29 00:00:00-04:00,83.28752704511837,85.55268642758166,83.22746624884608,85.52694702148438,12743500,0.0
2020-07-30 00:00:00-04:00,83.690785119877,83.86238550395393,82.4123445839393,83.24461364746094,14834800,0.0
2020-07-31 00:00:00-04:00,82.78132293924517,83.16742722405016,81.72596119003397,82.9186019897461,14535000,0.0
2020-08-03 00:00:00-04:00,83.24463366081656,83.7165446496857,82.24075742573488,82.45526123046875,12962800,0.0
2020-08-04 00:00:00-04:00,82.29223864809283,82.3265534945228,81.53718110390777,81.98335266113281,13366200,0.0
2020-08-05 00:00:00-04:00,82.25794672097051,84.48878566779095,82.12924308927848,83.40768432617188,15260900,0.0
2020-08-06 00:00:00-04:00,83.72511629876229,84.17128127722866,82.83277979569374,83.43338775634766,10482100,0.0
2020-08-07 00:00:00-04:00,83.16739704679789,85.36391342690804,82.84992912936768,85.26953125,14743700,0.0
2020-08-10 00:00:00-04:00,85.89588479735865,87.5518540597852,85.82724202418959,86.35063171386719,14989900,0.0
2020-08-11 00:00:00-04:00,89.11347636841204,91.0869143271604,88.81317229976888,89.07915496826172,31518600,0.0
2020-08-12 00:00:00-04:00,91.08691484869357,91.3185761183625,87.26874252336457,88.32410430908203,19240800,0.0
2020-08-13 00:00:00-04:00,87.51755397906415,88.68445522247593,87.20866797074122,87.83502197265625,13598600,0.0
2020-08-14 00:00:00-04:00,87.08854202208673,88.64154742545092,87.01989923562712,87.86933898925781,12134400,0.0
2020-08-17 00:00:00-04:00,87.08853648072578,87.51754404959635,85.39824561199397,85.55268859863281,14988000,0.0
2020-08-18 00:00:00-04:00,85.72430158509563,85.72430158509563,84.1884535949463,84.36005401611328,13246500,0.0
2020-08-19 00:00:00-04:00,84.87487266817463,86.30775666098708,84.37722221862651,84.55741119384766,13533000,0.0
2020-08-20 00:00:00-04:00,83.4505473232501,84.11121604512566,83.05586117761678,83.54492950439453,13672600,0.0
2020-08-21 00:00:00-04:00,83.45911079446549,84.57453284108003,83.17597083776384,83.50201416015625,12228300,0.0
2020-08-24 00:00:00-04:00,84.47159936915277,85.98170805324621,83.5878447024947,85.8530044555664,17898300,0.0
2020-08-25 00:00:00-04:00,86.89119093774978,87.50038745188773,85.62991417213621,86.23052215576172,13648900,0.0
2020-08-26 00:00:00-04:00,85.7500395788142,86.03317961445435,84.98640658878882,85.02072143554688,12052400,0.0
2020-08-27 00:00:00-04:00,84.94351355725165,88.07527066934745,84.94351355725165,87.81786346435547,22163900,0.0
2020-08-28 00:00:00-04:00,88.4956829923547,88.59006518355349,87.35452125959557,88.17821502685547,13756700,0.0
2020-08-31 00:00:00-04:00,87.6205002722512,87.67197908108109,85.81866340958055,85.96453094482422,14219400,0.0
2020-09-01 00:00:00-04:00,85.41539751238228,86.54797707233482,84.97780802104253,85.92162322998047,11595600,0.0
2020-09-02 00:00:00-04:00,85.75861723122568,87.46607220458269,85.42399182453767,87.21724700927734,14475700,0.0
2020-09-03 00:00:00-04:00,88.65012096669412,90.08300463034531,86.35064020840574,86.94267272949219,23281200,0.0
2020-09-04 00:00:00-04:00,89.27647745851311,90.27177161160523,86.97699663375218,88.82172393798828,26325500,0.0
2020-09-08 00:00:00-04:00,88.35841853937335,88.86464442460029,85.3553649871617,85.7328872680664,22108600,0.0
2020-09-09 00:00:00-04:00,86.487943342289,87.25157642221126,85.42399967572152,86.54800415039062,13434000,0.0
2020-09-10 00:00:00-04:00,87.00273844521845,87.87791102723325,85.4926299322279,85.65565490722656,15922800,0.0
2020-09-11 00:00:00-04:00,85.77578144265348,86.96842205879878,85.4497314738903,86.71959686279297,13784300,0.0
2020-09-14 00:00:00-04:00,87.09709807214068,88.77022458053632,86.97697650467302,87.92079162597656,19017400,0.0
2020-09-15 00:00:00-04:00,88.14391054203219,88.24686818370681,85.06363235457347,85.18375396728516,23683000,0.0
2020-09-16 00:00:00-04:00,85.31245954329883,86.77108290069103,84.73759087683202,85.54412078857422,19270600,0.0
2020-09-17 00:00:00-04:00,84.68610825268944,85.23523752593394,83.8366749309733,84.56598663330078,18290100,0.0
2020-09-18 00:00:00-04:00,83.99110937752566,85.36393242055033,83.60500514690945,84.38579559326172,20121600,0.0
2020-09-21 00:00:00-04:00,81.68304547643004,82.4123636427579,80.49898684174781,81.77742767333984,28378800,0.0
2020-09-22 00:00:00-04:00,81.47712629855616,82.07774089345457,80.3702858548639,80.88509368896484,19257000,0.0
2020-09-23 00:00:00-04:00,81.32267063106949,81.81173897923374,79.50368279740248,79.57231903076172,19952700,0.0
2020-09-24 00:00:00-04:00,79.21196405109902,80.91083704989596,78.405427657655,79.50369262695312,18366500,0.0
2020-09-25 00:00:00-04:00,78.98031214887212,80.41319614994251,78.82586913074769,80.19869232177734,13293100,0.0
2020-09-28 00:00:00-04:00,81.56290734807196,83.16739782437455,80.95371745714688,82.50672912597656,20894100,0.0
2020-09-29 00:00:00-04:00,82.39519526410395,82.39519526410395,80.9365721017657,81.8117446899414,12848200,0.0
2020-09-30 00:00:00-04:00,81.81175514277037,83.39908209191942,81.73453691018432,82.60112762451172,16400600,0.0
2020-10-01 00:00:00-04:00,83.33043240048289,83.88813700221205,82.39519249785315,83.20172882080078,15778700,0.0
2020-10-02 00:00:00-04:00,81.72593718644389,84.5917044401279,81.58865163012733,83.99109649658203,15149600,0.0
2020-10-05 00:00:00-04:00,85.14283781654082,85.9481964963485,84.45871535890818,85.76634216308594,13871900,0.9
2020-10-06 00:00:00-04:00,86.65830421909564,87.34242673213562,84.44140556905764,84.88304901123047,19220400,0.0
2020-10-07 00:00:00-04:00,85.69707045154912,86.90077777495594,85.44593636586924,86.36387634277344,16358500,0.0
2020-10-08 00:00:00-04:00,87.03934939426283,88.26037351850523,86.51110290011651,88.1391372680664,15659000,0.0
2020-10-09 00:00:00-04:00,88.32966328284414,88.42492129140551,86.69296710938896,87.63687896728516,13689100,0.0
2020-10-12 00:00:00-04:00,87.55026558826357,89.1956230632331,87.33377135752757,88.71067810058594,16058000,0.0
2020-10-13 00:00:00-04:00,89.1956406768616,89.38615669463158,86.82286528936496,87.2731704711914,21697300,0.0
2020-10-14 00:00:00-04:00,87.48964719903985,88.26902774867001,86.68428839890196,86.7882080078125,15204100,0.0
2020-10-15 00:00:00-04:00,85.81830411751538,88.13912232907842,85.7663476209565,88.08716583251953,17171200,0.0
2020-10-16 00:00:00-04:00,87.81872284303157,88.61542002572669,87.22119665257043,87.90531921386719,13275000,0.0
2020-10-19 00:00:00-04:00,87.98327730914899,88.21709484000885,86.21668312649771,86.42452239990234,11725700,0.0
2020-10-20 00:00:00-04:00,86.86616584557996,88.13049169238417,86.70163467967728,86.91812896728516,11257100,0.0
2020-10-21 00:00:00-04:00,86.90947009715615,87.45503334072166,86.017514661076,86.05215454101562,10730500,0.0
2020-10-22 00:00:00-04:00,86.0088442569213,89.40347286179636,86.00018263610045,89.09172058105469,14837200,0.0
2020-10-23 00:00:00-04:00,89.62861347124304,90.45128892315472,89.13500687872008,89.89706420898438,15087600,0.0
2020-10-26 00:00:00-04:00,88.89253951865194,88.93583440410852,86.81419341721296,87.6715087890625,12410700,0.0
2020-10-27 00:00:00-04:00,87.03935501277253,87.39440216715352,85.87028731843039,86.01750183105469,10391700,0.0
2020-10-28 00:00:00-04:00,84.43276234578512,85.12554662829763,83.19441490043837,83.60142517089844,16389500,0.0
2020-10-29 00:00:00-04:00,83.23771598150633,84.84843381448493,82.47565195315828,84.14698791503906,14208800,0.0
2020-10-30 00:00:00-04:00,84.78780836789743,85.22945186597667,83.33296679292587,84.90038299560547,15194500,0.0
2020-11-02 00:00:00-05:00,86.06946054547956,87.35976453115316,84.74451668414535,86.81420135498047,15011600,0.0
2020-11-03 00:00:00-05:00,89.21293736900353,90.70241869473918,88.92717001311007,89.55067443847656,17482600,0.0
2020-11-04 00:00:00-05:00,87.46368415813494,88.39027935969341,85.67111188570384,86.81420135498047,18886500,0.0
2020-11-05 00:00:00-05:00,87.51563514131313,91.0141830795205,87.4636786345438,90.36470031738281,17837400,0.0
2020-11-06 00:00:00-05:00,90.95354434835659,91.014162461482,88.66736607208534,89.16097259521484,12552800,0.0
2020-11-09 00:00:00-05:00,97.99396707375949,102.96467353772564,95.56056704762446,101.23271942138672,47792400,0.0
2020-11-10 00:00:00-05:00,101.62239558472504,101.70899195990305,99.31890029196661,100.90363311767578,20539300,0.0
2020-11-11 00:00:00-05:00,101.2240550277732,101.28467315590918,98.68674205257295,99.39684295654297,14443400,0.0
2020-11-12 00:00:00-05:00,97.44839524784152,98.68674267923721,97.04138498196677,98.17581939697266,22063000,0.0
2020-11-13 00:00:00-05:00,99.32754320952085,99.46610267843717,98.34899173609614,98.79064178466797,11847900,0.0
2020-11-16 00:00:00-05:00,102.0034360905535,102.71353699738056,100.21952550662027,101.57910919189453,19858600,0.0
2020-11-17 00:00:00-05:00,99.92508710665268,100.83436561401146,99.22364783958638,100.54859161376953,14553200,0.0
2020-11-18 00:00:00-05:00,101.6137525429646,102.71354719012604,99.76056202644494,99.80386352539062,12571200,0.0
2020-11-19 00:00:00-05:00,98.87723523061761,100.2974367106923,98.34032721473419,100.07228088378906,10202500,0.0
2020-11-20 00:00:00-05:00,99.09374483198579,100.15023779132032,98.79930922693323,99.21498107910156,12718900,0.0
2020-11-23 00:00:00-05:00,100.4966303041643,102.33249725751203,100.08095845032558,102.07270812988281,13209200,0.0
2020-11-24 00:00:00-05:00,103.9778568879945,106.94815822691189,103.66610464315512,106.79228210449219,20121600,0.0
2020-11-25 00:00:00-05:00,105.10360675694731,105.9782385693467,104.3242263143668,105.6751480102539,11715600,0.0
2020-11-27 00:00:00-05:00,105.64916995561835,105.95226051526284,104.85247288258752,104.97370910644531,5983600,0.0
2020-11-30 00:00:00-05:00,103.91724113113608,104.54074563502374,101.98610949308848,102.08136749267578,14411800,0.0
2020-12-01 00:00:00-05:00,104.21166248280552,105.28547865251527,103.59681964413353,103.69207763671875,12668900,0.0
2020-12-02 00:00:00-05:00,103.65741826557789,105.91761819739249,103.28504798467299,105.68380737304688,10811300,0.0
2020-12-03 00:00:00-05:00,105.51928955646947,105.55392942713759,104.22898575676109,104.99104309082031,12904400,0.0
2020-12-04 00:00:00-05:00,106.06486162789808,106.76630085566177,105.38073903241501,105.94361877441406,13583700,0.0
2020-12-07 00:00:00-05:00,104.9131133263112,105.79640694627558,104.0990928440977,105.54527282714844,9724300,0.0
2020-12-08 00:00:00-05:00,104.81787083096769,105.93498210255419,104.57539829577951,105.64920806884766,9592100,0.0
2020-12-09 00:00:00-05:00,106.6623976776661,106.77497892891826,104.29828389770408,104.82653045654297,13073900,0.0
2020-12-10 00:00:00-05:00,103.90855903638031,104.5926815318492,103.53618873142582,104.15103149414062,13668400,0.0
2020-12-11 00:00:00-05:00,102.9993303586348,103.9345807140987,102.50572361854377,103.5362319946289,9981600,0.0
2020-12-14 00:00:00-05:00,105.07764793230257,105.14692767922207,102.28054587095029,102.44508361816406,12112400,0.0
2020-12-15 00:00:00-05:00,103.30239595348644,104.69661943625484,102.72219295570534,104.19435119628906,12590200,0.0
2020-12-16 00:00:00-05:00,104.17704449371539,104.85250555335388,103.7960124675067,104.49745178222656,11169400,0.0
2020-12-17 00:00:00-05:00,105.00837664159565,105.17290778482672,103.55353496506574,103.6314697265625,11618000,0.0
2020-12-18 00:00:00-05:00,103.17250094024254,103.81332208080546,102.41909855943351,103.12054443359375,28954800,0.0
2020-12-21 00:00:00-05:00,106.66238721384207,108.24712673489216,104.8611534393222,106.99146270751953,28323600,0.0
2020-12-22 00:00:00-05:00,106.85288458155763,106.96545919525485,105.31144682274135,105.3634033203125,11788200,0.0
2020-12-23 00:00:00-05:00,106.3246437161052,109.56339550237206,105.95227338135862,108.30773162841797,14973200,0.0
2020-12-24 00:00:00-05:00,108.3250427052436,108.7233978765857,107.00876077949123,107.83143615722656,4164900,0.0
2020-12-28 00:00:00-05:00,108.95722153307727,109.6759840000812,108.06526631572827,108.54154968261719,8072600,0.0
2020-12-29 00:00:00-05:00,109.2862834826687,109.35556322117266,108.1518558439042,108.25577545166016,8389200,0.0
2020-12-30 00:00:00-05:00,108.67144303055889,108.98319525372217,108.16051981346773,108.55886840820312,7398000,0.0
2020-12-31 00:00:00-05:00,108.32505088380172,110.26484396183136,108.09124001998475,110.03968811035156,8580200,0.0
2021-01-04 00:00:00-05:00,110.41208200395768,110.72383429346053,108.05662319743895,109.00054168701172,16819900,0.0
2021-01-05 00:00:00-05:00,109.01796382384546,110.1605680372547,107.95386228598781,109.5936279296875,13731200,0.9
2021-01-06 00:00:00-05:00,113.28308262291291,115.80377886043698,111.53864913808526,114.73967742919922,24909100,0.0
2021-01-07 00:00:00-05:00,118.35066784929406,120.53120189233087,117.6790596375401,118.50765991210938,21940400,0.0
2021-01-08 00:00:00-05:00,118.5948830575821,118.92632848108627,116.98128259032814,118.63849639892578,12035100,0.0
2021-01-11 00:00:00-05:00,117.38249849087647,120.53990721133162,116.97255706697047,120.4090805053711,15937900,0.0
2021-01-12 00:00:00-05:00,121.6214172857941,123.55773175876294,121.08936667279062,122.30174255371094,18033500,0.0
2021-01-13 00:00:00-05:00,120.88004189946584,122.79890855874366,120.45266588657402,122.41514587402344,14816800,0.0
2021-01-14 00:00:00-05:00,122.53728752154211,124.50848537087764,122.10989808702536,123.13038635253906,18565600,0.0
2021-01-15 00:00:00-05:00,119.86829894015384,123.54904109841344,119.50197085492849,120.9236831665039,27881000,0.0
2021-01-19 00:00:00-05:00,121.98778752588562,122.72044371308672,120.2084777414083,120.40035247802734,19843800,0.0
2021-01-20 00:00:00-05:00,120.20846409808344,120.51373082030904,118.1325918276968,118.59486389160156,16028800,0.0
2021-01-21 00:00:00-05:00,118.35066728892642,118.76060875179023,117.15573889785554,117.6005630493164,13411700,0.0
2021-01-22 00:00:00-05:00,115.73400882600495,117.22548642426482,115.30661942946256,116.69343566894531,12933200,0.0
2021-01-25 00:00:00-05:00,115.25430255141536,116.15268147895432,113.44009669814476,115.23685455322266,14212800,0.0
2021-01-26 00:00:00-05:00,115.78632668489418,116.15265470897371,114.55650261974998,114.76583862304688,11307800,0.0
2021-01-27 00:00:00-05:00,113.03013522453246,113.25691923409184,111.07637900414969,111.52120971679688,17603900,0.0
2021-01-28 00:00:00-05:00,113.3005176807772,115.28044586624235,112.50681358513378,113.48368835449219,13761800,0.0
2021-01-29 00:00:00-05:00,114.42568860595634,114.88796068578534,111.80904816514845,112.22770690917969,14808100,0.0
2021-02-01 00:00:00-05:00,112.86442452131463,113.44881929341398,112.06198967744794,113.05631256103516,11080700,0.0
2021-02-02 00:00:00-05:00,115.07986574593548,117.21678642703728,114.45187088249577,116.53646087646484,12253600,0.0
2021-02-03 00:00:00-05:00,116.57134569858533,118.41171698033807,116.44923632339943,117.8709487915039,10600800,0.0
2021-02-04 00:00:00-05:00,118.158751512268,120.94111441476456,118.158751512268,120.58350372314453,12419500,0.0
2021-02-05 00:00:00-05:00,121.57784676628552,121.6650734452593,119.82470231386276,120.3480224609375,10051300,0.0
2021-02-08 00:00:00-05:00,120.53990589871857,122.37155961575382,120.5224579018064,122.23200225830078,10136400,0.0
2021-02-09 00:00:00-05:00,121.6127131606884,122.09243321293326,120.83644373393612,121.7435531616211,8614800,0.0
2021-02-10 00:00:00-05:00,122.10991156982409,122.86873319000941,121.27258060599009,121.81336212158203,10323200,0.0
2021-02-11 00:00:00-05:00,121.81334542432612,122.58961493768642,120.5573558051988,121.47318267822266,9201000,0.0
2021-02-12 00:00:00-05:00,121.28131265448225,123.51417750514285,121.23769930949253,123.20018005371094,8324600,0.0
2021-02-16 00:00:00-05:00,125.20626819088656,126.75009002944726,124.20321453950332,126.16569519042969,12130600,0.0
2021-02-17 00:00:00-05:00,125.55514340930345,126.8024157615632,124.83120453374012,126.55819702148438,10810100,0.0
2021-02-18 00:00:00-05:00,125.59874886101453,127.16000523051382,125.07541541719137,126.98556518554688,10587800,0.0
2021-02-19 00:00:00-05:00,127.22104217920088,129.82023428506037,127.22104217920088,129.1050262451172,11969800,0.0
2021-02-22 00:00:00-05:00,128.1020137371397,130.99776942580252,128.03223504849342,130.31744384765625,11488400,0.0
2021-02-23 00:00:00-05:00,132.14907687709675,132.84685041429984,130.47442837316328,131.3640899658203,16234400,0.0
2021-02-24 00:00:00-05:00,130.92797816328596,134.1115523371047,130.92797816328596,133.67544555664062,15061400,0.0
2021-02-25 00:00:00-05:00,134.55637095463845,135.10585637111618,131.34661857863202,131.86122131347656,18127700,0.0
2021-02-26 00:00:00-05:00,131.09372647510756,131.59088138130332,127.78802898050928,128.3636932373047,19829200,0.0
2021-03-01 00:00:00-05:00,130.41337712539013,132.03569490307837,129.50626755672417,131.2681427001953,14845500,0.0
2021-03-02 00:00:00-05:00,130.90180535261874,132.38456565981377,130.69246931872738,130.8407440185547,14221700,0.0
2021-03-03 00:00:00-05:00,131.90485252595272,135.1756533653807,131.54725508228984,133.37017822265625,14324100,0.0
2021-03-04 00:00:00-05:00,133.10847452775562,134.6522958217246,129.62833860987126,131.3204345703125,20093900,0.0
2021-03-05 00:00:00-05:00,133.6405743082141,133.87607571631926,129.0614527214214,131.62576293945312,18465100,0.0
2021-03-08 00:00:00-05:00,132.98640212806907,135.5943254552518,131.4861937450043,133.37017822265625,17133300,0.0
2021-03-09 00:00:00-05:00,132.14036005435398,134.53894744807985,130.67504759847006,132.42819213867188,16238800,0.0
2021-03-10 00:00:00-05:00,132.49795942926417,136.20486690078857,132.14906603482623,135.30648803710938,14342200,0.0
2021-03-11 00:00:00-05:00,134.41683539572196,136.19614524365193,133.76267521048072,134.60000610351562,11771500,0.0
2021-03-12 00:00:00-05:00,136.81544458903156,137.48705287962366,135.25418788687213,136.1961669921875,12849500,0.0
2021-03-15 00:00:00-04:00,136.37057156834047,136.8677262899118,134.28598205704517,135.5157928466797,12101100,0.0
2021-03-16 00:00:00-04:00,134.39942504407122,134.8442626123489,132.74222410083289,133.89353942871094,12805600,0.0
2021-03-17 00:00:00-04:00,135.48969041597758,136.83290713999222,133.49232664162864,135.27163696289062,13952400,0.0
2021-03-18 00:00:00-04:00,137.46085553771454,141.02820562641497,137.03346612337486,137.50445556640625,21898500,0.0
2021-03-19 00:00:00-04:00,135.6379002441203,136.0129589245504,131.86994529894545,135.315185546875,54418800,0.0
2021-03-22 00:00:00-04:00,133.27423777670813,134.29472606893358,131.3640879057773,131.67808532714844,19944800,0.0
2021-03-23 00:00:00-04:00,131.1198290143136,132.68108498953984,129.92490103368374,130.3610076904297,17076300,0.0
2021-03-24 00:00:00-04:00,130.83203458361803,133.60566732850776,130.70992521703022,131.372802734375,13079800,0.0
2021-03-25 00:00:00-04:00,130.8320205907127,133.4224956631225,130.24763916247807,133.05616760253906,15608300,0.0
2021-03-26 00:00:00-04:00,134.58259390706348,135.58563446769293,133.0562197354547,135.27163696289062,16754400,0.0
2021-03-29 00:00:00-04:00,132.68114862126544,134.08541326180676,131.7391561938596,133.16958618164062,17570300,0.0
2021-03-30 00:00:00-04:00,134.7221282974397,135.951939447985,134.21624277562398,134.73956298828125,13184300,0.0
2021-03-31 00:00:00-04:00,133.69286528130098,134.74824932275993,132.68109457044977,132.77703857421875,16736700,0.0
2021-04-01 00:00:00-04:00,132.48921464172892,134.13769749142878,132.18394792670048,134.06793212890625,16561500,0.0
2021-04-05 00:00:00-04:00,135.46294270440302,135.9367195792239,133.88372215449144,134.7786102294922,13508000,0.9
2021-04-06 00:00:00-04:00,134.05039233758836,135.3576495515458,133.23446270516737,133.8310546875,13071600,0.0
2021-04-07 00:00:00-04:00,134.32242295273247,136.1911711941242,133.9276043531442,135.92796325683594,16903500,0.0
2021-04-08 00:00:00-04:00,135.111991370403,136.43678594687682,133.62926672573258,136.09461975097656,12335500,0.0
2021-04-09 00:00:00-04:00,136.69999461158375,137.7791320993026,135.96302332179076,137.1123504638672,12122400,0.0
2021-04-12 00:00:00-04:00,136.49821474598244,137.96338871440565,136.48944605897694,136.8228302001953,12273400,0.0
2021-04-13 00:00:00-04:00,135.76998776147846,136.16479280287132,133.73452820725734,135.19093322753906,16113600,0.0
2021-04-14 00:00:00-04:00,132.8922908973456,134.96283876227747,132.41851409625977,132.6641845703125,19939600,0.0
2021-04-15 00:00:00-04:00,132.6993085964531,133.53278917959676,131.00602797713154,133.5064697265625,17694100,0.0
2021-04-16 00:00:00-04:00,134.99794670260198,135.55945061002498,133.96267931188518,134.49786376953125,13773400,0.0
2021-04-19 00:00:00-04:00,134.6031302528563,135.00671742768907,133.55031218835987,133.9275665283203,11900200,0.0
2021-04-20 00:00:00-04:00,133.1291692251854,133.1379379107246,130.4181460152865,130.9621124267578,13716700,0.0
2021-04-21 00:00:00-04:00,129.66359586206679,132.13773015144073,128.7862455558723,132.07630920410156,12236700,0.0
2021-04-22 00:00:00-04:00,131.80437395241248,131.86579491895148,129.19864165749425,129.29515075683594,15256100,0.0
2021-04-23 00:00:00-04:00,129.1284383155156,132.5939834507485,128.69854514454585,131.76927185058594,14041900,0.0
2021-04-26 00:00:00-04:00,132.28689022635731,133.7608458373082,131.93595542662374,132.0938720703125,10799100,0.0
2021-04-27 00:00:00-04:00,132.04126682754392,132.980038406312,131.69910062507782,132.69927978515625,12821200,0.0
2021-04-28 00:00:00-04:00,133.7345342001312,134.13812133234876,132.83086422968807,133.55906677246094,8943700,0.0
2021-04-29 00:00:00-04:00,134.7084301048687,136.2350252501555,134.410134058748,136.15606689453125,12976900,0.0
2021-04-30 00:00:00-04:00,135.19972113132627,135.54188730026488,134.2433988856152,134.94528198242188,11705100,0.0
2021-05-03 00:00:00-04:00,135.85774857346306,136.41047035952002,134.3487044392825,134.5504913330078,11801100,0.0
2021-05-04 00:00:00-04:00,134.1205459216314,136.55081017945983,133.48008390406576,136.41043090820312,12977700,0.0
2021-05-05 00:00:00-04:00,136.86667982146287,138.86703791709974,135.66471390440475,138.20025634765625,10506700,0.0
2021-05-06 00:00:00-04:00,138.682806437872,141.09552042555404,137.88441423263083,140.98146057128906,13542400,0.0
2021-05-07 00:00:00-04:00,137.9370665099327,141.6921261187515,137.76159906216986,141.46401977539062,14257800,0.0
2021-05-10 00:00:00-04:00,141.6921139924855,143.6486019728522,141.3587164991532,141.4464569091797,14014300,0.0
2021-05-11 00:00:00-04:00,141.32364726184613,142.4729744953953,138.65649373321543,139.0951690673828,15451700,0.0
2021-05-12 00:00:00-04:00,140.03395103557267,141.06044978674913,137.77038453785931,138.1388702392578,14381700,0.0
2021-05-13 00:00:00-04:00,138.77928307385477,142.52557311743215,138.34060786365194,141.6920928955078,15395000,0.0
2021-05-14 00:00:00-04:00,142.4729530073966,144.28029296961097,142.12201814791476,143.89425659179688,10584000,0.0
2021-05-17 00:00:00-04:00,143.3327085790455,144.6311966107369,143.0344127017526,144.4732666015625,9886800,0.0
2021-05-18 00:00:00-04:00,144.48212763149976,145.20156173488712,142.34140286093105,142.4379119873047,11098100,0.0
2021-05-19 00:00:00-04:00,141.253435974127,141.41135264433993,139.1828881783929,141.34994506835938,13278900,0.0
2021-05-20 00:00:00-04:00,141.1042938232422,142.00796383963726,139.95496671815567,141.1042938232422,10426000,0.0
2021-05-21 00:00:00-04:00,141.5517448892659,143.20116832798425,141.20080999849125,142.70985412597656,10249000,0.0
2021-05-24 00:00:00-04:00,143.32403212904322,144.08732306722894,142.23611228037512,143.48194885253906,9440300,0.0
2021-05-25 00:00:00-04:00,143.75393871894195,145.37702972057068,141.74479782318528,141.99923706054688,12609100,0.0
2021-05-26 00:00:00-04:00,143.50823848075424,143.65738647047058,141.52541763407373,141.9816436767578,13058300,0.0
2021-05-27 00:00:00-04:00,143.84160244960327,144.54348548145074,142.63086794165437,144.1925506591797,15707500,0.0
2021-05-28 00:00:00-04:00,144.48207706021694,144.71019676306028,143.23624092956538,144.09605407714844,10291300,0.0
2021-06-01 00:00:00-04:00,145.5261214641034,146.4385734704176,145.18395530856208,145.68405151367188,9445400,0.0
2021-06-02 00:00:00-04:00,146.74562789564962,146.9035579342258,145.2278154023332,145.69281005859375,10498600,0.0
2021-06-03 00:00:00-04:00,145.12258594737304,146.7369080607674,144.4645729067418,145.78936767578125,13354400,0.0
2021-06-04 00:00:00-04:00,145.82447345274696,146.22804729920617,144.78919261057115,146.02626037597656,8510800,0.0
2021-06-07 00:00:00-04:00,146.51758104262677,146.60532147601964,144.88570804761767,145.34193420410156,7267200,0.0
2021-06-08 00:00:00-04:00,144.3154191288462,145.42964486096648,143.14854111023755,144.7628631591797,10370700,0.0
2021-06-09 00:00:00-04:00,144.00833875876384,144.0785284189971,142.37646597344016,142.9555206298828,12377400,0.0
2021-06-10 00:00:00-04:00,144.20133426786262,144.97340702152871,140.64806192858512,140.72702026367188,12119400,0.0
2021-06-11 00:00:00-04:00,140.7533675039224,141.42893129678694,139.55140131922167,140.6305389404297,13683800,0.0
2021-06-14 00:00:00-04:00,140.50769339474135,140.66562346432084,137.44574836513888,138.244140625,19917900,0.0
2021-06-15 00:00:00-04:00,137.48083926200746,137.67385746909093,135.22605513352613,136.1472625732422,24485500,0.0
2021-06-16 00:00:00-04:00,135.75243418357306,138.2879765009441,134.33113070915846,137.1035614013672,25321200,0.0
2021-06-17 00:00:00-04:00,137.831775319218,138.14762204940885,132.6992693004434,133.14671325683594,29722400,0.0
2021-06-18 00:00:00-04:00,130.98847357492173,131.3394085305065,129.46187840477612,129.77772521972656,43595700,0.0
2021-06-21 00:00:00-04:00,130.7954127508809,132.6553915070968,130.74277386341154,131.97982788085938,18664800,0.0
2021-06-22 00:00:00-04:00,132.12897030603025,132.45358565709896,130.42690845619205,131.78680419921875,14251200,0.0
2021-06-23 00:00:00-04:00,131.77804421363103,133.39236594261897,131.68153512182707,132.585205078125,12733300,0.0
2021-06-24 00:00:00-04:00,133.2870996427108,134.33991767021917,132.67295690893988,133.8047332763672,13733200,0.0
2021-06-25 00:00:00-04:00,133.87493070772467,135.55067364011308,133.06776972683014,135.15586853027344,15484900,0.0
2021-06-28 00:00:00-04:00,134.8487542201632,135.5330864632982,133.46253897739354,135.4014892578125,14125800,0.0
2021-06-29 00:00:00-04:00,135.9893855689314,137.1387130727376,134.76986838867668,135.23486328125,14528700,0.0
2021-06-30 00:00:00-04:00,134.89268275598818,136.93691168488138,134.8575946151187,136.463134765625,12531000,0.0
2021-07-01 00:00:00-04:00,137.0947751962971,137.8668478689065,136.35780403824558,137.814208984375,10479400,0.0
2021-07-02 00:00:00-04:00,137.61126012814032,137.93775961576466,136.87886128161767,137.68185424804688,11424000,0.9
2021-07-06 00:00:00-04:00,137.46127888466538,137.46127888466538,134.43463115406732,135.36997985839844,15083400,0.0
2021-07-07 00:00:00-04:00,134.13458963201415,136.13765589444844,133.7286902353244,135.52879333496094,12271800,0.0
2021-07-08 00:00:00-04:00,133.78165571077588,134.59346810967367,132.39627098373637,133.19044494628906,17834600,0.0
2021-07-09 00:00:00-04:00,135.05229204995146,137.7877436054317,134.6375599960046,137.4524383544922,13694500,0.0
2021-07-12 00:00:00-04:00,136.1994338040977,140.44380645180723,135.83764394709274,139.4202117919922,19940400,0.0
2021-07-13 00:00:00-04:00,137.6995282734453,138.88194967688793,135.4493891484468,137.3465576171875,22671700,0.0
2021-07-14 00:00:00-04:00,137.61128999670092,138.78489224903154,134.96407051565717,136.87889099121094,14622800,0.0
2021-07-15 00:00:00-04:00,135.80232885745895,138.1230618149447,135.62585028427628,137.17889404296875,11539300,0.0
2021-07-16 00:00:00-04:00,137.62012039289783,137.90248346466916,133.26103023220801,134.04637145996094,14002700,0.0
2021-07-19 00:00:00-04:00,131.08145943847524,132.2021192170501,128.5754287611085,129.687255859375,22172900,0.0
2021-07-20 00:00:00-04:00,129.2901485659692,133.34920864223605,129.1224892487361,132.1050262451172,15385200,0.0
2021-07-21 00:00:00-04:00,134.16988134329307,135.5817233523606,133.56101883864355,134.88462829589844,12356700,0.0
2021-07-22 00:00:00-04:00,134.9023135995332,135.39645909830062,132.3345073850934,133.18161010742188,9913300,0.0
2021-07-23 00:00:00-04:00,133.6669231306897,134.8669964220075,132.581566984656,132.9257049560547,9666100,0.0
2021-07-26 00:00:00-04:00,132.528634358016,134.09049763269448,132.5109824579729,133.8169403076172,8208000,0.0
2021-07-27 00:00:00-04:00,132.71389736117442,134.5581366948297,132.1844616788865,133.6404266357422,11218700,0.0
2021-07-28 00:00:00-04:00,134.38165471372804,134.8052194485583,133.137472015464,133.8610382080078,9217300,0.0
2021-07-29 00:00:00-04:00,135.13171506791187,135.77586796753158,134.0463589698904,135.0081787109375,9063500,0.0
2021-07-30 00:00:00-04:00,134.6375684289838,135.59938816137955,133.4198433037231,133.931640625,9805200,0.0
2021-08-02 00:00:00-04:00,134.15219557479304,136.2876166775866,133.3050932761294,133.39332580566406,10203200,0.0
2021-08-03 00:00:00-04:00,134.0816685262622,135.29057461904614,131.93742713752215,134.9111328125,10394800,0.0
2021-08-04 00:00:00-04:00,133.46397363611462,135.3346709744882,133.1639586789139,133.4551544189453,10155000,0.0
2021-08-05 00:00:00-04:00,134.37285936753747,135.61705575127223,134.1346058449287,135.1405487060547,9151500,0.0
2021-08-06 00:00:00-04:00,136.94063230161038,139.2613651190781,136.8700381837061,138.97898864746094,13328800,0.0
2021-08-09 00:00:00-04:00,138.9966846687459,139.90556234556138,137.56717689016415,138.8290252685547,9516900,0.0
2021-08-10 00:00:00-04:00,138.3084039610328,141.16739249274676,137.92896215270906,140.5320587158203,8667000,0.0
2021-08-11 00:00:00-04:00,141.18499321421328,142.50860252559653,140.3731811189656,142.20858764648438,9156500,0.0
2021-08-12 00:00:00-04:00,142.84395317663672,143.27632369791723,141.6703510420337,142.7645263671875,8844200,0.0
2021-08-13 00:00:00-04:00,142.76452710451028,143.09102663193553,140.80559726222518,141.16737365722656,8980900,0.0
2021-08-16 00:00:00-04:00,140.24966214819074,140.32907548523525,138.34366127241137,140.24082946777344,8755800,0.0
2021-08-17 00:00:00-04:00,139.04075915149508,140.17905728862203,137.01122208541403,138.54660034179688,9347200,0.0
2021-08-18 00:00:00-04:00,137.92894294435325,139.42903113923518,137.07300765476205,137.2847900390625,8065500,0.0
2021-08-19 00:00:00-04:00,135.14940418454063,137.26717473429835,135.0170351098953,136.1376953125,9517700,0.0
2021-08-20 00:00:00-04:00,136.19942338803534,136.6847361014185,135.14935769356958,136.52590942382812,6974100,0.0
2021-08-23 00:00:00-04:00,137.0642091582506,138.6172398178698,136.9847958013028,138.27310180664062,7934600,0.0
2021-08-24 00:00:00-04:00,138.53780239950194,139.90553498869335,138.4230852608647,139.12901306152344,7670900,0.0
2021-08-25 00:00:00-04:00,139.87022366767383,142.75569616047386,139.24372270833126,141.996826171875,11335000,0.0
2021-08-26 00:00:00-04:00,143.1792551972781,144.56463968480463,142.1997835712516,142.72923278808594,11027500,0.0
2021-08-27 00:00:00-04:00,142.72919681030018,143.97339273111905,142.29681294339483,143.87632751464844,8780200,0.0
2021-08-30 00:00:00-04:00,144.01754199136514,144.2646146848037,141.07912731820102,141.57327270507812,7937600,0.0
2021-08-31 00:00:00-04:00,141.57331424840362,142.39394590717697,140.61149430496306,141.14093017578125,12340800,0.0
2021-09-01 00:00:00-04:00,141.3791762905091,141.85566989564083,140.2761681203887,140.93797302246094,8729900,0.0
2021-09-02 00:00:00-04:00,141.20272704822102,142.6057505009924,140.68209685064025,141.5909881591797,8813300,0.0
2021-09-03 00:00:00-04:00,141.52917632397418,141.9703795687605,140.43498742970053,140.73501586914062,7959700,0.0
2021-09-07 00:00:00-04:00,141.1762215532433,142.40276605636393,140.2673439304358,140.48794555664062,9285600,0.0
2021-09-08 00:00:00-04:00,140.20554235180816,140.81440487866988,139.45549157955347,139.8614044189453,7852700,0.0
2021-09-09 00:00:00-04:00,139.65844844234337,141.91740640909688,139.49078909154576,140.4702606201172,7904300,0.0
2021-09-10 00:00:00-04:00,141.67918204737174,141.82037031541444,138.73194764036526,138.85548400878906,8311600,0.0
2021-09-13 00:00:00-04:00,139.8878907482811,141.22915229650678,139.48199132918947,141.06149291992188,10052800,0.0
2021-09-14 00:00:00-04:00,141.582087728084,142.36742879420936,137.88480318758363,138.5995635986328,11685600,0.0
2021-09-15 00:00:00-04:00,138.2907490993314,140.02909099835918,138.07014747219037,139.56141662597656,11691500,0.0
2021-09-16 00:00:00-04:00,140.66444754958064,141.9351152820763,138.73197482844824,139.49966430664062,10880900,0.0
2021-09-17 00:00:00-04:00,138.8731062673003,140.31141936457183,138.53778756838295,139.1378173828125,25581600,0.0
2021-09-20 00:00:00-04:00,135.79353194974257,136.38474267247824,132.79335531940697,134.972900390625,15819900,0.0
2021-09-21 00:00:00-04:00,135.4758658077096,136.37592418742636,134.63758234453573,134.99053955078125,8999900,0.0
2021-09-22 00:00:00-04:00,136.94948947355948,138.75842553591713,136.86125690006335,137.5760040283203,11236200,0.0
2021-09-23 00:00:00-04:00,139.42021143051676,142.6939451042889,139.1290157023009,142.22625732421875,12336100,0.0
2021-09-24 00:00:00-04:00,142.4557113515801,144.35287999190146,141.90862361546894,143.8675537109375,10102400,0.0
2021-09-27 00:00:00-04:00,145.5970318922224,147.71480151578345,145.25289399178246,147.3441925048828,13220900,0.0
2021-09-28 00:00:00-04:00,147.9795274047677,149.39138280936893,146.1794245551296,146.55003356933594,13387900,0.0
2021-09-29 00:00:00-04:00,146.66479808898353,147.2736472962202,145.632370580359,146.43536376953125,7777100,0.0
2021-09-30 00:00:00-04:00,147.2912543236252,147.35302922602833,143.6469120864748,144.4410858154297,13161200,0.0
2021-10-01 00:00:00-04:00,144.71465654441621,148.50900693938615,144.36169935326012,147.47659301757812,11285000,0.0
2021-10-04 00:00:00-04:00,147.33535514001994,150.39730554099538,146.24116667277897,147.3177032470703,14120000,0.0
2021-10-05 00:00:00-04:00,148.4362533330147,151.03727670256924,147.95687505445758,149.72344970703125,12292900,1.0
2021-10-06 00:00:00-04:00,149.1287059952723,150.11407982266005,147.36213099429037,150.04306030273438,8692600,0.0
2021-10-07 00:00:00-04:00,151.9782784060651,152.25347055621103,150.50465397141386,150.99290466308594,10195400,0.0
2021-10-08 00:00:00-04:00,150.93076488021697,152.1025529467074,150.2916028273725,151.10830688476562,8190100,0.0
2021-10-11 00:00:00-04:00,151.62315402083325,152.05812980214418,147.7704378531969,147.9302215576172,12154700,0.0
2021-10-12 00:00:00-04:00,147.1402180836766,147.97468061295385,146.27025256288522,146.79400634765625,13032600,0.0
2021-10-13 00:00:00-04:00,145.64887244783066,146.83841926922085,142.56846931120322,142.92355346679688,22753500,0.0
2021-10-14 00:00:00-04:00,143.5893098167956,145.59556052113143,142.089054582482,145.11619567871094,15176800,0.0
2021-10-15 00:00:00-04:00,146.78509865931744,148.40074852337628,145.71094717266894,147.90362548828125,14267400,0.0
2021-10-18 00:00:00-04:00,147.7882251588793,149.67908081294712,147.28222973680852,147.85037231445312,12672900,0.0
2021-10-19 00:00:00-04:00,148.60493659348077,149.71459117839504,147.8770102294829,149.64358520507812,8053900,0.0
2021-10-20 00:00:00-04:00,149.40390956297952,151.68535255263262,148.65822486527424,151.65872192382812,8185600,0.0
2021-10-21 00:00:00-04:00,151.58770430673212,152.09371335156658,149.7412372613683,150.46917724609375,8415200,0.0
2021-10-22 00:00:00-04:00,150.9396628134963,152.76837150680382,150.64671236084186,152.49317932128906,8817900,0.0
2021-10-25 00:00:00-04:00,153.31875694687224,153.54068785849694,151.33912346235658,151.7474822998047,10159200,0.0
2021-10-26 00:00:00-04:00,151.8007539480115,153.12346714829795,151.39239508259521,152.1558380126953,8015100,0.0
2021-10-27 00:00:00-04:00,151.197131583494,151.5344574331487,148.55170477604668,148.9866943359375,9847000,0.0
2021-10-28 00:00:00-04:00,149.40389638735192,151.3657581127488,149.10207359045828,151.23260498046875,7212900,0.0
2021-10-29 00:00:00-04:00,151.96054156249457,152.9015400943602,150.37152204624095,150.8153839111328,8140100,0.0
2021-11-01 00:00:00-04:00,152.7239658757041,152.98141331145612,150.0341643863311,150.7354736328125,7435500,0.0
2021-11-02 00:00:00-04:00,150.73547277416088,152.413269867337,149.95427165713926,151.3302459716797,7173800,0.0
2021-11-03 00:00:00-04:00,151.02843035912286,151.91615401764597,150.15845142094682,151.38351440429688,8402700,0.0
2021-11-04 00:00:00-04:00,150.91301764530465,151.09055966282864,147.79711256915726,149.39500427246094,9574200,0.0
2021-11-05 00:00:00-04:00,149.93650269353003,150.99289588896477,148.61380326864656,149.18194580078125,7975600,0.0
2021-11-08 00:00:00-05:00,150.06967988635157,151.72971871249374,149.7944877328828,150.07855224609375,6413700,0.0
2021-11-09 00:00:00-05:00,148.56057654512898,149.5548228210101,147.89478372561797,148.94229125976562,7990300,0.0
2021-11-10 00:00:00-05:00,148.6493357838505,149.98092137799472,148.3297546994323,148.8002471923828,6999200,0.0
2021-11-11 00:00:00-05:00,148.7115051980653,149.74125458363417,148.16110719246393,148.79139709472656,5815300,0.0
2021-11-12 00:00:00-05:00,148.8268449476939,148.90675036034077,147.11354503021204,148.12554931640625,8113400,0.0
2021-11-15 00:00:00-05:00,148.43629676330428,148.95116462708512,147.36214504717802,147.85926818847656,6492500,0.0
2021-11-16 00:00:00-05:00,148.3031340804221,148.31201998749316,146.5809477618014,146.79400634765625,9706100,0.0
2021-11-17 00:00:00-05:00,146.6608419388863,146.97153711395157,145.04517826442645,146.00392150878906,9909600,0.0
2021-11-18 00:00:00-05:00,145.93289363536465,146.34125248380784,144.30835769306057,144.74334716796875,8122500,0.0
2021-11-19 00:00:00-05:00,143.18983261989092,143.90888663503773,141.54753838990771,142.8524932861328,12193600,0.0
2021-11-22 00:00:00-05:00,145.72871498582677,147.34436495575113,144.69007995967803,145.8973846435547,14549900,0.0
2021-11-23 00:00:00-05:00,146.91828319036003,149.63471574549772,146.80287476625622,149.3861541748047,12354400,0.0
2021-11-24 00:00:00-05:00,149.54591023199765,150.4158754893731,147.75270492772154,148.21432495117188,9629800,0.0
2021-11-26 00:00:00-05:00,143.93551239964296,144.38824658577076,140.98827691858202,143.74908447265625,13619300,0.0
2021-11-29 00:00:00-05:00,144.97413697643654,146.27909173433054,141.8759903237604,143.12767028808594,12104400,0.0
2021-11-30 00:00:00-05:00,141.29012761252096,142.5950827223778,140.5177986717218,140.99717712402344,18922600,0.0
2021-12-01 00:00:00-05:00,142.92349479520567,144.93863109222534,140.08278207982204,140.1626739501953,12253400,0.0
2021-12-02 00:00:00-05:00,141.88487656937767,144.9208899117364,140.97052226797672,143.1099395751953,12969900,0.0
2021-12-03 00:00:00-05:00,143.36735991705172,143.660310327492,139.54127340792155,140.51776123046875,12681800,0.0
2021-12-06 00:00:00-05:00,142.93238291823405,144.35274620536836,141.55642206920868,142.17782592773438,11186500,0.0
2021-12-07 00:00:00-05:00,143.7047139755295,145.0451718589263,143.06555184084783,144.31724548339844,9851600,0.0
2021-12-08 00:00:00-05:00,144.3971505477642,144.93866258504497,142.18671350137106,142.6660919189453,11705700,0.0
2021-12-09 00:00:00-05:00,141.72510042855387,142.8613858183416,140.8373766211828,142.4441680908203,11189600,0.0
2021-12-10 00:00:00-05:00,143.20756181522762,143.54488753492038,141.2634451789516,141.8759765625,10405400,0.0
2021-12-13 00:00:00-05:00,141.59188995158678,141.84932379144144,139.62114281344142,140.1892852783203,12069000,0.0
2021-12-14 00:00:00-05:00,139.77209068487107,142.82586231088433,139.6389375511274,141.2634735107422,12563600,0.0
2021-12-15 00:00:00-05:00,141.90261702457528,141.90261702457528,139.68330811612452,140.20706176757812,14014200,0.0
2021-12-16 00:00:00-05:00,142.38199149061748,143.6514433164565,140.8817363989839,142.39974975585938,19542800,0.0
2021-12-17 00:00:00-05:00,141.43212968030053,141.48539092871525,137.75694099263876,139.1595458984375,28082000,0.0
2021-12-20 00:00:00-05:00,137.1621997469787,137.33086943662408,134.79197882151786,136.6562042236328,15148000,0.0
2021-12-21 00:00:00-05:00,137.9611128207598,139.53237366789037,137.67703479798337,138.56475830078125,11291300,0.0
2021-12-22 00:00:00-05:00,138.26298830195188,139.42590436692416,137.8102540192378,139.1063232421875,7273000,0.0
2021-12-23 00:00:00-05:00,139.91411749249906,141.2545752554857,139.5590334698338,139.60340881347656,8055200,0.0
2021-12-27 00:00:00-05:00,139.9052511960677,140.4378772531484,138.78671073958142,140.40237426757812,6188100,0.0
2021-12-28 00:00:00-05:00,140.43789060459122,142.16894915945403,140.33136809216552,140.8284912109375,6342300,0.0
2021-12-29 00:00:00-05:00,141.01490899512024,141.70733236718596,140.39349159583065,140.75746154785156,6398900,0.0
2021-12-30 00:00:00-05:00,141.24571740501003,142.2488495131852,140.58879699545278,140.6864471435547,6948200,0.0
2021-12-31 00:00:00-05:00,140.6598396960716,141.40552447050285,140.22486368378213,140.57107543945312,5805900,0.0
2022-01-03 00:00:00-05:00,141.9114984066782,144.37936898613825,141.60078972150527,143.54490661621094,13120900,0.0
2022-01-04 00:00:00-05:00,145.86190261288044,149.65248721881213,145.7908830799029,148.9866943359375,20195800,0.0
2022-01-05 00:00:00-05:00,149.87077145916754,150.35300961220935,146.21820819782113,146.2628631591797,17539400,1.0
2022-01-06 00:00:00-05:00,149.0581349058741,149.46892794920416,146.34327064452464,147.81680297851562,14047500,0.0
2022-01-07 00:00:00-05:00,147.95074553516426,149.61180957837593,147.40598760629422,149.28138732910156,13913300,0.0
2022-01-10 00:00:00-05:00,150.9870836967746,151.20140571744204,147.82569762411396,149.42425537109375,12922500,0.0
2022-01-11 00:00:00-05:00,150.2637150155545,150.49591538758978,148.52228035920214,149.57608032226562,11854100,0.0
2022-01-12 00:00:00-05:00,150.442333705723,151.45146506821953,149.29922381974978,150.42446899414062,12568000,0.0
2022-01-13 00:00:00-05:00,150.3351434222937,151.64792023798148,149.93327602758498,150.23690795898438,13623400,0.0
2022-01-14 00:00:00-05:00,143.56588779923814,143.80701372863592,140.118734070285,141.0028533935547,40158400,0.0
2022-01-18 00:00:00-05:00,139.11852392455683,139.11852392455683,134.4389640627138,135.0908966064453,32324800,0.0
2022-01-19 00:00:00-05:00,135.35882662442782,135.9482259220611,132.6618271194621,133.0011749267578,22380000,0.0
2022-01-20 00:00:00-05:00,133.054740271165,134.50146838453384,131.59907298928616,131.8669891357422,14860800,0.0
2022-01-21 00:00:00-05:00,131.7240937938021,131.7330193351979,128.83956321639238,129.56292724609375,20705400,0.0
2022-01-24 00:00:00-05:00,127.062395469319,129.9201357084715,124.6422520272478,129.4468231201172,28471400,0.0
2022-01-25 00:00:00-05:00,128.2858907805646,131.14364528059966,125.73178189423707,130.8578643798828,18915900,0.0
2022-01-26 00:00:00-05:00,132.8136513603849,134.46579003460585,130.34885210555237,132.09921264648438,20709100,0.0
2022-01-27 00:00:00-05:00,133.4387715228418,134.29610064961153,128.7145698489299,129.7683563232422,17536800,0.0
2022-01-28 00:00:00-05:00,128.76813912804664,131.06325730708755,126.96418471517951,130.92930603027344,14117000,0.0
2022-01-31 00:00:00-05:00,130.06303303761217,132.87611846705255,129.1967785653274,132.70645141601562,13985700,0.0
2022-02-01 00:00:00-05:00,132.7868362494526,135.26949975485968,132.4385493152921,134.9837188720703,14584900,0.0
2022-02-02 00:00:00-05:00,134.40325542198886,134.79619735234516,132.2331628885896,133.9031524658203,12441100,0.0
2022-02-03 00:00:00-05:00,133.95673748407293,135.43025614568413,132.42962468096954,132.7957763671875,12474900,0.0
2022-02-04 00:00:00-05:00,133.15299237672326,137.0823842598427,132.85828594147185,136.242919921875,16654400,0.0
2022-02-07 00:00:00-05:00,136.87698575835253,137.18954327472105,134.7158188915654,136.69837951660156,12572300,0.0
2022-02-08 00:00:00-05:00,138.42193492799018,141.52972681281014,138.24332870505225,139.27032470703125,20411400,0.0
2022-02-09 00:00:00-05:00,139.84187565059872,140.59202997831702,139.15424099691444,139.85081481933594,9131100,0.0
2022-02-10 00:00:00-05:00,139.9043924692594,142.0209041459754,138.61840586125626,139.27032470703125,16455600,0.0
2022-02-11 00:00:00-05:00,138.96670643795582,141.27076373285513,136.60906863358164,137.45745849609375,16830000,0.0
2022-02-14 00:00:00-05:00,136.39471140831753,137.24310113672053,134.24248406618716,136.18038940429688,17026500,0.0
2022-02-15 00:00:00-05:00,137.98436009618737,139.26142136600333,137.39496082920968,138.17190551757812,9500000,0.0
2022-02-16 00:00:00-05:00,137.29671969229446,139.40430607642196,137.29671969229446,138.4219512939453,9076500,0.0
2022-02-17 00:00:00-05:00,136.63585149548837,137.28777037013128,134.55505552050664,135.2337646484375,11367500,0.0
2022-02-18 00:00:00-05:00,135.85888756945263,137.65390241829718,134.96584291547984,135.86781311035156,11733300,0.0
2022-02-22 00:00:00-05:00,134.49256703445266,136.8502050191361,134.32288632361673,135.62672424316406,11333500,0.0
2022-02-23 00:00:00-05:00,136.74301667642388,136.90377182783305,132.14384136472486,132.78683471679688,11799000,0.0
2022-02-24 00:00:00-05:00,127.65182743648874,129.4825720239917,124.829802563923,129.08963012695312,25655100,0.0
2022-02-25 00:00:00-05:00,129.71476157639572,134.07282470800104,129.41112960457934,132.1438446044922,18367700,0.0
2022-02-28 00:00:00-05:00,128.19657926061055,129.54507195558378,125.8121513636117,126.63375091552734,31315300,0.0
2022-03-01 00:00:00-05:00,125.06200016878851,125.454942099948,119.2929378210445,121.85597229003906,36840400,0.0
2022-03-02 00:00:00-05:00,122.60613640745652,125.06201004434861,121.99887237628165,124.38330078125,19405600,0.0
2022-03-03 00:00:00-05:00,124.88336751750282,125.90143792994189,122.40070434283946,123.4991455078125,16640800,0.0
2022-03-04 00:00:00-05:00,120.5074746298819,120.93613234377204,118.23913307253112,120.02522277832031,21016000,0.0
2022-03-07 00:00:00-05:00,118.03374810424333,118.49813528862029,115.15814230682167,115.39034271240234,27560100,0.0
2022-03-08 00:00:00-05:00,115.77433646293828,117.69437748374008,113.65781766709829,114.5776596069336,19207800,0.0
2022-03-09 00:00:00-05:00,118.6856558618079,120.7753911803248,118.27486285921907,119.16790771484375,17536200,0.0
2022-03-10 00:00:00-05:00,117.75690460205078,119.17684276534469,116.38162141045717,117.75690460205078,15604200,0.0
2022-03-11 00:00:00-05:00,118.31949669112298,119.73943448748494,114.68479823716606,115.10453033447266,20061800,0.0
2022-03-14 00:00:00-04:00,115.61356556291038,118.70349239894797,115.40815548358904,116.24761962890625,15786900,0.0
2022-03-15 00:00:00-04:00,117.70331343810263,119.26614191873468,117.10497502644601,118.31057739257812,15096600,0.0
2022-03-16 00:00:00-04:00,120.44497205059673,123.67780414329846,120.05203007924631,123.59741973876953,20354900,0.0
2022-03-17 00:00:00-04:00,122.22212838030474,125.19596960116348,121.38266397464211,125.16024017333984,17050500,0.0
2022-03-18 00:00:00-04:00,125.19597135949337,125.78538428580487,123.65100744063224,125.1156005859375,23656500,0.0
2022-03-21 00:00:00-04:00,125.33885692986003,125.7049949818154,123.89211492836945,124.71371459960938,12676100,0.0
2022-03-22 00:00:00-04:00,127.05349320228457,128.53593728032945,126.56231581492807,127.36605072021484,13548600,0.0
2022-03-23 00:00:00-04:00,125.90146221704737,126.44622013394346,124.31184343530798,124.8298110961914,12093200,0.0
2022-03-24 00:00:00-04:00,125.29420722175935,125.66035891587627,124.23148156784079,125.64249420166016,10017600,0.0
2022-03-25 00:00:00-04:00,125.99969217415911,127.86615260405861,125.74071516846267,126.74092102050781,8383500,0.0
2022-03-28 00:00:00-04:00,125.02627800351297,125.89253259125137,123.15087838274712,125.80322265625,10818100,0.0
2022-03-29 00:00:00-04:00,128.01795115695876,128.2412123109634,125.24058185607016,126.08003234863281,11316500,0.0
2022-03-30 00:00:00-04:00,126.72306362131354,126.9195345859865,124.94591302284023,125.5085220336914,8771000,0.0
2022-03-31 00:00:00-04:00,124.87447384198948,125.33886101976842,121.68629691009977,121.7398910522461,17353900,0.0
2022-04-01 00:00:00-04:00,122.70435100074064,122.71329016994913,119.48939787240515,120.837890625,15721300,0.0
2022-04-04 00:00:00-04:00,119.77516801737328,122.29356097416841,118.6767266940052,121.37372589111328,17416400,0.0
2022-04-05 00:00:00-04:00,120.61804589954819,121.81458780046252,119.6643898416948,119.9612808227539,12110300,1.0
2022-04-06 00:00:00-04:00,118.37783386541516,119.2595010626264,117.82004637523085,118.29686737060547,12914700,0.0
2022-04-07 00:00:00-04:00,117.81106686369151,118.68374255161295,115.81381051894255,117.93701934814453,12994200,0.0
2022-04-08 00:00:00-04:00,118.45882590526581,120.4650739445427,118.29689288072642,120.09622192382812,13126900,0.0
2022-04-11 00:00:00-04:00,119.65536499023438,121.36472185612202,119.26851588825143,119.65536499023438,10466400,0.0
2022-04-12 00:00:00-04:00,118.88167740968588,121.07686118793575,117.5861582141422,118.34187316894531,12989900,0.0
2022-04-13 00:00:00-04:00,114.20339536868362,116.28161783135096,113.36670724435488,114.52727508544922,30838000,0.0
2022-04-14 00:00:00-04:00,113.80756065601419,115.42695952157891,112.47605415945036,113.46569061279297,18835200,0.0
2022-04-18 00:00:00-04:00,113.06081356168386,116.27262177667819,112.94385967096716,115.57088470458984,11834400,0.0
2022-04-19 00:00:00-04:00,115.56187953355533,118.14392547523254,115.36395228428981,117.96398162841797,15015400,0.0
2022-04-20 00:00:00-04:00,119.22351714570341,120.11417601890581,118.16190613088588,118.3778305053711,13430200,0.0
2022-04-21 00:00:00-04:00,118.9536438455066,119.48444261724799,116.92040697380047,117.46019744873047,12174200,0.0
2022-04-22 00:00:00-04:00,117.20828546282758,117.42420987654418,113.97849332647044,114.0864486694336,14318800,0.0
2022-04-25 00:00:00-04:00,113.36671318273149,114.36534121775318,110.75768504496217,114.05045318603516,17149000,0.0
2022-04-26 00:00:00-04:00,112.13416311275483,113.72657284294047,110.54176024646341,110.67670440673828,17209500,0.0
2022-04-27 00:00:00-04:00,110.05594919150788,111.16253257473028,109.05732114485659,109.23725128173828,17215200,0.0
2022-04-28 00:00:00-04:00,110.48778619022181,111.24350787885761,108.98534824301431,110.96460723876953,13015600,0.0
2022-04-29 00:00:00-04:00,110.70371329607225,111.2075231915258,106.97010445653474,107.38394927978516,14874800,0.0
2022-05-02 00:00:00-04:00,107.85176979463733,108.59849292162242,106.35833040456204,108.36457824707031,18545000,0.0
2022-05-03 00:00:00-04:00,109.33620299177244,111.71131623182893,108.66145475621335,110.68569946289062,15720900,0.0
2022-05-04 00:00:00-04:00,110.47879802873133,114.6172531567878,110.42481349388046,114.34735107421875,17128500,0.0
2022-05-05 00:00:00-04:00,112.68295964978665,113.44767297323389,109.9030001075869,111.48640441894531,15055400,0.0
2022-05-06 00:00:00-04:00,111.37846284121036,111.81929650451255,109.02133948611598,111.30648803710938,14417900,0.0
2022-05-09 00:00:00-04:00,109.85801851306121,110.95561016010113,108.4095583052652,109.63310241699219,14312300,0.0
2022-05-10 00:00:00-04:00,110.75768250365861,111.36045599164639,105.76454244311635,106.96109771728516,16382400,0.0
2022-05-11 00:00:00-04:00,107.32996808715706,110.5597600613588,106.10642392643965,106.2863540649414,14630300,0.0
2022-05-12 00:00:00-04:00,105.26072130611821,106.4482778873238,103.79427099311165,106.19637298583984,16318800,0.0
2022-05-13 00:00:00-04:00,107.42894385304241,108.18465875675652,106.12442617797078,107.14104461669922,10443200,0.0
2022-05-16 00:00:00-04:00,106.64621492217657,107.47390449274835,105.46765679747341,106.3943099975586,10269000,0.0
2022-05-17 00:00:00-04:00,108.89538830205638,110.63174100418398,108.68846245378626,109.92100524902344,11160200,0.0
2022-05-18 00:00:00-04:00,109.12930286786727,109.73207641494254,107.53689291348013,108.04070281982422,12664900,0.0
2022-05-19 00:00:00-04:00,106.33134519432458,107.64485448806897,105.82752842704669,106.43930053710938,12765800,0.0
2022-05-20 00:00:00-04:00,107.47388761499738,107.66281627879141,103.47937625508533,105.56659698486328,13150100,0.0
2022-05-23 00:00:00-04:00,108.37357261761396,113.87052264145763,108.36457405173863,112.09818267822266,24376700,0.0
2022-05-24 00:00:00-04:00,111.88225852866964,114.69820545840763,110.75767809706423,113.68158721923828,19324900,0.0
2022-05-25 00:00:00-04:00,113.6096352565498,115.03110685510855,112.61100708347712,114.47331237792969,12780400,0.0
2022-05-26 00:00:00-04:00,115.48989780892865,117.12729336770889,115.34596195901909,116.45254516601562,15990900,0.0
2022-05-27 00:00:00-04:00,117.10031005362546,118.09893798828125,116.18264861231768,118.09893798828125,11177800,0.0
2022-05-31 00:00:00-04:00,117.11830126017365,119.79030554101354,116.69547163525124,118.96261596679688,17015000,0.0
2022-06-01 00:00:00-04:00,119.53838766189638,119.53838766189638,115.75980045765246,116.8753890991211,10768000,0.0
2022-06-02 00:00:00-04:00,116.8664059607439,118.76469848955854,115.75982253673612,118.75570678710938,8374800,0.0
2022-06-03 00:00:00-04:00,118.04496925254918,118.54877910852959,116.94737761153944,117.1003189086914,8596000,0.0
2022-06-06 00:00:00-04:00,117.93701471465394,119.10658129736305,116.4705709306623,116.71347045898438,11323500,0.0
2022-06-07 00:00:00-04:00,115.9037518561501,117.24425658710912,115.71481631546675,117.01934051513672,6722200,0.0
2022-06-08 00:00:00-04:00,116.0567078590393,116.46155409438506,114.16741398760132,115.15704345703125,8422100,0.0
2022-06-09 00:00:00-04:00,114.59025947584705,115.24701752158325,112.70095870554323,112.73694610595703,13560100,0.0
2022-06-10 00:00:00-04:00,110.28985188085524,111.01858468838155,107.34795240954237,107.55487823486328,12945200,0.0
2022-06-13 00:00:00-04:00,105.13478418220184,106.11541510077954,103.5153854881623,104.3520736694336,16805600,0.0
2022-06-14 00:00:00-04:00,103.9562198694619,105.5486227715406,101.86000025675558,102.61571502685547,13357900,0.0
2022-06-15 00:00:00-04:00,104.01919755503046,105.21574595775589,101.81501571695783,103.83026885986328,14083500,0.0
2022-06-16 00:00:00-04:00,102.43577559315557,102.79564267836729,100.6454455956918,102.04891967773438,16724900,0.0
2022-06-17 00:00:00-04:00,102.1478871188905,103.12851792728455,100.90635283555547,101.68905639648438,30919900,0.0
2022-06-21 00:00:00-04:00,104.24411728275042,105.28772442537145,103.49739417780154,104.2081298828125,11680500,0.0
2022-06-22 00:00:00-04:00,103.35343475007033,104.54099137951715,102.91260115456578,103.62333679199219,9842700,0.0
2022-06-23 00:00:00-04:00,103.47041447042326,103.62335578572859,100.29459993264686,102.48977661132812,11851500,0.0
2022-06-24 00:00:00-04:00,101.86901293123852,105.99846963384918,101.50914576348947,105.54863739013672,14841100,0.0
2022-06-27 00:00:00-04:00,106.21437064311846,106.61022515236665,104.03718457004187,104.70293426513672,11280500,0.0
2022-06-28 00:00:00-04:00,105.86351266245697,107.32097152150932,104.00120755228201,104.19913482666016,11590900,0.0
2022-06-29 00:00:00-04:00,104.36107031734178,105.09879485020168,103.21849955036039,103.73130798339844,9338400,0.0
2022-06-30 00:00:00-04:00,101.8150281771545,102.6337261536329,99.7997816515162,101.31121826171875,15172600,0.0
2022-07-01 00:00:00-04:00,101.34719606689474,102.93959903531713,100.006698032334,102.60672760009766,10573600,0.0
2022-07-05 00:00:00-04:00,100.53734630362622,102.29813625751622,99.20314697860752,102.2164535522461,12514200,1.0
2022-07-06 00:00:00-04:00,101.40867040658897,102.55226983215822,100.55550299499022,101.55388641357422,10656200,0.0
2022-07-07 00:00:00-04:00,103.01515125114886,104.28582410524803,102.92439038827249,104.12245178222656,10347400,0.0
2022-07-08 00:00:00-04:00,104.52181614159608,104.966549252034,103.11499841979317,103.79571533203125,8807800,0.0
2022-07-11 00:00:00-04:00,103.0605421638434,103.67772576789007,101.85340252400628,102.43428039550781,7939500,0.0
2022-07-12 00:00:00-04:00,102.18013881541624,104.53995584050604,101.88969990347611,102.53411102294922,11250900,0.0
2022-07-13 00:00:00-04:00,101.42681382014564,102.08938128834953,100.18336850908824,101.57203674316406,12979900,0.0
2022-07-14 00:00:00-04:00,98.01414571362936,98.23198008574157,96.26243412106608,98.02322387695312,26204800,0.0
2022-07-15 00:00:00-04:00,99.07607006855429,103.36004222032456,97.72370763093286,102.51595306396484,18863900,0.0
2022-07-18 00:00:00-04:00,104.1678384958555,105.13899436116151,101.00931585478635,101.46312713623047,13977900,0.0
2022-07-19 00:00:00-04:00,102.67934093765587,104.3221425314724,102.26183537792555,103.97724151611328,11862300,0.0
2022-07-20 00:00:00-04:00,103.55972743519882,104.140605290037,102.99700590841762,103.9590835571289,11667500,0.0
2022-07-21 00:00:00-04:00,103.86831742630905,104.8576225923545,102.89716166279044,104.66702270507812,11595900,0.0
2022-07-22 00:00:00-04:00,104.59442265445784,105.51112338577579,103.16945550163008,104.15876770019531,7645500,0.0
2022-07-25 00:00:00-04:00,105.13897726407328,105.7017056544162,104.16782155669097,104.57625579833984,9394000,0.0
2022-07-26 00:00:00-04:00,103.99537304633526,104.9029954183411,102.58855559988255,102.9425277709961,10675100,0.0
2022-07-27 00:00:00-04:00,103.4780419729543,105.04822500210126,102.83363083632409,104.59441375732422,9337400,0.0
2022-07-28 00:00:00-04:00,104.60348817706308,105.26605561755089,103.04237644296892,104.20413208007812,10384800,0.0
2022-07-29 00:00:00-04:00,104.9120726439519,105.73801237342818,104.18597885967264,104.70332336425781,12944500,0.0
2022-08-01 00:00:00-04:00,103.92278015245829,104.47643045221751,102.62487965173575,103.6595687866211,14740400,0.0
2022-08-02 00:00:00-04:00,103.39635431452609,103.83201616462607,101.89877579335833,102.04399871826172,14942900,0.0
2022-08-03 00:00:00-04:00,102.96976731414584,103.55972330950938,101.39050614200849,103.114990234375,14394500,0.0
2022-08-04 00:00:00-04:00,102.42518652863971,102.85177016488359,100.76423587354057,101.98045349121094,18033900,0.0
2022-08-05 00:00:00-04:00,102.1347522005115,105.45665365912308,101.69909730651602,105.06637573242188,14174600,0.0
2022-08-08 00:00:00-04:00,105.51111281209211,105.91954015635945,103.63233456416441,103.78662872314453,10332500,0.0
2022-08-09 00:00:00-04:00,104.14968164237897,105.2751316009744,103.80478758600896,104.72148132324219,10233800,0.0
2022-08-10 00:00:00-04:00,107.06314461138093,108.34289560451963,106.64563911049727,107.45342254638672,12847300,0.0
2022-08-11 00:00:00-04:00,108.8239358511279,110.00384091075784,108.28843499148952,109.04176330566406,11684900,0.0
2022-08-12 00:00:00-04:00,109.52281045751785,110.95685573547384,108.40643860888144,110.84793853759766,9906700,0.0
2022-08-15 00:00:00-04:00,109.94938430786945,111.38342945732497,109.45926734826024,111.14744567871094,8456200,0.0
2022-08-16 00:00:00-04:00,110.99316257973668,112.76302378413506,110.61196277026787,112.2093734741211,9555000,0.0
2022-08-17 00:00:00-04:00,111.00224506757232,111.78280104571164,110.44859473599418,111.26544952392578,8149300,0.0
2022-08-18 00:00:00-04:00,110.94776267986101,111.15651888328534,109.4138854988238,110.40319061279297,9531800,0.0
2022-08-19 00:00:00-04:00,109.47743081896355,109.81324671950163,107.19929635562796,107.67125701904297,13464500,0.0
2022-08-22 00:00:00-04:00,105.96490728588553,106.33703576590517,104.83037937061908,105.89229583740234,8967600,0.0
2022-08-23 00:00:00-04:00,105.91048019098439,106.45505234951126,104.72148991238544,104.84855651855469,7607000,0.0
2022-08-24 00:00:00-04:00,104.63979462581788,105.65633427758321,103.87738815584142,105.1026840209961,9771300,0.0
2022-08-25 00:00:00-04:00,105.42944584322913,107.77110691747461,104.99378394301428,107.59866333007812,10758900,0.0
2022-08-26 00:00:00-04:00,108.42458482179282,108.9056236468533,104.01353884448274,104.07707214355469,11276200,0.0
2022-08-29 00:00:00-04:00,103.46896479140118,104.24952069379636,102.97884781143607,103.82293701171875,8117300,0.0
2022-08-30 00:00:00-04:00,104.37657359174625,104.90299623350649,102.88807344405878,103.84107971191406,10745400,0.0
2022-08-31 00:00:00-04:00,103.90461664950222,104.4038048207452,102.86992073040722,103.2238998413086,10738300,0.0
2022-09-01 00:00:00-04:00,102.82456123998635,104.04077215351198,101.57204459290033,103.9318618774414,9979800,0.0
2022-09-02 00:00:00-04:00,105.16621735703507,106.60025558691288,102.73378887744438,103.20574951171875,10666600,0.0
2022-09-06 00:00:00-04:00,103.76849502213983,104.14969485775177,101.7172659775536,103.23299407958984,9751900,0.0
2022-09-07 00:00:00-04:00,102.67933268210457,105.38405082502955,102.34351678313175,105.19345092773438,10647900,0.0
2022-09-08 00:00:00-04:00,104.63071385446968,107.81647056017205,104.04075788310112,107.6440200805664,11435000,0.0
2022-09-09 00:00:00-04:00,108.134134129783,108.96007385247263,107.70755048616172,108.16136169433594,9299700,0.0
2022-09-12 00:00:00-04:00,109.4774220618449,110.32151121463062,108.72409376884706,109.44111633300781,8614600,0.0
2022-09-13 00:00:00-04:00,107.16298969054854,107.93446744065152,105.08453330758677,105.63818359375,12904600,0.0
2022-09-14 00:00:00-04:00,105.91954322994398,106.95423232841526,104.26767055303281,105.39312744140625,9345700,0.0
2022-09-15 00:00:00-04:00,105.39312880144128,108.35197321088188,105.06638414248548,106.9814682006836,10821400,0.0
2022-09-16 00:00:00-04:00,106.54580319895298,106.55488136271414,104.71240882197272,106.26444244384766,14844100,0.0
2022-09-19 00:00:00-04:00,105.28422179790783,107.7620345473943,104.83948866196289,107.24468994140625,8201300,0.0
2022-09-20 00:00:00-04:00,106.56395850778968,106.81809169379223,104.04984036495728,105.12991333007812,9619000,0.0
2022-09-21 00:00:00-04:00,105.77433928837232,105.82879442883322,102.03493166041227,102.09846496582031,12606300,0.0
2022-09-22 00:00:00-04:00,102.90624588458174,103.10592396061821,100.80963993542022,100.93670654296875,11684500,0.0
2022-09-23 00:00:00-04:00,99.88386218933628,100.1470666293607,97.26083363178914,99.05792236328125,18138600,0.0
2022-09-26 00:00:00-04:00,98.02324082588356,99.48451376623828,96.26245076554312,96.92501831054688,15753600,0.0
2022-09-27 00:00:00-04:00,97.79632248042036,98.17752226112906,94.98269416984998,96.07183837890625,12793600,0.0
2022-09-28 00:00:00-04:00,96.16259429758328,98.6857904856329,95.88123355837669,98.01414489746094,12762600,0.0
2022-09-29 00:00:00-04:00,97.07021846318578,97.36973553422631,94.75578536555122,96.35320281982422,12713900,0.0
2022-09-30 00:00:00-04:00,96.26244659636295,97.67834250014899,94.75579674601661,94.8465576171875,15973400,0.0
2022-10-03 00:00:00-04:00,95.86310627748011,98.34999038640053,94.81026068525013,97.77819061279297,12248100,0.0
2022-10-04 00:00:00-04:00,100.3921238672329,102.5522628939969,99.71140700180528,102.35258483886719,16013600,0.0
2022-10-05 00:00:00-04:00,100.50280740848147,101.60169635772931,99.66032541495376,101.08888244628906,10943500,1.0
2022-10-06 00:00:00-04:00,100.23723052388458,100.90572600519454,98.84530420211476,99.02845001220703,11521400,0.0
2022-10-07 00:00:00-04:00,98.46069135916748,98.63468477736758,96.40026946115013,97.05045318603516,11681100,0.0
2022-10-10 00:00:00-04:00,97.73725002819839,98.26837563973788,95.71345192116682,96.14385223388672,8931700,0.0
2022-10-11 00:00:00-04:00,95.57609206806305,95.73176668930427,93.26841597322337,93.36914825439453,12739700,0.0
2022-10-12 00:00:00-04:00,93.22264945300141,95.9057769889379,92.74645913323253,94.88014221191406,13181000,0.0
2022-10-13 00:00:00-04:00,93.38746115061146,100.64014301929672,93.18599660094291,100.15480041503906,22398700,0.0
2022-10-14 00:00:00-04:00,102.52656819709884,105.53020361405036,101.39104902432622,101.82144927978516,33387100,0.0
2022-10-17 00:00:00-04:00,105.68589515970226,107.1510824539226,104.68773173058194,106.09797668457031,22276300,0.0
2022-10-18 00:00:00-04:00,109.57780496566174,110.01735767004864,107.10529480386943,108.82688903808594,21539700,0.0
2022-10-19 00:00:00-04:00,108.04850236094116,108.81773002672348,105.92397912132705,106.69320678710938,17072000,0.0
2022-10-20 00:00:00-04:00,107.2884512437602,108.70784867549702,105.90567738316727,106.34523010253906,12207400,0.0
2022-10-21 00:00:00-04:00,106.64743318152028,112.07778966687378,106.52838910195081,111.9312744140625,20593300,0.0
2022-10-24 00:00:00-04:00,111.78472547783656,112.727939462223,111.10707774897226,112.068603515625,12624200,0.0
2022-10-25 00:00:00-04:00,111.58327608557636,112.88362938644316,110.70416369964258,112.36165618896484,11289100,0.0
2022-10-26 00:00:00-04:00,112.63638727546582,114.65101904999469,112.52649560198506,113.65286254882812,11667000,0.0
2022-10-27 00:00:00-04:00,114.6510068357401,115.56674972416157,113.74442333244073,114.1015625,10727600,0.0
2022-10-28 00:00:00-04:00,114.7334408565705,115.6400244667623,113.59792149728024,115.45687866210938,11859500,0.0
2022-10-31 00:00:00-04:00,115.1088933959679,116.69313187506613,115.00816110608834,115.27372741699219,13295200,0.0
2022-11-01 00:00:00-04:00,116.18031225073543,117.4715061957716,115.68581021224358,117.35245513916016,13386900,0.0
2022-11-02 00:00:00-04:00,116.8946019167632,119.37626474784432,115.96969947854578,116.27189636230469,16546100,0.0
2022-11-03 00:00:00-04:00,115.66748751829829,117.37992232993088,115.30119593470816,116.48249816894531,12474400,0.0
2022-11-04 00:00:00-04:00,118.57955108190967,119.80664319294415,117.6363370292206,119.66927337646484,14953200,0.0
2022-11-07 00:00:00-05:00,119.96231943126773,121.1436216194758,119.4861292126526,120.30113983154297,12011200,0.0
2022-11-08 00:00:00-05:00,120.18209148317874,120.93299332178073,119.17476880235444,120.3743896484375,9884100,0.0
2022-11-09 00:00:00-05:00,120.25537781826624,120.35609613435625,118.33231192339889,118.80850219726562,9494000,0.0
2022-11-10 00:00:00-05:00,121.45498763906363,123.85422961190059,121.36340775804761,123.69855499267578,16351600,0.0
2022-11-11 00:00:00-05:00,123.79929213024351,124.69671631227637,122.5080912121442,123.9000244140625,10704700,0.0
2022-11-14 00:00:00-05:00,123.44215454020792,124.2937887909948,122.62714385986328,122.62714385986328,11085600,0.0
2022-11-15 00:00:00-05:00,123.33226021587494,124.27548835872932,120.51178407947867,121.73887634277344,14038300,0.0
2022-11-16 00:00:00-05:00,121.793809472829,122.30662327701408,120.90553771446262,121.90369415283203,7893400,0.0
2022-11-17 00:00:00-05:00,120.8780939660086,121.6931047982178,120.21875779016169,121.37258911132812,8820200,0.0
2022-11-18 00:00:00-05:00,123.23154414814023,123.3231100656975,121.13448482032692,122.56304168701172,9468500,0.0
2022-11-21 00:00:00-05:00,122.47145679770185,123.22235868712089,121.56486632360674,121.83959197998047,7800500,0.0
2022-11-22 00:00:00-05:00,122.70955214480122,123.87254957387336,122.42567407330107,123.66191864013672,9185700,0.0
2022-11-23 00:00:00-05:00,123.57034531697187,124.99890196082377,123.49708421047596,124.98058319091797,7316200,0.0
2022-11-25 00:00:00-05:00,124.98058686844412,125.58498053497402,124.59597652786903,125.21868896484375,3220500,0.0
2022-11-28 00:00:00-05:00,124.60515411824149,125.19122906709268,122.88355284274715,123.03007507324219,9906900,0.0
2022-11-29 00:00:00-05:00,123.31397996098738,125.12714754474331,123.08504416600847,125.05388641357422,7925300,0.0
2022-11-30 00:00:00-05:00,124.62345411287608,126.537353515625,121.96780515989336,126.537353515625,14761200,0.0
2022-12-01 00:00:00-05:00,126.53736345683684,126.97693016591022,124.01907015859663,124.76083374023438,8858500,0.0
2022-12-02 00:00:00-05:00,123.15828156222832,123.94582110410714,122.1051687244011,123.7718276977539,8931900,0.0
2022-12-05 00:00:00-05:00,122.92933144600063,123.23152827859518,119.59602786195005,120.30113983154297,10154500,0.0
2022-12-06 00:00:00-05:00,122.15096479519259,123.72604395794203,118.92754534896932,120.50262451171875,13966700,0.0
2022-12-07 00:00:00-05:00,120.24620313901356,121.8670720542558,119.34877897086182,120.42019653320312,11739400,0.0
2022-12-08 00:00:00-05:00,121.18026042106706,121.77548772068307,120.35608342183585,121.68392181396484,8907300,0.0
2022-12-09 00:00:00-05:00,121.06121310776614,122.4897698494312,120.87806731555004,121.02458953857422,7957800,0.0
2022-12-12 00:00:00-05:00,121.24436420664723,123.30478589879809,120.51178100571893,122.90187072753906,8841600,0.0
2022-12-13 00:00:00-05:00,125.35603385107773,125.53917962013129,121.86705594869548,122.78279876708984,10025400,0.0
2022-12-14 00:00:00-05:00,122.50808615450605,124.27547724797802,121.57402446793989,122.16926574707031,9966100,0.0
2022-12-15 00:00:00-05:00,120.09968729391343,120.95133553882994,118.17663540287936,119.13816833496094,12087800,0.0
2022-12-16 00:00:00-05:00,118.26819699694174,118.95500421288943,117.60886095178166,118.39640045166016,21133700,0.0
2022-12-19 00:00:00-05:00,118.72607400001165,120.26452950136444,118.21326015727045,119.10153198242188,9017200,0.0
2022-12-20 00:00:00-05:00,119.93486609876084,120.92387025075503,119.22974005117493,119.67845916748047,8549900,0.0
2022-12-21 00:00:00-05:00,121.04289433660604,121.77549147859867,120.66745035315796,121.02458953857422,8051700,0.0
2022-12-22 00:00:00-05:00,120.05389956998245,120.23704535503765,117.59054893757593,119.65097045898438,8648200,0.0
2022-12-23 00:00:00-05:00,119.57771746346202,120.36525696844745,118.71691684485835,120.21873474121094,5091900,0.0
2022-12-27 00:00:00-05:00,120.48430950243451,121.07953684483128,119.5502477587565,120.63998413085938,5411000,0.0
2022-12-28 00:00:00-05:00,120.74072784048434,122.16928477590163,119.97149305184182,121.29933166503906,8827700,0.0
2022-12-29 00:00:00-05:00,121.729704123271,122.04106734709401,121.16194796340132,121.99527740478516,6585200,0.0
2022-12-30 00:00:00-05:00,121.61981600038357,123.01174916305784,121.2809955885126,122.80113220214844,9292500,0.0
2023-01-03 00:00:00-05:00,123.84509000841412,125.21870452680463,122.60883135261089,123.73519134521484,11054800,0.0
2023-01-04 00:00:00-05:00,124.53189125792152,126.0794851365286,124.14728088810833,124.88903045654297,11687600,0.0
2023-01-05 00:00:00-05:00,125.14732598349279,125.19345415723286,123.33920573781509,124.8613510131836,8381300,1.0
2023-01-06 00:00:00-05:00,125.58090514907298,127.6565462748384,124.06799395823543,127.25064086914062,10029100,0.0
2023-01-09 00:00:00-05:00,127.8594940162174,128.1177948868488,126.27278062442917,126.72480010986328,8482300,0.0
2023-01-10 00:00:00-05:00,127.11224686725015,127.97018578827266,126.66944740149017,127.85948944091797,9048700,0.0
2023-01-11 00:00:00-05:00,128.1362671314261,128.9204040207667,127.39827250186465,128.80970764160156,8703700,0.0
2023-01-12 00:00:00-05:00,129.1510003099014,129.94435701771593,128.4314458628536,128.68052673339844,11001700,0.0
2023-01-13 00:00:00-05:00,125.09196751012998,132.37054791484914,124.35395902005588,131.927734375,20200000,0.0
2023-01-17 00:00:00-05:00,130.23034600314747,130.5716691791465,128.44067969679156,129.88902282714844,14292900,0.0
2023-01-18 00:00:00-05:00,128.15469990359847,129.82443570121728,125.83921187435125,125.98681640625,13392600,0.0
2023-01-19 00:00:00-05:00,124.83367427199015,125.36871603171208,123.23772676781353,124.3078384399414,13303400,0.0
2023-01-20 00:00:00-05:00,124.68608406893968,124.99051315250682,123.20084682408736,124.6122817993164,13092500,0.0
2023-01-23 00:00:00-05:00,124.64917692664585,127.26910825273292,124.37243600869981,126.63257598876953,10487100,0.0
2023-01-24 00:00:00-05:00,125.84840412718776,129.41850173761952,124.5384458672266,127.7210922241211,6945000,0.0
2023-01-25 00:00:00-05:00,127.35212745255436,128.33920288085938,126.61411884438579,128.33920288085938,8967000,0.0
2023-01-26 00:00:00-05:00,128.61598171954827,129.20638590030146,127.63812611483327,129.13258361816406,7487600,0.0
2023-01-27 00:00:00-05:00,129.7137030734461,130.31332696166277,128.9203465317357,129.44618225097656,7489900,0.0
2023-01-30 00:00:00-05:00,128.44067672474193,129.23403349962402,128.14548173306235,128.3484344482422,6729300,0.0
2023-01-31 00:00:00-05:00,129.0403182144774,129.21559684362194,127.53662689744111,129.11412048339844,9188700,0.0
2023-02-01 00:00:00-05:00,127.49971585355509,129.96280818647722,127.41667951434165,128.77276611328125,8841800,0.0
2023-02-02 00:00:00-05:00,129.15102752468488,129.57538709442917,127.30601284576082,128.1731719970703,11822100,0.0
2023-02-03 00:00:00-05:00,127.47205548026778,131.30046932687927,127.42594137506877,130.15655517578125,11501200,0.0
2023-02-06 00:00:00-05:00,129.36321661683098,131.21746561230057,129.17871794089558,130.92225646972656,8406200,0.0
2023-02-07 00:00:00-05:00,130.42407668185118,133.1546901998994,130.23956397477656,132.51815795898438,10447900,0.0
2023-02-08 00:00:00-05:00,131.5956457857201,132.8779302241988,131.25432262787135,131.58642578125,6958000,0.0
2023-02-09 00:00:00-05:00,132.02920308280358,132.23215575774526,129.03105520229417,129.53843688964844,6443100,0.0
2023-02-10 00:00:00-05:00,128.94807368610296,130.33183468351544,127.85028770927389,130.1104278564453,6582900,0.0
2023-02-13 00:00:00-05:00,130.3502776917921,131.6694563072167,129.83367588221756,131.52186584472656,7134600,0.0
2023-02-14 00:00:00-05:00,131.45727512332502,132.66575729505092,130.62702427939897,132.10302734375,9249400,0.0
2023-02-15 00:00:00-05:00,130.63623184384645,132.7395469194213,130.35025689320076,132.65652465820312,6728300,0.0
2023-02-16 00:00:00-05:00,131.83550073283425,132.27830022529912,130.70080679865134,130.82997131347656,8165300,0.0
2023-02-17 00:00:00-05:00,130.05505446393278,131.76169832719637,129.21558365288175,131.21742248535156,7948800,0.0
2023-02-21 00:00:00-05:00,129.7875631944812,130.3871873500862,127.99789665746964,128.80970764160156,9996300,0.0
2023-02-22 00:00:00-05:00,128.15468919040865,128.62516276062055,126.78938257533628,127.82258605957031,11107500,0.0
2023-02-23 00:00:00-05:00,127.97942905263373,129.30784176770013,127.25065450618847,128.84658813476562,8068000,0.0
2023-02-24 00:00:00-05:00,128.32997069185853,130.4056117873212,128.16391208452364,130.00892639160156,9126900,0.0
2023-02-27 00:00:00-05:00,131.09748755132986,132.20449328145548,130.7377103371305,131.14361572265625,10014700,0.0
2023-02-28 00:00:00-05:00,131.86316276615307,132.61961124344361,130.90374753112508,132.24139404296875,11019800,0.0
2023-03-01 00:00:00-05:00,131.0883077110964,132.34291834332376,130.811552674686,131.50343322753906,7139200,0.0
2023-03-02 00:00:00-05:00,131.2174237309055,131.39268826747863,128.72664313356037,130.13809204101562,11106800,0.0
2023-03-03 00:00:00-05:00,130.5439605128286,132.60116125795565,130.1472892594403,132.52735900878906,9513100,0.0
2023-03-06 00:00:00-05:00,132.3244371513992,132.87793303450798,131.60488264991764,131.7524871826172,9261300,0.0
2023-03-07 00:00:00-05:00,131.005259457096,131.28201446838895,127.13073152802835,127.87796020507812,11747600,0.0
2023-03-08 00:00:00-05:00,127.30597381578568,127.85024960087925,126.28199041986595,127.12147521972656,10002500,0.0
2023-03-09 00:00:00-05:00,126.16208045104264,126.70637040071524,119.20638230996192,120.23958587646484,25888100,0.0
2023-03-10 00:00:00-05:00,118.96652146961952,124.77830492193819,117.91485690350788,123.2930679321289,37599700,0.0
2023-03-13 00:00:00-04:00,121.04218457726407,123.50527728856319,119.38166868303325,121.0790786743164,42901100,0.0
2023-03-14 00:00:00-04:00,124.79677777083461,125.02740457985469,121.11596883139065,124.18791961669922,29648100,0.0
2023-03-15 00:00:00-04:00,120.82999101320628,120.83922509421075,116.90934238977314,118.32077026367188,34280600,0.0
2023-03-16 00:00:00-04:00,118.09014585331869,121.72482660430684,116.25435842995631,120.6178207397461,24558500,0.0
2023-03-17 00:00:00-04:00,118.43148888954974,118.523731171571,115.72853524450113,116.06063842773438,38396000,0.0
2023-03-20 00:00:00-04:00,117.1491744075449,119.43699510744271,116.24512139285565,117.28755187988281,22875500,0.0
2023-03-21 00:00:00-04:00,120.47019792314585,121.52185544634439,120.10120071640084,120.43330383300781,17807800,0.0
2023-03-22 00:00:00-04:00,120.44254244300132,120.53479879711034,117.23222120408215,117.32447052001953,17250200,0.0
2023-03-23 00:00:00-04:00,117.98867327821704,119.49235749309963,116.25435522322675,117.01081085205078,16677600,0.0
2023-03-24 00:00:00-04:00,115.89456879275797,115.94069696475898,113.56985391022673,115.2303695678711,22311100,0.0
2023-03-27 00:00:00-04:00,116.96466988598436,119.35396680884446,116.50341636030646,118.5329360961914,18853900,0.0
2023-03-28 00:00:00-04:00,118.73590618033046,119.31707613597284,117.84106604505389,118.89273071289062,10820500,0.0
2023-03-29 00:00:00-04:00,120.01818907015445,120.12888542669916,117.86873862557152,119.13257598876953,14595300,0.0
2023-03-30 00:00:00-04:00,119.87980240554847,120.03662693329807,117.75804016436587,118.77279663085938,12134700,0.0
2023-03-31 00:00:00-04:00,119.61227481498302,120.23957289080046,118.86504631088347,120.21189880371094,13105200,0.0
2023-04-03 00:00:00-04:00,119.84290532067578,121.2543401115248,119.38165175304299,120.07353210449219,11775400,0.0
2023-04-04 00:00:00-04:00,120.3871851240944,120.47020739068543,117.53664136039777,118.46836853027344,11579900,0.0
2023-04-05 00:00:00-04:00,117.89193428485298,119.14708434890063,117.57581658451342,118.64502716064453,9614700,1.0
2023-04-06 00:00:00-04:00,118.0778797956493,119.08200834987258,117.94771577122117,118.51486206054688,8760200,0.0
2023-04-10 00:00:00-04:00,117.65018508298203,119.22145267413045,117.35266632962198,118.90534210205078,9477300,0.0
2023-04-11 00:00:00-04:00,119.28655100779827,119.88158856058351,118.5799412538381,119.49109649658203,10516300,0.0
2023-04-12 00:00:00-04:00,120.10470954784653,121.26689328717843,119.06339745718537,119.47248840332031,11821000,0.0
2023-04-13 00:00:00-04:00,119.43530529564194,119.97454606868823,117.91981315305058,119.92807006835938,12450200,0.0
2023-04-14 00:00:00-04:00,125.65531412466714,129.3464112241228,125.42287735108336,128.9838104248047,43931300,0.0
2023-04-17 00:00:00-04:00,130.11812641089648,130.22039917713522,127.98901142423925,130.00656127929688,16050500,0.0
2023-04-18 00:00:00-04:00,130.41561260269637,131.8195254325071,129.26272124249093,131.46621704101562,13760100,0.0
2023-04-19 00:00:00-04:00,131.30818152408432,131.55921721829318,130.53648971360158,131.29888916015625,9158100,0.0
2023-04-20 00:00:00-04:00,130.08089700791183,131.4941021338163,130.0158079128283,130.91766357421875,10586200,0.0
2023-04-21 00:00:00-04:00,129.92282461761334,131.1965732102885,129.03026143588656,130.66661071777344,11842500,0.0
2023-04-24 00:00:00-04:00,130.59233167717068,131.18736947135514,130.2018252679314,130.84335327148438,7567500,0.0
2023-04-25 00:00:00-04:00,129.79270269205225,130.1274122203145,127.96109974389691,127.99828338623047,10629300,0.0
2023-04-26 00:00:00-04:00,127.95180874332046,128.12846298620772,124.58612832390384,125.7297134399414,14416100,0.0
2023-04-27 00:00:00-04:00,126.44564503258789,128.22146595222043,126.12953432484305,127.42188262939453,9041100,0.0
2023-04-28 00:00:00-04:00,126.96624644240126,128.60261022124138,126.13877219035167,128.52822875976562,9887300,0.0
2023-05-01 00:00:00-04:00,132.26581836000824,133.29783821644935,130.93628680641368,131.28028869628906,20415800,0.0
2023-05-02 00:00:00-04:00,131.46623018999736,132.40528381144946,128.70488025365032,129.16046142578125,14113400,0.0
2023-05-03 00:00:00-04:00,128.71416267345447,128.92800048742873,126.22243361268366,126.4269790649414,12930900,0.0
2023-05-04 00:00:00-04:00,125.47865293363861,126.18525549892242,122.54994156827584,124.6976547241211,17089200,0.0
2023-05-05 00:00:00-04:00,126.85467902829136,128.19351693679252,126.3619142684698,127.13360595703125,11261400,0.0
2023-05-08 00:00:00-04:00,127.83092938271956,128.27720400268896,126.89187576524127,127.44043731689453,7484900,0.0
2023-05-09 00:00:00-04:00,126.38053149804215,127.3288776249441,125.71112655843577,126.82682037353516,7343600,0.0
2023-05-10 00:00:00-04:00,128.2586055494036,128.36087829464017,125.39498286959376,126.89187622070312,8133400,0.0
2023-05-11 00:00:00-04:00,125.51585865370714,127.19869863687757,125.42287826886732,126.49209594726562,7057300,0.0
2023-05-12 00:00:00-04:00,127.20800566679817,127.36606097216954,123.77723658077858,124.67909240722656,9988600,0.0
2023-05-15 00:00:00-04:00,124.83716404731295,126.13880448940313,124.54894467705132,125.7297134399414,7639500,0.0
2023-05-16 00:00:00-04:00,125.9435475942871,126.38982222709488,124.54892695329985,124.88363647460938,6477200,0.0
2023-05-17 00:00:00-04:00,126.35259238076902,128.8536136997337,125.94351567999787,128.72344970703125,12711500,0.0
2023-05-18 00:00:00-04:00,128.5561373131233,129.9135601537646,128.0819572058346,129.69972229003906,10999600,0.0
2023-05-19 00:00:00-04:00,129.96932211998757,130.62015634556295,128.4259529385829,129.4021759033203,13492200,0.0
2023-05-22 00:00:00-04:00,131.09434260740792,131.68938019077746,127.98899066253614,128.33299255371094,11402500,0.0
2023-05-23 00:00:00-04:00,127.8773974466778,129.26272559811,126.87328316079605,126.994140625,9514900,0.0
2023-05-24 00:00:00-04:00,125.88775277144353,126.77102387365669,125.59024107397305,125.83197021484375,8578000,0.0
2023-05-25 00:00:00-04:00,125.34850221791892,126.69663258291455,125.1253578219997,126.13877868652344,8472500,0.0
2023-05-26 00:00:00-04:00,126.54788063934289,127.93320895067457,126.10160599557224,127.31957244873047,8579900,0.0
2023-05-30 00:00:00-04:00,127.1893802963379,128.0447457522703,126.464178840508,127.80301666259766,7399900,0.0
2023-05-31 00:00:00-04:00,127.12433446010517,127.226607222616,124.95802171733372,126.1760025024414,14219900,0.0
2023-06-01 00:00:00-04:00,126.92909726996506,128.51895710691062,125.93426091276511,127.91462707519531,12248100,0.0
2023-06-02 00:00:00-04:00,129.7555044833213,131.54061723322627,129.55095898404744,130.60157775878906,12922500,0.0
2023-06-05 00:00:00-04:00,130.2668425421874,130.2668425421874,128.42594759857207,129.31849670410156,8511900,0.0
2023-06-06 00:00:00-04:00,128.93731264569107,130.25756592635653,128.50034458893558,129.5509490966797,9329500,0.0
2023-06-07 00:00:00-04:00,129.74621069918032,131.34537684682581,129.076791651942,130.80612182617188,9281400,0.0
2023-06-08 00:00:00-04:00,130.7875706949702,130.9921162667355,129.68116897137253,130.84335327148438,7368100,0.0
2023-06-09 00:00:00-04:00,130.48996980937244,131.8380998398069,130.3598058240921,131.1035919189453,7249100,0.0
2023-06-12 00:00:00-04:00,131.15941893506186,131.39185569008666,129.94143842180847,131.09432983398438,7596600,0.0
2023-06-13 00:00:00-04:00,130.61087553751943,132.83297065646826,130.29476491165087,132.04269409179688,7701600,0.0
2023-06-14 00:00:00-04:00,132.95382439764776,133.5209706496138,130.81540340563754,131.54991149902344,9068700,0.0
2023-06-15 00:00:00-04:00,130.71313840646567,133.32572542805949,130.1924823122168,133.03750610351562,9343100,0.0
2023-06-16 00:00:00-04:00,133.00030246924925,133.8556679507628,132.48893881540624,133.19554138183594,13813500,0.0
2023-06-20 00:00:00-04:00,132.5912424367851,132.95384326002164,131.13153259272033,132.51686096191406,8428600,0.0
2023-06-21 00:00:00-04:00,132.8608503119899,133.90217667494477,131.7358643045841,132.3216094970703,9926500,0.0
2023-06-22 00:00:00-04:00,132.31229907643169,132.58193366281853,129.18834845257769,129.7740936279297,10075200,0.0
2023-06-23 00:00:00-04:00,128.80713396524297,129.40217143539687,127.9517684885725,129.09536743164062,9919500,0.0
2023-06-26 00:00:00-04:00,129.11397314658396,130.1738842559491,128.01687839601942,129.4114990234375,8429700,0.0
2023-06-27 00:00:00-04:00,129.2348450460071,130.0158291939676,128.80715514394416,129.42079162597656,8154000,0.0
2023-06-28 00:00:00-04:00,129.3836003129569,129.43009050189633,128.26790671248017,128.8536376953125,7558600,0.0
2023-06-29 00:00:00-04:00,130.22970063811232,133.47450937436494,130.02515511363134,133.3536376953125,15423200,0.0
2023-06-30 00:00:00-04:00,134.44141282797466,135.74305286566013,133.5674484368948,135.22239685058594,14212800,0.0
2023-07-03 00:00:00-04:00,135.91970392054725,137.11907119999537,135.7430497366165,136.31019592285156,8021600,0.0
2023-07-05 00:00:00-04:00,135.68301845141943,136.14171413854416,135.14006000089324,135.4021759033203,8934900,1.0
2023-07-06 00:00:00-04:00,133.88565490395533,134.23201930820707,132.4065640524601,134.0635223388672,9709500,0.0
2023-07-07 00:00:00-04:00,134.71880784275996,136.52553639400776,133.86692398915542,135.121337890625,8981500,0.0
2023-07-10 00:00:00-04:00,135.2711126354132,136.66595485612726,135.2711126354132,135.8795928955078,9100100,0.0
2023-07-11 00:00:00-04:00,136.99359880427176,138.37908490759793,136.40384516231424,138.00462341308594,11260900,0.0
2023-07-12 00:00:00-04:00,138.03269855763006,140.29813690742736,137.61144189846328,138.68798828125,11323200,0.0
2023-07-13 00:00:00-04:00,139.20285874786703,139.83006562336877,138.31353599258082,139.36199951171875,11234900,0.0
2023-07-14 00:00:00-04:00,141.870827603696,143.1252412336155,138.93137327763844,140.2045135498047,27028400,0.0
2023-07-17 00:00:00-04:00,140.7474745833013,143.93031818225228,140.7474745833013,143.58395385742188,17262400,0.0
2023-07-18 00:00:00-04:00,143.58396870813758,144.5388133160355,143.05973693495963,143.84608459472656,13491700,0.0
2023-07-19 00:00:00-04:00,142.99420853526703,145.2971002736689,142.49805956001194,144.39840698242188,12510000,0.0
2023-07-20 00:00:00-04:00,144.66050292793233,146.58893291052811,144.54817163861398,146.17703247070312,9935900,0.0
2023-07-21 00:00:00-04:00,145.84941384000646,146.1676953908266,144.8103064253035,145.05369567871094,10636400,0.0
2023-07-24 00:00:00-04:00,145.07241030562304,148.64842793429298,144.84773343199822,147.9088897705078,14381400,0.0
2023-07-25 00:00:00-04:00,147.25359971580744,147.6467735305015,145.99918598070113,146.80426025390625,9944700,0.0
2023-07-26 00:00:00-04:00,146.70127676307158,148.14291400130324,146.29873250733112,147.6842041015625,8728600,0.0
2023-07-27 00:00:00-04:00,147.69360576809055,148.6390943050811,145.6153907955602,146.0553741455078,10778400,0.0
2023-07-28 00:00:00-04:00,147.2348683645196,147.5344375190384,146.44852076027303,146.8885040283203,9103800,0.0
2023-07-31 00:00:00-04:00,147.14126364731788,149.20076607298495,147.11318082189925,147.8714599609375,8892700,0.0
2023-08-01 00:00:00-04:00,147.37529894065986,147.90890120016138,146.17705075722094,147.14126586914062,6853900,0.0
2023-08-02 00:00:00-04:00,145.6247296556844,145.74643141841656,144.1081999906907,145.47494506835938,8299400,0.0
2023-08-03 00:00:00-04:00,145.10050403286803,146.897876304198,144.4920237619121,146.36428833007812,6084000,0.0
2023-08-04 00:00:00-04:00,146.41109472740982,147.7216885960237,145.75580493522597,146.0553741455078,6209400,0.0
2023-08-07 00:00:00-04:00,146.5983070977639,147.6280439392386,146.5983070977639,146.74807739257812,7251800,0.0
2023-08-08 00:00:00-04:00,144.46392200237997,146.01789053426512,142.8444030785175,145.92428588867188,8623400,0.0
2023-08-09 00:00:00-04:00,145.40008434199916,145.58730795628765,143.6682337702767,143.96778869628906,6277800,0.0
2023-08-10 00:00:00-04:00,144.5201072567677,145.51240519701045,143.31248860553254,143.75247192382812,5995100,0.0
2023-08-11 00:00:00-04:00,143.25634127753443,144.65118370801733,142.8818940279704,144.5856475830078,5180700,0.0
2023-08-14 00:00:00-04:00,143.7992760288352,145.02560699541831,143.15334248845306,144.88519287109375,5044300,0.0
2023-08-15 00:00:00-04:00,143.0878141862051,143.48098800077395,140.63513807973655,141.1968231201172,10300300,0.0
2023-08-16 00:00:00-04:00,140.98153496964974,141.31854318067522,140.12028065372675,140.59771728515625,6978200,0.0
2023-08-17 00:00:00-04:00,141.24361099584877,141.5993314684171,138.92199318247168,139.13731384277344,9953900,0.0
2023-08-18 00:00:00-04:00,138.21994109410372,139.95179172208907,138.02336129220063,139.4556427001953,8517500,0.0
2023-08-21 00:00:00-04:00,140.0922157539315,140.51348678480727,138.56632957017854,139.93307495117188,8327000,0.0
2023-08-22 00:00:00-04:00,139.72708740694694,140.08282221486544,136.534887452353,137.03103637695312,9673300,0.0
2023-08-23 00:00:00-04:00,137.00294965470403,138.16374441088766,136.16979258953467,137.95779418945312,7858000,0.0
2023-08-24 00:00:00-04:00,138.07949613762864,139.8675120243072,137.60207386958209,137.8267364501953,6534000,0.0
2023-08-25 00:00:00-04:00,137.8735553172173,139.1279690919885,136.53489306897146,137.6582489013672,6695500,0.0
2023-08-28 00:00:00-04:00,138.14502109769722,139.11859219835208,137.73312068749019,138.13565063476562,5094100,0.0
2023-08-29 00:00:00-04:00,138.27609058280225,139.34328069655484,137.77992738593437,139.25901794433594,6337000,0.0
2023-08-30 00:00:00-04:00,139.12795470612008,139.62410359982832,137.78929259629226,138.6973419189453,6277300,0.0
2023-08-31 00:00:00-04:00,138.79096610726893,138.87522886814105,136.63787329971225,136.98423767089844,10933900,0.0
2023-09-01 00:00:00-04:00,136.75956054270785,138.62246891114418,136.3944695270514,137.4429473876953,7903500,0.0
2023-09-05 00:00:00-04:00,137.76126337966684,138.7442053704457,135.74856991583417,135.9264373779297,7854700,0.0
2023-09-06 00:00:00-04:00,135.45833292470454,136.24468058187983,134.9060183286584,135.7017364501953,8629200,0.0
2023-09-07 00:00:00-04:00,134.92471110681916,135.99190102633193,134.23196827742842,134.5408935546875,8373700,0.0
2023-09-08 00:00:00-04:00,134.21327851187928,134.91537771193597,133.53926213708527,134.64390563964844,7107900,0.0
2023-09-11 00:00:00-04:00,135.50516045652148,135.78600302416146,134.51286243054037,135.2336883544922,6854200,0.0
2023-09-12 00:00:00-04:00,135.2711113808214,137.9110112067669,134.84985472125945,136.99359130859375,8363200,0.0
2023-09-13 00:00:00-04:00,137.9297393099169,138.26674753287986,136.50682839895887,137.05914306640625,8325900,0.0
2023-09-14 00:00:00-04:00,138.39776274640508,140.32619253830543,138.0982079097636,139.71771240234375,10034900,0.0
2023-09-15 00:00:00-04:00,139.4088070236676,140.16707182842225,138.83776580409716,139.3058319091797,19863400,0.0
2023-09-18 00:00:00-04:00,138.69734468236973,139.61475020241627,138.31352706736544,139.5960235595703,6512400,0.0
2023-09-19 00:00:00-04:00,139.95175402826723,140.1577042404797,137.80801772654655,139.41815185546875,7943400,0.0
2023-09-20 00:00:00-04:00,140.09220027603982,140.65388539898544,138.67864557176296,138.82843017578125,7332000,0.0
2023-09-21 00:00:00-04:00,138.15437782884638,139.34326960229055,137.2650551855661,137.7424774169922,8052400,0.0
2023-09-22 00:00:00-04:00,137.88289496335204,138.08884517442365,135.91702606345376,136.4225311279297,7071700,0.0
2023-09-25 00:00:00-04:00,136.0668056251761,137.16207846143809,134.52217909897934,137.09654235839844,7044700,0.0
2023-09-26 00:00:00-04:00,135.36474916009422,136.5255441805106,135.01837046288418,135.6736602783203,7468400,0.0
2023-09-27 00:00:00-04:00,135.91704574382544,136.75955906802622,135.28046837627247,136.4693603515625,6717800,0.0
2023-09-28 00:00:00-04:00,136.9374414680217,139.3620208697306,136.68468172940547,138.1637725830078,8868100,0.0
2023-09-29 00:00:00-04:00,139.109259250434,139.25902955568586,135.60811946323787,135.75790405273438,11917800,0.0
2023-10-02 00:00:00-04:00,135.5800051974048,136.3195432246482,133.52051756427687,134.58770751953125,9170600,0.0
2023-10-03 00:00:00-04:00,134.054139400051,134.41923041723004,133.25843553401722,133.59544372558594,9431100,0.0
2023-10-04 00:00:00-04:00,134.044780229925,134.3068961192718,132.86524444361987,134.19456481933594,8128700,0.0
2023-10-05 00:00:00-04:00,133.94936120720567,134.9489954403181,132.8082911555661,134.7603759765625,8576200,1.05
2023-10-06 00:00:00-04:00,134.76980848069118,137.57063757203986,134.0436638745079,136.83506774902344,10270600,0.0
2023-10-09 00:00:00-04:00,135.4770900778378,137.11796998670525,135.32620026862298,136.52386474609375,6964900,0.0
2023-10-10 00:00:00-04:00,137.13684937657925,138.40995889388373,137.004824376904,137.35374450683594,11288800,0.0
2023-10-11 00:00:00-04:00,138.16476653612236,138.8437563954765,136.75964633550754,137.8252716064453,8698200,0.0
2023-10-12 00:00:00-04:00,137.96674869021285,138.5891585158138,136.8633936664554,137.50465393066406,10484400,0.0
2023-10-13 00:00:00-04:00,140.04142044685983,144.3888348154425,139.41901068024754,139.5699005126953,29427000,0.0
2023-10-16 00:00:00-04:00,140.93729128323395,141.00331097441395,138.36279673046786,139.42843627929688,12663500,0.0
2023-10-17 00:00:00-04:00,139.16440812185908,140.80528837588392,138.4288237446185,139.12667846679688,11482700,0.0
2023-10-18 00:00:00-04:00,138.24021346264712,139.07951838576773,137.08970365032715,137.5989532470703,9620300,0.0
2023-10-19 00:00:00-04:00,137.1934163017745,138.64570554852048,136.62760109586821,137.0142364501953,11143600,0.0
2023-10-20 00:00:00-04:00,136.3352597722285,136.87278493216152,134.02480093728053,134.80752563476562,13332900,0.0
2023-10-23 00:00:00-04:00,134.79809672849134,135.49593689560837,132.71397266456037,132.96859741210938,10133400,0.0
2023-10-24 00:00:00-04:00,133.14778633313443,133.6570214733008,132.36506160371712,133.12892150878906,8881400,0.0
2023-10-25 00:00:00-04:00,132.5631156887243,133.13835617043748,131.5634813825373,132.4027862548828,8242600,0.0
2023-10-26 00:00:00-04:00,131.79922408824612,133.60043337964612,131.48801925860812,132.7422637939453,9109400,0.0
2023-10-27 00:00:00-04:00,131.03539507182188,131.1768596947608,127.4895701240556,127.96109008789062,17434700,0.0
2023-10-30 00:00:00-04:00,128.6683543097979,130.17720937589277,128.29112975104002,129.592529296875,9855500,0.0
2023-10-31 00:00:00-04:00,129.86603437399648,131.3088843077503,129.63969961177435,131.13912963867188,9672500,0.0
2023-11-01 00:00:00-04:00,131.3182952427371,132.52538506399418,130.58272533258497,131.0259552001953,9432000,0.0
2023-11-02 00:00:00-04:00,132.1104404141124,133.42126514351625,131.29942562105097,133.36468505859375,10186200,0.0
2023-11-03 00:00:00-04:00,134.0908306209058,135.58083522229103,133.77020054443747,134.8546905517578,9538700,0.0
2023-11-06 00:00:00-05:00,135.01502964388456,135.97693443430506,134.65666985360778,135.87319946289062,7625100,0.0
2023-11-07 00:00:00-05:00,135.33563951339102,136.04291937904668,134.68495412429016,135.80715942382812,6297900,0.0
2023-11-08 00:00:00-05:00,135.90147545372747,136.58989052573705,135.43938073983261,136.4767303466797,7618200,0.0
2023-11-09 00:00:00-05:00,137.15568646220893,137.35371672684704,135.51479232127906,136.07118225097656,7992500,0.0
2023-11-10 00:00:00-05:00,136.68420471665647,138.13647982386263,135.87318983117473,138.08932495117188,7983300,0.0
2023-11-13 00:00:00-05:00,137.40088871139884,137.91956345188186,136.89165357778936,137.47633361816406,6676300,0.0
2023-11-14 00:00:00-05:00,138.32505839820212,140.7486773711874,138.17418298003085,139.9848175048828,9927700,0.0
2023-11-15 00:00:00-05:00,140.003664861889,141.60682929840053,140.003664861889,141.21075439453125,8365300,0.0
2023-11-16 00:00:00-05:00,141.5408447709493,142.89882442983355,141.5408447709493,142.82337951660156,8126200,0.0
2023-11-17 00:00:00-05:00,143.53064675784515,144.15305644499725,142.90823707069305,144.11534118652344,7812400,0.0
2023-11-20 00:00:00-05:00,143.41749314350156,144.99236786773022,143.26660332342516,144.55856323242188,7019000,0.0
2023-11-21 00:00:00-05:00,144.47370055393674,144.87921516759508,143.87959523992686,144.25680541992188,7083500,0.0
2023-11-22 00:00:00-05:00,144.67172786384498,145.11495768637337,144.19076839406415,144.59628295898438,5174500,0.0
2023-11-24 00:00:00-05:00,144.84148165087916,145.6430712490366,144.54914161073685,144.79432678222656,3496900,0.0
2023-11-27 00:00:00-05:00,144.69056896757002,144.78487868997536,144.01159364689627,144.46424865722656,6259100,0.0
2023-11-28 00:00:00-05:00,144.492561524212,145.10553164775902,144.02104161697716,144.79432678222656,6582700,0.0
2023-11-29 00:00:00-05:00,145.3884426243466,146.76528704849733,145.22812758688474,145.5299072265625,9126100,0.0
2023-11-30 00:00:00-05:00,146.08629666666795,147.2368063564752,145.5864867313831,147.1896514892578,9869800,0.0
2023-12-01 00:00:00-05:00,146.94446658886,148.86826142383205,146.94446658886,147.90635681152344,8916000,0.0
2023-12-04 00:00:00-05:00,147.1330704680428,149.04744006979425,147.0010454744615,148.99085998535156,9607500,0.0
2023-12-05 00:00:00-05:00,148.3024355246939,149.47181007082003,148.02896031089793,148.9720001220703,9135600,0.0
2023-12-06 00:00:00-05:00,149.79244482122945,150.15080456532945,147.11421512755064,147.40655517578125,9366000,0.0
2023-12-07 00:00:00-05:00,147.7649118050395,148.34959188917585,147.25566224366952,147.8592071533203,8130900,0.0
2023-12-08 00:00:00-05:00,148.30240721765801,149.7358314861377,148.0383572721016,149.4906463623047,7369400,0.0
2023-12-11 00:00:00-05:00,149.4906786018212,150.22624852159782,149.14174407807883,150.0376434326172,8093900,0.0
2023-12-12 00:00:00-05:00,150.16024048034427,151.49935542257748,149.83018514642347,151.37677001953125,10223000,0.0
2023-12-13 00:00:00-05:00,151.376751172791,152.80073607591623,150.66947133004385,151.885986328125,12379100,0.0
2023-12-14 00:00:00-05:00,152.61213937426155,155.45068411871856,152.49897919789595,154.64910888671875,13643000,0.0
2023-12-15 00:00:00-05:00,153.79092125929148,155.8656057922749,153.14022154170772,155.81845092773438,20309300,0.0
2023-12-18 00:00:00-05:00,156.46914985499157,157.61023425667324,156.19567466546889,156.76148986816406,8469600,0.0
2023-12-19 00:00:00-05:00,156.54461205309389,158.87392158842906,156.12024700678276,158.8550567626953,10345700,0.0
2023-12-20 00:00:00-05:00,158.42127317416848,159.760388064777,156.9689837140342,157.06329345703125,10734700,0.0
2023-12-21 00:00:00-05:00,157.3367577550905,158.5155575124074,156.24282812678547,157.95916748046875,7601700,0.0
2023-12-22 00:00:00-05:00,157.95917790673107,158.64759298134297,157.7045531132431,157.8648681640625,6576300,0.0
2023-12-26 00:00:00-05:00,157.92144185918576,159.15682162146308,157.65737749239696,158.7984619140625,4683600,0.0
2023-12-27 00:00:00-05:00,158.2797759335722,159.81693521176237,158.0345907978248,159.75091552734375,6428600,0.0
2023-12-28 00:00:00-05:00,159.70381588348346,160.9391958738307,159.37374615629497,160.59970092773438,6320100,0.0
2023-12-29 00:00:00-05:00,160.3167620438129,160.96746179209865,159.96784193110983,160.41107177734375,6435100,0.0
2024-01-02 00:00:00-05:00,159.4586256124024,162.36319045657115,159.28888532426006,162.2783203125,9977400,0.0
2024-01-03 00:00:00-05:00,162.07083966469682,162.24057994163016,160.66570501716694,161.57102966308594,9852300,0.0
2024-01-04 00:00:00-05:00,161.91259668017605,164.4839997839759,161.81770540051127,162.64321899414062,11972500,1.05
2024-01-05 00:00:00-05:00,162.70015693042274,164.5124733318374,162.70015693042274,163.45924377441406,10066000,0.0
2024-01-08 00:00:00-05:00,163.22203063964844,163.5446378440562,160.82142880255864,163.22203063964844,11229900,0.0
2024-01-09 00:00:00-05:00,162.84248752428073,163.00379113396048,161.4002383747752,161.9315948486328,9923600,0.0
2024-01-10 00:00:00-05:00,161.30534199467218,162.33010708122012,160.30904139844134,162.27317810058594,9670200,0.0
2024-01-11 00:00:00-05:00,161.6184608273202,161.6469253167498,160.01489369036094,161.58999633789062,11919500,0.0
2024-01-12 00:00:00-05:00,164.9109759460637,167.29259640908697,160.26157849064393,160.40391540527344,19436500,0.0
2024-01-16 00:00:00-05:00,156.43771030633505,159.49302439057672,155.8968705158976,159.3981475830078,17206400,0.0
2024-01-17 00:00:00-05:00,158.78138793793093,160.42291746804034,157.9748698967347,158.54417419433594,11107500,0.0
2024-01-18 00:00:00-05:00,158.57262518214884,158.9616591633274,156.788787827513,158.85728454589844,9382300,0.0
2024-01-19 00:00:00-05:00,158.98063779337124,161.84618358047715,158.53467484219206,161.59947204589844,13115700,0.0
2024-01-22 00:00:00-05:00,161.7418034738899,163.1840524158629,161.03016233915122,161.40969848632812,12837500,0.0
2024-01-23 00:00:00-05:00,160.99218388563608,161.06809400313085,159.82509659569962,160.3469696044922,8360800,0.0
2024-01-24 00:00:00-05:00,160.69806067066273,162.26366540807356,160.22363323770475,161.77975463867188,9967100,0.0
2024-01-25 00:00:00-05:00,163.497202679032,164.14243160757394,162.16881147082555,164.09498596191406,8873500,0.0
2024-01-26 00:00:00-05:00,163.7818586219111,164.20884046709205,162.99430725137032,163.46873474121094,7443000,0.0
2024-01-29 00:00:00-05:00,163.4307613169015,164.00006552852224,162.5388354591491,163.89569091796875,6971200,0.0
2024-01-30 00:00:00-05:00,163.99060578443397,167.71959885740603,163.99060578443397,167.25466918945312,10822100,0.0
2024-01-31 00:00:00-05:00,167.18822653609234,169.18082757038678,165.42335588463555,165.4423370361328,11521800,0.0
2024-02-01 00:00:00-05:00,164.75916524911648,165.8977882402984,162.66218953700178,164.8445587158203,9354800,0.0
2024-02-02 00:00:00-05:00,164.4365405747899,166.82765873693674,164.398578274706,165.79339599609375,8607600,0.0
2024-02-05 00:00:00-05:00,164.96789829400674,166.134985659533,164.07597245364303,165.57516479492188,7820200,0.0
2024-02-06 00:00:00-05:00,165.6795413976579,166.87509326368186,164.87300900590824,166.1444854736328,6764800,0.0
2024-02-07 00:00:00-05:00,166.7043226284831,166.87510956386498,165.062807676568,166.45761108398438,7225500,0.0
2024-02-08 00:00:00-05:00,166.04960084038564,166.34374353104843,164.69274533742478,165.85983276367188,6060300,0.0
2024-02-09 00:00:00-05:00,166.04962921080383,166.14452050456146,164.7876502913963,166.05911254882812,6296700,0.0
2024-02-12 00:00:00-05:00,165.84085611158963,167.76703037532326,164.81609109548293,166.7991943359375,8539300,0.0
2024-02-13 00:00:00-05:00,166.35324093999716,167.21668785869483,163.79132123629455,165.34744262695312,8397600,0.0
2024-02-14 00:00:00-05:00,166.11603914000582,167.09335855725456,165.49927474998213,167.0269317626953,7056700,0.0
2024-02-15 00:00:00-05:00,167.14080565948487,170.99316919509747,167.14080565948487,170.67054748535156,8723400,0.0
2024-02-16 00:00:00-05:00,170.42382695213206,170.77489862748652,169.04799026069725,169.8734893798828,8152600,0.0
2024-02-20 00:00:00-05:00,170.02529871425853,171.23034839812226,169.28519310769673,170.5376739501953,9668000,0.0
2024-02-21 00:00:00-05:00,170.7464331647667,171.73325035019496,169.38957763277347,171.64784240722656,7024000,0.0
2024-02-22 00:00:00-05:00,172.52081000181218,174.0389691999663,171.970472406029,173.70687866210938,9296500,0.0
2024-02-23 00:00:00-05:00,174.40901731437765,175.72792504973566,173.82073190790015,174.57981872558594,7105800,0.0
2024-02-26 00:00:00-05:00,174.35206266605564,175.0257559181345,173.14701306334396,173.9820098876953,7145400,0.0
2024-02-27 00:00:00-05:00,173.9345742347972,174.15280678882112,172.91930710908773,174.06741333007812,5717100,0.0
2024-02-28 00:00:00-05:00,174.04843594056865,175.72791305734785,173.60248748692752,174.94985961914062,6131600,0.0
2024-02-29 00:00:00-05:00,176.1644091332413,176.89501700223315,174.44698403277337,176.5439453125,9643000,0.0
2024-03-01 00:00:00-05:00,176.20234267897524,176.90450047991027,175.63303845622815,175.8133087158203,6311800,0.0
2024-03-04 00:00:00-05:00,175.26298666271404,177.99567880021087,174.84548820991387,177.13221740722656,7063600,0.0
2024-03-05 00:00:00-05:00,176.82862140879405,179.61825747313026,176.82862140879405,178.9066162109375,6617800,0.0
2024-03-06 00:00:00-05:00,179.570778102442,180.3488460192698,178.0336378978686,179.83645629882812,7572900,0.0
2024-03-07 00:00:00-05:00,180.19705535193344,180.75687632347888,177.08481213046088,178.26138305664062,7618300,0.0
2024-03-08 00:00:00-05:00,178.80220930717653,180.7189001480093,178.3088007338345,178.5934600830078,6172200,0.0
2024-03-11 00:00:00-04:00,177.70155853816826,178.80223378384542,176.69577458133077,178.65989685058594,5762600,0.0
2024-03-12 00:00:00-04:00,179.28611974419184,180.43424047505954,178.2993170776544,180.13059997558594,5708400,0.0
2024-03-13 00:00:00-04:00,180.62402184480607,181.92394844272968,180.1306132360268,181.59185791015625,7795500,0.0
2024-03-14 00:00:00-04:00,181.25974046676782,181.82905916695464,177.53074786350967,178.3562469482422,10310900,0.0
2024-03-15 00:00:00-04:00,176.9424601771041,181.17435946088082,176.9424601771041,180.5670928955078,17214200,0.0
2024-03-18 00:00:00-04:00,180.88022211160907,182.84434431154483,180.17806424275938,182.806396484375,9013800,0.0
2024-03-19 00:00:00-04:00,182.85385043194006,184.01144019291252,182.54072654965233,183.87860107421875,8478700,0.0
2024-03-20 00:00:00-04:00,184.25810197361542,186.50688304622224,183.70776449389064,186.2886505126953,9367000,0.0
2024-03-21 00:00:00-04:00,186.4689435734579,189.23009995235682,186.28865885050274,188.8790283203125,11203800,0.0
2024-03-22 00:00:00-04:00,188.8316208127196,190.22643876540545,186.48794789784623,186.56385803222656,8108800,0.0
2024-03-25 00:00:00-04:00,186.5449025482049,186.86750977989115,184.41946209318417,184.85594177246094,8620000,0.0
2024-03-26 00:00:00-04:00,184.63766637481814,186.60180291274617,184.13477445009167,185.7193603515625,5961500,0.0
2024-03-27 00:00:00-04:00,186.44996054908697,189.39141609973538,186.33610261083916,189.3155059814453,8725800,0.0
2024-03-28 00:00:00-04:00,189.28707861308453,190.4541661440958,188.38565483061902,190.05564880371094,8628300,0.0
2024-04-01 00:00:00-04:00,189.7615289818415,190.6629383946868,188.4141565317733,188.76522827148438,7309000,0.0
2024-04-02 00:00:00-04:00,188.24332231873962,189.56223004560812,187.9491796173942,188.6892852783203,7014700,0.0
2024-04-03 00:00:00-04:00,188.8600718225351,189.353480421599,187.5886097387711,188.15792846679688,9353400,0.0
2024-04-04 00:00:00-04:00,190.06669747224808,190.5725228336972,186.63090338860295,186.72633361816406,9243800,1.15
2024-04-05 00:00:00-04:00,187.21308807266684,189.08368373972885,186.21097596961084,188.44424438476562,6532300,0.0
2024-04-08 00:00:00-04:00,188.6065008303441,189.90447149415994,188.6065008303441,189.42727661132812,8001000,0.0
2024-04-09 00:00:00-04:00,189.03596449913155,189.80901778367087,186.02008971749524,188.1579132080078,7351500,0.0
2024-04-10 00:00:00-04:00,186.63090309212447,188.0815794697576,185.32337934002095,186.55455017089844,7681400,0.0
2024-04-11 00:00:00-04:00,187.0603818015725,187.60439092248092,184.42627146372058,186.51637268066406,10137700,0.0
2024-04-12 00:00:00-04:00,179.730669116781,180.31283283345405,174.21428344257563,174.452880859375,31532300,0.0
2024-04-15 00:00:00-04:00,176.0848925222756,178.90989232756837,173.88979338856458,174.54832458496094,14766600,0.0
2024-04-16 00:00:00-04:00,174.55785940954902,174.8060100362722,171.45609307815093,172.55364990234375,16451800,0.0
2024-04-17 00:00:00-04:00,173.09765717367875,174.0997692825039,171.02663324895016,171.8665008544922,9017100,0.0
2024-04-18 00:00:00-04:00,172.83997115716338,174.99688652001322,171.7615061943233,172.98312377929688,9557700,0.0
2024-04-19 00:00:00-04:00,174.08067361637623,177.40196022253804,173.1358371435667,177.3256072998047,13402300,0.0
2024-04-22 00:00:00-04:00,177.5069543871332,181.45812735942548,177.49740116944542,180.77096557617188,11529700,0.0
2024-04-23 00:00:00-04:00,182.41249080398302,183.46231063719642,181.83031255941904,183.3764190673828,9144400,0.0
2024-04-24 00:00:00-04:00,181.83986299476692,184.41671219594375,181.49628213042132,184.2735595703125,6964900,0.0
2024-04-25 00:00:00-04:00,183.48141172959566,185.0943325814848,182.46020780549338,184.55032348632812,9802300,0.0
2024-04-26 00:00:00-04:00,184.74122414056745,185.9819191199223,184.25447606565834,184.6648712158203,6413700,0.0
2024-04-29 00:00:00-04:00,184.65530678155278,185.3997295490782,183.65319472901302,184.4644317626953,5387800,0.0
2024-04-30 00:00:00-04:00,184.01587936793962,186.0964565277787,182.8992451443853,182.99468994140625,8153700,0.0
2024-05-01 00:00:00-04:00,183.50049513128624,185.5906107156563,182.08798801756038,183.10919189453125,7445300,0.0
2024-05-02 00:00:00-04:00,184.26404331556682,184.67442393414981,180.87595665640484,182.91835021972656,6501700,0.0
2024-05-03 00:00:00-04:00,183.2428007323514,183.74862604851333,179.86426800149363,181.8207550048828,8922800,0.0
2024-05-06 00:00:00-04:00,182.98513906415366,183.43370340279216,181.16226574552516,183.24282836914062,7911100,0.0
2024-05-07 00:00:00-04:00,182.95650428655827,184.13039955093174,182.90878188854626,183.0042266845703,7688800,0.0
2024-05-08 00:00:00-04:00,182.28842746572758,187.6807232907595,182.28842746572758,186.72633361816406,9227600,0.0
2024-05-09 00:00:00-04:00,186.26821387498816,188.57783492709262,186.20141417659536,188.491943359375,7977300,0.0
2024-05-10 00:00:00-04:00,189.48452041598773,190.24803507157247,189.22684568795714,189.70404052734375,7529800,0.0
2024-05-13 00:00:00-04:00,189.73267730698475,190.73478941529618,189.00733180699527,189.66586303710938,7049200,0.0
2024-05-14 00:00:00-04:00,189.92356346762142,192.38589081187718,189.1218795591192,192.31907653808594,8596200,0.0
2024-05-15 00:00:00-04:00,192.79624832491854,193.44524086083933,190.65842482501571,192.89169311523438,8370000,0.0
2024-05-16 00:00:00-04:00,192.99669309394335,195.1536086492636,192.77718753280783,193.23529052734375,8497900,0.0
2024-05-17 00:00:00-04:00,194.5141194922966,195.69756770169602,193.55973000295677,195.4494171142578,9260500,0.0
2024-05-20 00:00:00-04:00,195.06768523154884,196.4897309451442,186.48771768417754,186.65951538085938,17373300,0.0
2024-05-21 00:00:00-04:00,188.01474921922218,190.78247320493176,187.63299920837585,190.41981506347656,14420800,0.0
2024-05-22 00:00:00-04:00,189.92356116796256,191.77507962196466,188.6733129194728,189.26502990722656,9425300,0.0
2024-05-23 00:00:00-04:00,188.78782176676148,189.25547795628643,187.12719303061385,187.93841552734375,8069400,0.0
2024-05-24 00:00:00-04:00,188.73054238375408,191.60324982166694,188.5492060306778,191.5555419921875,7356200,0.0
2024-05-28 00:00:00-04:00,190.7442918725669,191.26920902614896,189.5990273501878,190.4007110595703,6910200,0.0
2024-05-29 00:00:00-04:00,188.9691437571096,189.91399471851386,187.90977070201868,189.07412719726562,6120000,0.0
2024-05-30 00:00:00-04:00,189.5036107487647,190.7347815795727,189.35090490632123,190.23849487304688,6829100,0.0
2024-05-31 00:00:00-04:00,190.20986585230213,194.02742456659686,189.3031985702233,193.3879852294922,14417900,0.0
2024-06-03 00:00:00-04:00,193.08258611073796,193.1875695647281,190.1048947798636,192.6149444580078,6444300,0.0
2024-06-04 00:00:00-04:00,191.0306378288864,192.7676194373073,189.2363806080914,190.0762481689453,6848300,0.0
2024-06-05 00:00:00-04:00,190.6488677581653,190.70614336889636,187.93840469676562,188.2628936767578,8351600,0.0
2024-06-06 00:00:00-04:00,188.26290644052494,188.98825193066074,186.42094131495605,187.9288787841797,7640300,0.0
2024-06-07 00:00:00-04:00,188.42516442606455,191.7559899505188,188.02432247206556,190.83023071289062,6964500,0.0
2024-06-10 00:00:00-04:00,190.15260252915212,191.6796172589224,189.38908788285167,190.50572204589844,6070800,0.0
2024-06-11 00:00:00-04:00,188.88329556389334,188.91192609389,184.7698777089303,185.49520874023438,9235300,0.0
2024-06-12 00:00:00-04:00,187.06037343522323,187.747535155726,182.58428359797037,182.79425048828125,12751300,0.0
2024-06-13 00:00:00-04:00,183.54823918155475,185.70515472071864,182.17391564540972,184.82711791992188,8587800,0.0
2024-06-14 00:00:00-04:00,182.71790538052034,185.97237775666235,182.68927485451107,184.94163513183594,6874000,0.0
2024-06-17 00:00:00-04:00,184.6552991186537,186.65952314056108,183.85361533502265,186.08688354492188,8725400,0.0
2024-06-18 00:00:00-04:00,185.7242259848272,188.93097569239987,185.2756616981407,188.01475524902344,9023000,0.0
2024-06-20 00:00:00-04:00,187.4325593195824,190.35298895297203,187.1653314160584,189.6085662841797,8731100,0.0
2024-06-21 00:00:00-04:00,187.73801349633672,188.17702462466875,185.36157778424015,187.34671020507812,20972100,0.0
2024-06-24 00:00:00-04:00,188.78781706567207,190.14304864072443,188.1102085595612,189.80902099609375,9785900,0.0
2024-06-25 00:00:00-04:00,189.0550270132535,190.94472885295818,188.7209994004138,189.03594970703125,6862500,0.0
2024-06-26 00:00:00-04:00,188.44424751166255,188.91190371760356,187.3276132855566,188.42515563964844,7758600,0.0
2024-06-27 00:00:00-04:00,188.43471002085207,190.74433141255324,187.91933141310852,190.08580017089844,7913500,0.0
2024-06-28 00:00:00-04:00,190.88748938726886,193.3593699170051,190.2098808173549,193.0348663330078,15307600,0.0
2024-07-01 00:00:00-04:00,193.5883881973363,197.64454410688455,193.416605054855,196.079345703125,10205800,0.0
2024-07-02 00:00:00-04:00,195.92664354617938,199.33382156432344,195.43037141669657,199.30519104003906,7802900,0.0
2024-07-03 00:00:00-04:00,199.9923607921085,200.78450597577336,198.17901165846095,199.1715850830078,5560900,0.0
2024-07-05 00:00:00-04:00,198.64377422771068,199.0084419463454,196.27336816071954,196.532470703125,8093100,1.15
2024-07-08 00:00:00-04:00,196.7723624234459,198.55736401431693,195.74551462114852,196.89712524414062,8707000,0.0
2024-07-09 00:00:00-04:00,197.33859380980596,201.30205403205485,197.1658441534367,199.25794982910156,9058900,0.0
2024-07-10 00:00:00-04:00,197.8280277635907,199.58424030901233,197.29061041180532,199.4210968017578,8328500,0.0
2024-07-11 00:00:00-04:00,197.89521368869632,199.70900458588088,197.09867916383936,199.085205078125,10658100,0.0
2024-07-12 00:00:00-04:00,195.77432240821722,199.08520875553353,193.95093996868792,196.67642211914062,15443400,0.0
2024-07-15 00:00:00-04:00,198.83568835973134,203.07746338803915,198.3846385255346,201.5803680419922,10719700,0.0
2024-07-16 00:00:00-04:00,201.5323940342005,205.12159527581198,199.68981390311083,205.0064239501953,11557000,0.0
2024-07-17 00:00:00-04:00,205.17916232258048,208.78754638356358,204.67053414664076,208.1253662109375,11572500,0.0
2024-07-18 00:00:00-04:00,206.93538878296755,207.90465837072435,200.80304644620205,201.51319885253906,12415100,0.0
2024-07-19 00:00:00-04:00,202.68398424570762,203.78762269683403,200.49591964655664,201.3212432861328,8095900,0.0
2024-07-22 00:00:00-04:00,201.97385135034514,203.6148926358178,201.25409280392114,201.8011016845703,7663200,0.0
2024-07-23 00:00:00-04:00,202.5112860974499,202.95272984342498,200.90862535379435,201.84910583496094,5557300,0.0
2024-07-24 00:00:00-04:00,201.1005270559385,203.48052438660613,199.68020772158312,200.17922973632812,7119000,0.0
2024-07-25 00:00:00-04:00,200.23679904485417,201.71471129291234,199.66100105914288,200.25599670410156,6403800,0.0
2024-07-26 00:00:00-04:00,200.8030338162583,204.56496989068702,200.20802348732903,203.68206787109375,8027800,0.0
2024-07-29 00:00:00-04:00,204.07553810374966,204.99683550482567,202.06022291940437,202.34812927246094,6533600,0.0
2024-07-30 00:00:00-04:00,204.63214713164874,207.08892060425245,204.37304460068856,206.51312255859375,8850700,0.0
2024-07-31 00:00:00-04:00,206.11965617262393,207.66473846208044,204.09473484474648,204.21949768066406,9071600,0.0
2024-08-01 00:00:00-04:00,204.60338069812147,205.20798262459832,198.0583832642799,199.57467651367188,10918600,0.0
2024-08-02 00:00:00-04:00,195.65916985684163,196.4173090899953,188.951014866982,191.11029052734375,18041700,0.0
2024-08-05 00:00:00-04:00,186.2255269573448,188.26003972022244,183.2025323392783,187.04124450683594,13927000,0.0
2024-08-06 00:00:00-04:00,187.52107494379788,194.4307682439227,186.1775316040648,192.2618865966797,10605800,0.0
2024-08-07 00:00:00-04:00,195.30407255531497,197.4537566355557,192.12754058739833,192.31947326660156,9204400,0.0
2024-08-08 00:00:00-04:00,194.30600938741946,196.64762609323657,193.65342072084405,195.83189392089844,7761200,0.0
2024-08-09 00:00:00-04:00,195.2657181295499,198.14475263524707,194.71869454457462,197.50177001953125,5540200,0.0
2024-08-12 00:00:00-04:00,198.08715268440758,198.78771357086882,195.44803800867777,197.8760223388672,6936000,0.0
2024-08-13 00:00:00-04:00,199.35392685485715,199.69941155528463,197.11787513313567,199.5554656982422,6387800,0.0
2024-08-14 00:00:00-04:00,199.36351554061437,202.26173259433187,198.76850521541047,201.76271057128906,6999800,0.0
2024-08-15 00:00:00-04:00,204.41144308904532,205.26555604485006,202.58806048697608,203.01991271972656,7001000,0.0
2024-08-16 00:00:00-04:00,203.15423577226989,205.45745708775618,203.0582621159896,205.34230041503906,7931200,0.0
2024-08-19 00:00:00-04:00,205.37108886847773,206.83939501460688,205.1983538600032,206.7626190185547,6090800,0.0
2024-08-20 00:00:00-04:00,206.33077379457382,207.290451812223,205.0639917823852,205.87013244628906,5640000,0.0
2024-08-21 00:00:00-04:00,205.7837412719152,206.33076474687974,204.25785680520957,205.9468994140625,5202300,0.0
2024-08-22 00:00:00-04:00,205.92770721801395,208.05819355178016,205.6973792260983,207.89505004882812,5247100,0.0
2024-08-23 00:00:00-04:00,208.82594575716917,210.3518303146011,207.770294063869,209.50730895996094,7214000,0.0
2024-08-26 00:00:00-04:00,210.17907434771442,210.82205685305937,209.25779166440867,210.33262634277344,5105200,0.0
2024-08-27 00:00:00-04:00,210.65894306314183,211.5322536842561,210.35185367323294,211.3019256591797,5185200,0.0
2024-08-28 00:00:00-04:00,210.40942013221067,213.25007370690733,210.35184179007584,212.36715698242188,6506400,0.0
2024-08-29 00:00:00-04:00,213.19248330758634,213.98901788500726,210.11192481779804,213.2500762939453,6416100,0.0
2024-08-30 00:00:00-04:00,213.52837890369267,216.38821556365377,212.98135535356386,215.7356414794922,8574100,0.0
2024-09-03 00:00:00-04:00,213.336424500989,215.06384784728323,210.39981213405102,211.4170684814453,8956100,0.0
2024-09-04 00:00:00-04:00,212.12723207920712,213.1157139537024,208.45167799328414,210.48619079589844,7389500,0.0
2024-09-05 00:00:00-04:00,211.27311444323652,211.8969139547451,207.31924560820755,208.854736328125,8067900,0.0
2024-09-06 00:00:00-04:00,208.8259326693763,209.9199649722642,202.57841969666674,203.8931884765625,7777000,0.0
2024-09-09 00:00:00-04:00,206.51312105129102,209.35375986693387,205.54383685302398,208.0677947998047,8935100,0.0
2024-09-10 00:00:00-04:00,209.78561744862617,209.82399812562028,192.52100489184315,197.2714080810547,28406900,0.0
2024-09-11 00:00:00-04:00,196.97391086092546,199.3251190484655,193.6918138354718,198.8740692138672,13658700,0.0
2024-09-12 00:00:00-04:00,199.27715101962826,200.3615919553569,196.62844474311245,198.26950073242188,9054400,0.0
2024-09-13 00:00:00-04:00,198.5190120847975,199.4690986741892,194.833851700199,196.08143615722656,10226700,0.0
2024-09-16 00:00:00-04:00,197.5305381683303,199.81457665233654,197.30021016072058,199.4786834716797,8634900,0.0
2024-09-17 00:00:00-04:00,199.35392255393126,201.46521139164926,199.28675270326914,200.81263732910156,7573300,0.0
2024-09-18 00:00:00-04:00,200.58229137057424,202.81834284396587,198.3654375571648,199.16197204589844,8259900,0.0
2024-09-19 00:00:00-04:00,201.32127025220836,203.36538928713296,198.97965334983056,201.9930419921875,11635200,0.0
2024-09-20 00:00:00-04:00,201.46520015567114,202.89512568030523,201.05254563504943,202.57843017578125,20885000,0.0
2024-09-23 00:00:00-04:00,202.49207645675105,203.25982185543435,201.52280686007273,202.91433715820312,7223500,0.0
2024-09-24 00:00:00-04:00,202.63601263414566,204.3634360377964,201.88746493315114,203.0582733154297,7323200,0.0
2024-09-25 00:00:00-04:00,203.1446478984502,203.68207992104146,200.19844382266885,201.71473693847656,8976500,0.0
2024-09-26 00:00:00-04:00,202.61681440246963,203.16382323049552,200.58228714937277,201.3212432861328,7807500,0.0
2024-09-27 00:00:00-04:00,202.1561834046356,203.87401538274102,200.88941594295318,202.01223754882812,7032500,0.0
2024-09-30 00:00:00-04:00,197.99117378793656,202.45368545325593,196.98350891876606,202.3577117919922,8663800,0.0
2024-10-01 00:00:00-04:00,200.47672835038065,200.6590695133516,197.87600917065313,198.6917266845703,8540100,0.0
2024-10-02 00:00:00-04:00,198.73013169432915,200.52472495596922,197.39617979497947,198.93165588378906,5810900,0.0
2024-10-03 00:00:00-04:00,197.8568269060444,198.16393091884422,196.10061427209934,196.95472717285156,7251300,0.0
2024-10-04 00:00:00-04:00,202.0915171398113,204.37988743060353,199.78383154222516,203.9453887939453,10211700,1.25
2024-10-07 00:00:00-04:00,203.76190602752735,205.98269458084312,202.46806055788844,203.66534423828125,6718900,0.0
2024-10-08 00:00:00-04:00,203.32740337902976,204.05157258412177,201.20317665741186,203.49154663085938,6021800,0.0
2024-10-09 00:00:00-04:00,202.47769976692018,206.8613454534999,202.1687285781039,206.069580078125,7024000,0.0
2024-10-10 00:00:00-04:00,207.41171960680364,207.41171960680364,204.18675618891916,205.5095672607422,7927100,0.0
2024-10-11 00:00:00-04:00,208.24209865254014,216.89351339672228,207.74966888805528,214.63409423828125,18320700,0.0
2024-10-14 00:00:00-04:00,215.51276767760157,215.99554718168815,211.34156042358927,213.8520050048828,9048900,0.0
2024-10-15 00:00:00-04:00,215.95691583331498,217.68525985149523,214.18029092153253,214.73065185546875,9235800,0.0
2024-10-16 00:00:00-04:00,214.67274209136121,215.97623794909032,213.42716268516796,215.9376220703125,6382500,0.0
2024-10-17 00:00:00-04:00,216.5459374132235,218.07152251645772,215.61899422056717,216.69076538085938,6470200,0.0
2024-10-18 00:00:00-04:00,217.25074963533817,218.13906204363374,215.4161936428324,217.60800170898438,7000500,0.0
2024-10-21 00:00:00-04:00,217.46319852448005,217.92666271781536,215.22309457904748,215.3196563720703,5870000,0.0
2024-10-22 00:00:00-04:00,215.3389560319398,217.521113903058,213.48508466002997,216.40106201171875,9586800,0.0
2024-10-23 00:00:00-04:00,215.95692013506684,217.05765675812557,214.86583379761672,215.7155303955078,6180500,0.0
2024-10-24 00:00:00-04:00,214.18995560232,217.3087070595921,214.02581233964898,217.23146057128906,6002200,0.0
2024-10-25 00:00:00-04:00,217.2507524036145,217.84939420670585,213.2726544520225,214.6533966064453,6369700,0.0
2024-10-28 00:00:00-04:00,215.65762021512975,217.86874396216535,215.2713877542694,217.7335662841797,6843000,0.0
2024-10-29 00:00:00-04:00,217.45355245759362,218.94050685947278,215.13620197943288,215.2230987548828,6580000,0.0
2024-10-30 00:00:00-04:00,214.87550115342282,218.5156628404685,213.94857273050474,216.6811065673828,7110900,0.0
2024-10-31 00:00:00-04:00,216.96109290971893,217.91700157327347,214.18029315501,214.27684020996094,7829900,0.0
2024-11-01 00:00:00-04:00,215.86036059570225,218.36115478761525,215.0299792936343,215.26171875,6923500,0.0
2024-11-04 00:00:00-05:00,214.9817056480971,216.05347672838175,211.62156445041862,212.21055603027344,8229600,0.0
2024-11-05 00:00:00-05:00,212.45194122469928,214.3154777176928,212.42297563395553,213.86166381835938,5600700,0.0
2024-11-06 00:00:00-05:00,226.90637065875526,239.4586379717928,226.68429620853013,238.55101013183594,23987800,0.0
2024-11-07 00:00:00-05:00,236.07916456872846,236.14676076756385,227.11877864228583,228.23883056640625,16451100,0.0
2024-11-08 00:00:00-05:00,231.09688077350958,231.09688077350958,227.65949319123993,228.8181610107422,9502100,0.0
2024-11-11 00:00:00-05:00,231.734152593889,233.76183232238978,230.7685936247478,231.04859924316406,9017100,0.0
2024-11-12 00:00:00-05:00,232.26523494572703,233.14389722674903,230.53687597683657,231.309326171875,6861000,0.0
2024-11-13 00:00:00-05:00,232.29417630585863,235.68328295062503,232.03347126141182,232.8542022705078,11472600,0.0
2024-11-14 00:00:00-05:00,234.07080953881766,235.87640014281013,232.7479984317867,233.5397491455078,10172200,0.0
2024-11-15 00:00:00-05:00,233.1438739185833,237.93303812916133,233.1438739185833,236.86126708984375,11518800,0.0
2024-11-18 00:00:00-05:00,239.22688371269956,239.3910269686542,234.32184240561926,236.59091186523438,9051400,0.0
2024-11-19 00:00:00-05:00,233.90666165823853,236.70677679200912,233.2307733224933,234.7177276611328,6792700,0.0
2024-11-20 00:00:00-05:00,235.9825927244949,236.1853665791003,230.4209786829753,232.48727416992188,9015300,0.0
2024-11-21 00:00:00-05:00,234.8529113632746,237.03508413180523,233.771489998293,236.33021545410156,8783500,0.0
2024-11-22 00:00:00-05:00,235.219821387118,240.5690116009233,234.65979541625032,239.98968505859375,7997300,0.0
2024-11-25 00:00:00-05:00,240.99385046333052,245.55128980408418,240.48210540768852,241.66973876953125,10295400,0.0
2024-11-26 00:00:00-05:00,241.86288889278865,242.3553186985206,239.78692811975665,241.3607940673828,6212100,0.0
2024-11-27 00:00:00-05:00,240.76214760817405,242.53877266956593,240.20212160840157,241.18698120117188,5472300,0.0
2024-11-29 00:00:00-05:00,241.25456243074825,243.09878358106323,240.8586797210085,241.119384765625,5494800,0.0
2024-12-02 00:00:00-05:00,240.9552533116239,241.63114167034325,236.59092247162565,237.76890563964844,8899700,0.0
2024-12-03 00:00:00-05:00,239.68069795223073,240.4627983571973,236.20469451535047,236.38815307617188,6657700,0.0
2024-12-04 00:00:00-05:00,236.2722736572103,236.89989581875426,233.8873418565162,235.0170440673828,7346300,0.0
2024-12-05 00:00:00-05:00,236.93852436784667,238.66686850941545,236.19503980642355,237.02542114257812,6572500,0.0
2024-12-06 00:00:00-05:00,237.23783629630563,239.20758484833834,236.4074549916763,238.84066772460938,5519700,0.0
2024-12-09 00:00:00-05:00,238.61859624597477,239.3331004642951,235.36465245379455,235.41293334960938,7076500,0.0
2024-12-10 00:00:00-05:00,235.49019112567362,239.4200234478752,233.87770931432982,234.49566650390625,9108300,0.0
2024-12-11 00:00:00-05:00,235.59637673776825,235.85708177176627,233.8390524294808,235.14256286621094,7884400,0.0
2024-12-12 00:00:00-05:00,234.63081380840498,235.69293449672634,232.73831187283054,233.21144104003906,6113800,0.0
2024-12-13 00:00:00-05:00,233.7328690945859,234.3604765375674,230.9037736251097,231.6762237548828,10392700,0.0
2024-12-16 00:00:00-05:00,232.32313781366128,232.38106899290696,229.33956421642742,231.32861328125,9032000,0.0
2024-12-17 00:00:00-05:00,230.43064038196303,230.78790721651086,228.4802218867217,230.150634765625,8083600,0.0
2024-12-18 00:00:00-05:00,230.76860039603835,230.83619659782678,221.6247555113085,222.43582153320312,11322400,0.0
2024-12-19 00:00:00-05:00,224.2704073978834,228.2195404244562,224.2704073978834,224.9366455078125,11790800,0.0
2024-12-20 00:00:00-05:00,223.93242666437249,230.97135955828864,223.61379044750802,229.41680908203125,32348400,0.0
2024-12-23 00:00:00-05:00,227.9394917493917,230.40165510544298,226.79047432549615,230.17958068847656,8611500,0.0
2024-12-24 00:00:00-05:00,231.18378496668848,234.13840789117347,230.8361978696138,233.964599609375,3729100,0.0
2024-12-26 00:00:00-05:00,233.11489415476902,234.88186883103566,232.4969370056862,234.76600646972656,4451800,0.0
2024-12-27 00:00:00-05:00,234.3604804730654,235.0074032318014,231.77277470486047,232.86386108398438,5730200,0.0
2024-12-30 00:00:00-05:00,230.54651531283838,232.54521468407714,228.94368391501692,231.07757568359375,5723800,0.0
